nomfichier;E_MODELE;E_MACHINE;E_RAPPORT;E_FICHIER;E_MODE;E_COMPTEUR_Z;E_DATE;E_HEURE;D_ENREGISTREMENT;D_DESIGNATION;D_QUANTITE;D_MONTANT
Z102_01_052024_MASSENA.CSV;;MC#01;TRANSACTION;FILE102;ZZ1;0077;2024-06-01;16:16;0001;ESPECES;17.00;8967.90
Z102_01_052024_MASSENA.CSV;;MC#01;TRANSACTION;FILE102;ZZ1;0077;2024-06-01;16:16;0002;SOUS-TOTAL;0.00;0.00
Z102_01_052024_MASSENA.CSV;;MC#01;TRANSACTION;FILE102;ZZ1;0077;2024-06-01;16:16;0003;CARTES;11.00;10232.30
Z102_01_052024_MASSENA.CSV;;MC#01;TRANSACTION;FILE102;ZZ1;0077;2024-06-01;16:16;0004;CHEQUES;0.00;0.00
Z102_01_052024_MASSENA.CSV;;MC#01;TRANSACTION;FILE102;ZZ1;0077;2024-06-01;16:16;0005;AIDE;0.00;0.00
Z102_01_052024_MASSENA.CSV;;MC#01;TRANSACTION;FILE102;ZZ1;0077;2024-06-01;16:16;0006;TAX PGM;0.00;0.00
Z102_01_052024_MASSENA.CSV;;MC#01;TRANSACTION;FILE102;ZZ1;0077;2024-06-01;16:16;0007;SORTIECAISSE;0.00;0.00
Z102_01_052024_MASSENA.CSV;;MC#01;TRANSACTION;FILE102;ZZ1;0077;2024-06-01;16:16;0008;REC&ACCOMPTE;0.00;0.00
Z102_01_052024_MASSENA.CSV;;MC#01;TRANSACTION;FILE102;ZZ1;0077;2024-06-01;16:16;0009;SIGN-OFF;0.00;0.00
Z102_01_052024_MASSENA.CSV;;MC#01;TRANSACTION;FILE102;ZZ1;0077;2024-06-01;16:16;0010;NUM CAISSIER;0.00;0.00
Z102_01_052024_MASSENA.CSV;;MC#01;TRANSACTION;FILE102;ZZ1;0077;2024-06-01;16:16;0011;SHIFT/No;0.00;0.00
Z102_01_052024_MASSENA.CSV;;MC#01;TRANSACTION;FILE102;ZZ1;0077;2024-06-01;16:16;0012;DWN;0.00;0.00
Z102_01_052024_MASSENA.CSV;;MC#01;TRANSACTION;FILE102;ZZ1;0077;2024-06-01;16:16;0013;REMISE %-;0.00;0.00
Z102_01_052024_MASSENA.CSV;;MC#01;TRANSACTION;FILE102;ZZ1;0077;2024-06-01;16:16;0014;REMISE -;0.00;0.00
Z102_01_052024_MASSENA.CSV;;MC#01;TRANSACTION;FILE102;ZZ1;0077;2024-06-01;16:16;0015;PLU;0.00;0.00
Z102_01_052024_MASSENA.CSV;;MC#01;TRANSACTION;FILE102;ZZ1;0077;2024-06-01;16:16;0016;PRIX;0.00;0.00
Z102_01_052024_MASSENA.CSV;;MC#01;TRANSACTION;FILE102;ZZ1;0077;2024-06-01;16:16;0017;TICKETON/OFF;0.00;0.00
Z102_01_052024_MASSENA.CSV;;MC#01;TRANSACTION;FILE102;ZZ1;0077;2024-06-01;16:16;0018;CORRECTION;0.00;0.00
Z102_01_052024_MASSENA.CSV;;MC#01;TRANSACTION;FILE102;ZZ1;0077;2024-06-01;16:16;0019;RETOUR;0.00;0.00
Z102_01_052024_MASSENA.CSV;;MC#01;TRANSACTION;FILE102;ZZ1;0077;2024-06-01;16:16;0020;OUVERTURE;0.00;0.00
Z102_01_052024_MASSENA.CSV;;MC#01;TRANSACTION;FILE102;ZZ1;0077;2024-06-01;16:16;0021;RAPPELTICKET;0.00;0.00
Z102_01_052024_MASSENA.CSV;;MC#01;TRANSACTION;FILE102;ZZ1;0077;2024-06-01;16:16;0022;00;0.00;0.00
Z102_01_052024_MASSENA.CSV;;MC#01;TRANSACTION;FILE102;ZZ1;0077;2024-06-01;16:16;0023;.;0.00;0.00
Z102_01_052024_MASSENA.CSV;;MC#01;TRANSACTION;FILE102;ZZ1;0077;2024-06-01;16:16;0024;IMPRIME TVA;0.00;0.00
Z102_01_052024_MASSENA.CSV;;MC#01;TRANSACTION;FILE102;ZZ1;0077;2024-06-01;16:16;0025;TIROIR;0.00;0.00
Z102_01_052024_MASSENA.CSV;;MC#01;TRANSACTION;FILE102;ZZ1;0077;2024-06-01;16:16;0026;COUPON;0.00;0.00
Z102_01_052024_MASSENA.CSV;;MC#01;TRANSACTION;FILE102;ZZ1;0077;2024-06-01;16:16;0027;UP;0.00;0.00
Z102_01_052024_MASSENA.CSV;;MC#01;TRANSACTION;FILE102;ZZ1;0077;2024-06-01;16:16;0028;CHANGE;0.00;0.00
Z102_01_052024_MASSENA.CSV;;MC#01;TRANSACTION;FILE102;ZZ1;0077;2024-06-01;16:16;0029;X;0.00;0.00
Z102_01_052024_MASSENA.CSV;;MC#01;TRANSACTION;FILE102;ZZ1;0077;2024-06-01;16:16;0030;REFERENCE;0.00;0.00
Z102_01_052024_MASSENA.CSV;;MC#01;TRANSACTION;FILE102;ZZ1;0077;2024-06-01;16:16;0031;REF./TIROIR;1.00;0.00
Z102_01_052024_MASSENA.CSV;;MC#01;TRANSACTION;FILE102;ZZ1;0077;2024-06-01;16:16;0032;ANNULATION;0.00;0.00
Z102_01_052024_MASSENA.CSV;;MC#01;TRANSACTION;FILE102;ZZ1;0077;2024-06-01;16:16;0033;;0.00;0.00
Z102_01_052024_MASSENA.CSV;;MC#01;TRANSACTION;FILE102;ZZ1;0077;2024-06-01;16:16;0034;;0.00;0.00
Z102_01_052024_MASSENA.CSV;;MC#01;TRANSACTION;FILE102;ZZ1;0077;2024-06-01;16:16;0035;;0.00;0.00
Z102_01_052024_MASSENA.CSV;;MC#01;TRANSACTION;FILE102;ZZ1;0077;2024-06-01;16:16;0036;;0.00;0.00
Z102_01_052024_MASSENA.CSV;;MC#01;TRANSACTION;FILE102;ZZ1;0077;2024-06-01;16:16;0037;;0.00;0.00
Z102_01_052024_MASSENA.CSV;;MC#01;TRANSACTION;FILE102;ZZ1;0077;2024-06-01;16:16;0038;;0.00;0.00
Z102_01_052024_MASSENA.CSV;;MC#01;TRANSACTION;FILE102;ZZ1;0077;2024-06-01;16:16;0039;;0.00;0.00
Z102_01_052024_MASSENA.CSV;;MC#01;TRANSACTION;FILE102;ZZ1;0077;2024-06-01;16:16;0040;;0.00;0.00
Z102_01_052024_MASSENA.CSV;;MC#01;TRANSACTION;FILE102;ZZ1;0077;2024-06-01;16:16;0041;;0.00;0.00
Z102_01_052024_MASSENA.CSV;;MC#01;TRANSACTION;FILE102;ZZ1;0077;2024-06-01;16:16;0042;;0.00;0.00
Z102_01_052024_MASSENA.CSV;;MC#01;TRANSACTION;FILE102;ZZ1;0077;2024-06-01;16:16;0043;;0.00;0.00
Z102_01_052024_MASSENA.CSV;;MC#01;TRANSACTION;FILE102;ZZ1;0077;2024-06-01;16:16;0044;;0.00;0.00
Z102_01_052024_MASSENA.CSV;;MC#01;TRANSACTION;FILE102;ZZ1;0077;2024-06-01;16:16;0045;;0.00;0.00
Z102_01_052024_MASSENA.CSV;;MC#01;TRANSACTION;FILE102;ZZ1;0077;2024-06-01;16:16;0046;;0.00;0.00
Z102_01_052024_MASSENA.CSV;;MC#01;TRANSACTION;FILE102;ZZ1;0077;2024-06-01;16:16;0047;;0.00;0.00
Z102_01_052024_MASSENA.CSV;;MC#01;TRANSACTION;FILE102;ZZ1;0077;2024-06-01;16:16;0048;;0.00;0.00
Z102_01_052024_MASSENA.CSV;;MC#01;TRANSACTION;FILE102;ZZ1;0077;2024-06-01;16:16;0049;;0.00;0.00
Z102_01_052024_MASSENA.CSV;;MC#01;TRANSACTION;FILE102;ZZ1;0077;2024-06-01;16:16;0050;;0.00;0.00
Z102_01_062024_MASSENA.CSV;;MC#01;TRANSACTION;FILE102;ZZ1;0078;2024-07-01;11:33;0001;ESPECES;31.00;18295.90
Z102_01_062024_MASSENA.CSV;;MC#01;TRANSACTION;FILE102;ZZ1;0078;2024-07-01;11:33;0002;SOUS-TOTAL;0.00;0.00
Z102_01_062024_MASSENA.CSV;;MC#01;TRANSACTION;FILE102;ZZ1;0078;2024-07-01;11:33;0003;CARTES;16.00;15382.00
Z102_01_062024_MASSENA.CSV;;MC#01;TRANSACTION;FILE102;ZZ1;0078;2024-07-01;11:33;0004;CHEQUES;0.00;0.00
Z102_01_062024_MASSENA.CSV;;MC#01;TRANSACTION;FILE102;ZZ1;0078;2024-07-01;11:33;0005;AIDE;0.00;0.00
Z102_01_062024_MASSENA.CSV;;MC#01;TRANSACTION;FILE102;ZZ1;0078;2024-07-01;11:33;0006;TAX PGM;0.00;0.00
Z102_01_062024_MASSENA.CSV;;MC#01;TRANSACTION;FILE102;ZZ1;0078;2024-07-01;11:33;0007;SORTIECAISSE;0.00;0.00
Z102_01_062024_MASSENA.CSV;;MC#01;TRANSACTION;FILE102;ZZ1;0078;2024-07-01;11:33;0008;REC&ACCOMPTE;0.00;0.00
Z102_01_062024_MASSENA.CSV;;MC#01;TRANSACTION;FILE102;ZZ1;0078;2024-07-01;11:33;0009;SIGN-OFF;0.00;0.00
Z102_01_062024_MASSENA.CSV;;MC#01;TRANSACTION;FILE102;ZZ1;0078;2024-07-01;11:33;0010;NUM CAISSIER;0.00;0.00
Z102_01_062024_MASSENA.CSV;;MC#01;TRANSACTION;FILE102;ZZ1;0078;2024-07-01;11:33;0011;SHIFT/No;0.00;0.00
Z102_01_062024_MASSENA.CSV;;MC#01;TRANSACTION;FILE102;ZZ1;0078;2024-07-01;11:33;0012;DWN;0.00;0.00
Z102_01_062024_MASSENA.CSV;;MC#01;TRANSACTION;FILE102;ZZ1;0078;2024-07-01;11:33;0013;REMISE %-;0.00;0.00
Z102_01_062024_MASSENA.CSV;;MC#01;TRANSACTION;FILE102;ZZ1;0078;2024-07-01;11:33;0014;REMISE -;0.00;0.00
Z102_01_062024_MASSENA.CSV;;MC#01;TRANSACTION;FILE102;ZZ1;0078;2024-07-01;11:33;0015;PLU;0.00;0.00
Z102_01_062024_MASSENA.CSV;;MC#01;TRANSACTION;FILE102;ZZ1;0078;2024-07-01;11:33;0016;PRIX;0.00;0.00
Z102_01_062024_MASSENA.CSV;;MC#01;TRANSACTION;FILE102;ZZ1;0078;2024-07-01;11:33;0017;TICKETON/OFF;0.00;0.00
Z102_01_062024_MASSENA.CSV;;MC#01;TRANSACTION;FILE102;ZZ1;0078;2024-07-01;11:33;0018;CORRECTION;0.00;0.00
Z102_01_062024_MASSENA.CSV;;MC#01;TRANSACTION;FILE102;ZZ1;0078;2024-07-01;11:33;0019;RETOUR;0.00;0.00
Z102_01_062024_MASSENA.CSV;;MC#01;TRANSACTION;FILE102;ZZ1;0078;2024-07-01;11:33;0020;OUVERTURE;0.00;0.00
Z102_01_062024_MASSENA.CSV;;MC#01;TRANSACTION;FILE102;ZZ1;0078;2024-07-01;11:33;0021;RAPPELTICKET;0.00;0.00
Z102_01_062024_MASSENA.CSV;;MC#01;TRANSACTION;FILE102;ZZ1;0078;2024-07-01;11:33;0022;00;0.00;0.00
Z102_01_062024_MASSENA.CSV;;MC#01;TRANSACTION;FILE102;ZZ1;0078;2024-07-01;11:33;0023;.;0.00;0.00
Z102_01_062024_MASSENA.CSV;;MC#01;TRANSACTION;FILE102;ZZ1;0078;2024-07-01;11:33;0024;IMPRIME TVA;0.00;0.00
Z102_01_062024_MASSENA.CSV;;MC#01;TRANSACTION;FILE102;ZZ1;0078;2024-07-01;11:33;0025;TIROIR;0.00;0.00
Z102_01_062024_MASSENA.CSV;;MC#01;TRANSACTION;FILE102;ZZ1;0078;2024-07-01;11:33;0026;COUPON;0.00;0.00
Z102_01_062024_MASSENA.CSV;;MC#01;TRANSACTION;FILE102;ZZ1;0078;2024-07-01;11:33;0027;UP;0.00;0.00
Z102_01_062024_MASSENA.CSV;;MC#01;TRANSACTION;FILE102;ZZ1;0078;2024-07-01;11:33;0028;CHANGE;0.00;0.00
Z102_01_062024_MASSENA.CSV;;MC#01;TRANSACTION;FILE102;ZZ1;0078;2024-07-01;11:33;0029;X;0.00;0.00
Z102_01_062024_MASSENA.CSV;;MC#01;TRANSACTION;FILE102;ZZ1;0078;2024-07-01;11:33;0030;REFERENCE;0.00;0.00
Z102_01_062024_MASSENA.CSV;;MC#01;TRANSACTION;FILE102;ZZ1;0078;2024-07-01;11:33;0031;REF./TIROIR;0.00;0.00
Z102_01_062024_MASSENA.CSV;;MC#01;TRANSACTION;FILE102;ZZ1;0078;2024-07-01;11:33;0032;ANNULATION;0.00;0.00
Z102_01_062024_MASSENA.CSV;;MC#01;TRANSACTION;FILE102;ZZ1;0078;2024-07-01;11:33;0033;;0.00;0.00
Z102_01_062024_MASSENA.CSV;;MC#01;TRANSACTION;FILE102;ZZ1;0078;2024-07-01;11:33;0034;;0.00;0.00
Z102_01_062024_MASSENA.CSV;;MC#01;TRANSACTION;FILE102;ZZ1;0078;2024-07-01;11:33;0035;;0.00;0.00
Z102_01_062024_MASSENA.CSV;;MC#01;TRANSACTION;FILE102;ZZ1;0078;2024-07-01;11:33;0036;;0.00;0.00
Z102_01_062024_MASSENA.CSV;;MC#01;TRANSACTION;FILE102;ZZ1;0078;2024-07-01;11:33;0037;;0.00;0.00
Z102_01_062024_MASSENA.CSV;;MC#01;TRANSACTION;FILE102;ZZ1;0078;2024-07-01;11:33;0038;;0.00;0.00
Z102_01_062024_MASSENA.CSV;;MC#01;TRANSACTION;FILE102;ZZ1;0078;2024-07-01;11:33;0039;;0.00;0.00
Z102_01_062024_MASSENA.CSV;;MC#01;TRANSACTION;FILE102;ZZ1;0078;2024-07-01;11:33;0040;;0.00;0.00
Z102_01_062024_MASSENA.CSV;;MC#01;TRANSACTION;FILE102;ZZ1;0078;2024-07-01;11:33;0041;;0.00;0.00
Z102_01_062024_MASSENA.CSV;;MC#01;TRANSACTION;FILE102;ZZ1;0078;2024-07-01;11:33;0042;;0.00;0.00
Z102_01_062024_MASSENA.CSV;;MC#01;TRANSACTION;FILE102;ZZ1;0078;2024-07-01;11:33;0043;;0.00;0.00
Z102_01_062024_MASSENA.CSV;;MC#01;TRANSACTION;FILE102;ZZ1;0078;2024-07-01;11:33;0044;;0.00;0.00
Z102_01_062024_MASSENA.CSV;;MC#01;TRANSACTION;FILE102;ZZ1;0078;2024-07-01;11:33;0045;;0.00;0.00
Z102_01_062024_MASSENA.CSV;;MC#01;TRANSACTION;FILE102;ZZ1;0078;2024-07-01;11:33;0046;;0.00;0.00
Z102_01_062024_MASSENA.CSV;;MC#01;TRANSACTION;FILE102;ZZ1;0078;2024-07-01;11:33;0047;;0.00;0.00
Z102_01_062024_MASSENA.CSV;;MC#01;TRANSACTION;FILE102;ZZ1;0078;2024-07-01;11:33;0048;;0.00;0.00
Z102_01_062024_MASSENA.CSV;;MC#01;TRANSACTION;FILE102;ZZ1;0078;2024-07-01;11:33;0049;;0.00;0.00
Z102_01_062024_MASSENA.CSV;;MC#01;TRANSACTION;FILE102;ZZ1;0078;2024-07-01;11:33;0050;;0.00;0.00
Z102_01_092024_MASSENA.CSV;;MC#01;TRANSACTION;FILE102;ZZ1;0081;2024-10-01;15:46;0001;ESPECES;22.00;12235.90
Z102_01_092024_MASSENA.CSV;;MC#01;TRANSACTION;FILE102;ZZ1;0081;2024-10-01;15:46;0002;SOUS-TOTAL;0.00;0.00
Z102_01_092024_MASSENA.CSV;;MC#01;TRANSACTION;FILE102;ZZ1;0081;2024-10-01;15:46;0003;CARTES;3.00;1214.00
Z102_01_092024_MASSENA.CSV;;MC#01;TRANSACTION;FILE102;ZZ1;0081;2024-10-01;15:46;0004;CHEQUES;0.00;0.00
Z102_01_092024_MASSENA.CSV;;MC#01;TRANSACTION;FILE102;ZZ1;0081;2024-10-01;15:46;0005;AIDE;0.00;0.00
Z102_01_092024_MASSENA.CSV;;MC#01;TRANSACTION;FILE102;ZZ1;0081;2024-10-01;15:46;0006;TAX PGM;0.00;0.00
Z102_01_092024_MASSENA.CSV;;MC#01;TRANSACTION;FILE102;ZZ1;0081;2024-10-01;15:46;0007;SORTIECAISSE;0.00;0.00
Z102_01_092024_MASSENA.CSV;;MC#01;TRANSACTION;FILE102;ZZ1;0081;2024-10-01;15:46;0008;REC&ACCOMPTE;0.00;0.00
Z102_01_092024_MASSENA.CSV;;MC#01;TRANSACTION;FILE102;ZZ1;0081;2024-10-01;15:46;0009;SIGN-OFF;0.00;0.00
Z102_01_092024_MASSENA.CSV;;MC#01;TRANSACTION;FILE102;ZZ1;0081;2024-10-01;15:46;0010;NUM CAISSIER;0.00;0.00
Z102_01_092024_MASSENA.CSV;;MC#01;TRANSACTION;FILE102;ZZ1;0081;2024-10-01;15:46;0011;SHIFT/No;0.00;0.00
Z102_01_092024_MASSENA.CSV;;MC#01;TRANSACTION;FILE102;ZZ1;0081;2024-10-01;15:46;0012;DWN;0.00;0.00
Z102_01_092024_MASSENA.CSV;;MC#01;TRANSACTION;FILE102;ZZ1;0081;2024-10-01;15:46;0013;REMISE %-;0.00;0.00
Z102_01_092024_MASSENA.CSV;;MC#01;TRANSACTION;FILE102;ZZ1;0081;2024-10-01;15:46;0014;REMISE -;0.00;0.00
Z102_01_092024_MASSENA.CSV;;MC#01;TRANSACTION;FILE102;ZZ1;0081;2024-10-01;15:46;0015;PLU;0.00;0.00
Z102_01_092024_MASSENA.CSV;;MC#01;TRANSACTION;FILE102;ZZ1;0081;2024-10-01;15:46;0016;PRIX;0.00;0.00
Z102_01_092024_MASSENA.CSV;;MC#01;TRANSACTION;FILE102;ZZ1;0081;2024-10-01;15:46;0017;TICKETON/OFF;0.00;0.00
Z102_01_092024_MASSENA.CSV;;MC#01;TRANSACTION;FILE102;ZZ1;0081;2024-10-01;15:46;0018;CORRECTION;0.00;0.00
Z102_01_092024_MASSENA.CSV;;MC#01;TRANSACTION;FILE102;ZZ1;0081;2024-10-01;15:46;0019;RETOUR;0.00;0.00
Z102_01_092024_MASSENA.CSV;;MC#01;TRANSACTION;FILE102;ZZ1;0081;2024-10-01;15:46;0020;OUVERTURE;0.00;0.00
Z102_01_092024_MASSENA.CSV;;MC#01;TRANSACTION;FILE102;ZZ1;0081;2024-10-01;15:46;0021;RAPPELTICKET;0.00;0.00
Z102_01_092024_MASSENA.CSV;;MC#01;TRANSACTION;FILE102;ZZ1;0081;2024-10-01;15:46;0022;00;0.00;0.00
Z102_01_092024_MASSENA.CSV;;MC#01;TRANSACTION;FILE102;ZZ1;0081;2024-10-01;15:46;0023;.;0.00;0.00
Z102_01_092024_MASSENA.CSV;;MC#01;TRANSACTION;FILE102;ZZ1;0081;2024-10-01;15:46;0024;IMPRIME TVA;0.00;0.00
Z102_01_092024_MASSENA.CSV;;MC#01;TRANSACTION;FILE102;ZZ1;0081;2024-10-01;15:46;0025;TIROIR;0.00;0.00
Z102_01_092024_MASSENA.CSV;;MC#01;TRANSACTION;FILE102;ZZ1;0081;2024-10-01;15:46;0026;COUPON;0.00;0.00
Z102_01_092024_MASSENA.CSV;;MC#01;TRANSACTION;FILE102;ZZ1;0081;2024-10-01;15:46;0027;UP;0.00;0.00
Z102_01_092024_MASSENA.CSV;;MC#01;TRANSACTION;FILE102;ZZ1;0081;2024-10-01;15:46;0028;CHANGE;0.00;0.00
Z102_01_092024_MASSENA.CSV;;MC#01;TRANSACTION;FILE102;ZZ1;0081;2024-10-01;15:46;0029;X;0.00;0.00
Z102_01_092024_MASSENA.CSV;;MC#01;TRANSACTION;FILE102;ZZ1;0081;2024-10-01;15:46;0030;REFERENCE;0.00;0.00
Z102_01_092024_MASSENA.CSV;;MC#01;TRANSACTION;FILE102;ZZ1;0081;2024-10-01;15:46;0031;REF./TIROIR;0.00;0.00
Z102_01_092024_MASSENA.CSV;;MC#01;TRANSACTION;FILE102;ZZ1;0081;2024-10-01;15:46;0032;ANNULATION;0.00;0.00
Z102_01_092024_MASSENA.CSV;;MC#01;TRANSACTION;FILE102;ZZ1;0081;2024-10-01;15:46;0033;;0.00;0.00
Z102_01_092024_MASSENA.CSV;;MC#01;TRANSACTION;FILE102;ZZ1;0081;2024-10-01;15:46;0034;;0.00;0.00
Z102_01_092024_MASSENA.CSV;;MC#01;TRANSACTION;FILE102;ZZ1;0081;2024-10-01;15:46;0035;;0.00;0.00
Z102_01_092024_MASSENA.CSV;;MC#01;TRANSACTION;FILE102;ZZ1;0081;2024-10-01;15:46;0036;;0.00;0.00
Z102_01_092024_MASSENA.CSV;;MC#01;TRANSACTION;FILE102;ZZ1;0081;2024-10-01;15:46;0037;;0.00;0.00
Z102_01_092024_MASSENA.CSV;;MC#01;TRANSACTION;FILE102;ZZ1;0081;2024-10-01;15:46;0038;;0.00;0.00
Z102_01_092024_MASSENA.CSV;;MC#01;TRANSACTION;FILE102;ZZ1;0081;2024-10-01;15:46;0039;;0.00;0.00
Z102_01_092024_MASSENA.CSV;;MC#01;TRANSACTION;FILE102;ZZ1;0081;2024-10-01;15:46;0040;;0.00;0.00
Z102_01_092024_MASSENA.CSV;;MC#01;TRANSACTION;FILE102;ZZ1;0081;2024-10-01;15:46;0041;;0.00;0.00
Z102_01_092024_MASSENA.CSV;;MC#01;TRANSACTION;FILE102;ZZ1;0081;2024-10-01;15:46;0042;;0.00;0.00
Z102_01_092024_MASSENA.CSV;;MC#01;TRANSACTION;FILE102;ZZ1;0081;2024-10-01;15:46;0043;;0.00;0.00
Z102_01_092024_MASSENA.CSV;;MC#01;TRANSACTION;FILE102;ZZ1;0081;2024-10-01;15:46;0044;;0.00;0.00
Z102_01_092024_MASSENA.CSV;;MC#01;TRANSACTION;FILE102;ZZ1;0081;2024-10-01;15:46;0045;;0.00;0.00
Z102_01_092024_MASSENA.CSV;;MC#01;TRANSACTION;FILE102;ZZ1;0081;2024-10-01;15:46;0046;;0.00;0.00
Z102_01_092024_MASSENA.CSV;;MC#01;TRANSACTION;FILE102;ZZ1;0081;2024-10-01;15:46;0047;;0.00;0.00
Z102_01_092024_MASSENA.CSV;;MC#01;TRANSACTION;FILE102;ZZ1;0081;2024-10-01;15:46;0048;;0.00;0.00
Z102_01_092024_MASSENA.CSV;;MC#01;TRANSACTION;FILE102;ZZ1;0081;2024-10-01;15:46;0049;;0.00;0.00
Z102_01_092024_MASSENA.CSV;;MC#01;TRANSACTION;FILE102;ZZ1;0081;2024-10-01;15:46;0050;;0.00;0.00
Z102_02_012024_MASSENA.CSV;;MC#01;TRANSACTION;FILE102;ZZ1;0073;2024-02-02;10:45;0001;ESPECES;15.00;9224.00
Z102_02_012024_MASSENA.CSV;;MC#01;TRANSACTION;FILE102;ZZ1;0073;2024-02-02;10:45;0002;SOUS-TOTAL;0.00;0.00
Z102_02_012024_MASSENA.CSV;;MC#01;TRANSACTION;FILE102;ZZ1;0073;2024-02-02;10:45;0003;CARTES;6.00;2324.00
Z102_02_012024_MASSENA.CSV;;MC#01;TRANSACTION;FILE102;ZZ1;0073;2024-02-02;10:45;0004;CHEQUES;0.00;0.00
Z102_02_012024_MASSENA.CSV;;MC#01;TRANSACTION;FILE102;ZZ1;0073;2024-02-02;10:45;0005;AIDE;0.00;0.00
Z102_02_012024_MASSENA.CSV;;MC#01;TRANSACTION;FILE102;ZZ1;0073;2024-02-02;10:45;0006;TAX PGM;0.00;0.00
Z102_02_012024_MASSENA.CSV;;MC#01;TRANSACTION;FILE102;ZZ1;0073;2024-02-02;10:45;0007;SORTIECAISSE;0.00;0.00
Z102_02_012024_MASSENA.CSV;;MC#01;TRANSACTION;FILE102;ZZ1;0073;2024-02-02;10:45;0008;REC&ACCOMPTE;0.00;0.00
Z102_02_012024_MASSENA.CSV;;MC#01;TRANSACTION;FILE102;ZZ1;0073;2024-02-02;10:45;0009;SIGN-OFF;0.00;0.00
Z102_02_012024_MASSENA.CSV;;MC#01;TRANSACTION;FILE102;ZZ1;0073;2024-02-02;10:45;0010;NUM CAISSIER;0.00;0.00
Z102_02_012024_MASSENA.CSV;;MC#01;TRANSACTION;FILE102;ZZ1;0073;2024-02-02;10:45;0011;SHIFT/No;0.00;0.00
Z102_02_012024_MASSENA.CSV;;MC#01;TRANSACTION;FILE102;ZZ1;0073;2024-02-02;10:45;0012;DWN;0.00;0.00
Z102_02_012024_MASSENA.CSV;;MC#01;TRANSACTION;FILE102;ZZ1;0073;2024-02-02;10:45;0013;REMISE %-;0.00;0.00
Z102_02_012024_MASSENA.CSV;;MC#01;TRANSACTION;FILE102;ZZ1;0073;2024-02-02;10:45;0014;REMISE -;0.00;0.00
Z102_02_012024_MASSENA.CSV;;MC#01;TRANSACTION;FILE102;ZZ1;0073;2024-02-02;10:45;0015;PLU;0.00;0.00
Z102_02_012024_MASSENA.CSV;;MC#01;TRANSACTION;FILE102;ZZ1;0073;2024-02-02;10:45;0016;PRIX;0.00;0.00
Z102_02_012024_MASSENA.CSV;;MC#01;TRANSACTION;FILE102;ZZ1;0073;2024-02-02;10:45;0017;TICKETON/OFF;0.00;0.00
Z102_02_012024_MASSENA.CSV;;MC#01;TRANSACTION;FILE102;ZZ1;0073;2024-02-02;10:45;0018;CORRECTION;0.00;0.00
Z102_02_012024_MASSENA.CSV;;MC#01;TRANSACTION;FILE102;ZZ1;0073;2024-02-02;10:45;0019;RETOUR;0.00;0.00
Z102_02_012024_MASSENA.CSV;;MC#01;TRANSACTION;FILE102;ZZ1;0073;2024-02-02;10:45;0020;OUVERTURE;0.00;0.00
Z102_02_012024_MASSENA.CSV;;MC#01;TRANSACTION;FILE102;ZZ1;0073;2024-02-02;10:45;0021;RAPPELTICKET;0.00;0.00
Z102_02_012024_MASSENA.CSV;;MC#01;TRANSACTION;FILE102;ZZ1;0073;2024-02-02;10:45;0022;00;0.00;0.00
Z102_02_012024_MASSENA.CSV;;MC#01;TRANSACTION;FILE102;ZZ1;0073;2024-02-02;10:45;0023;.;0.00;0.00
Z102_02_012024_MASSENA.CSV;;MC#01;TRANSACTION;FILE102;ZZ1;0073;2024-02-02;10:45;0024;IMPRIME TVA;0.00;0.00
Z102_02_012024_MASSENA.CSV;;MC#01;TRANSACTION;FILE102;ZZ1;0073;2024-02-02;10:45;0025;TIROIR;0.00;0.00
Z102_02_012024_MASSENA.CSV;;MC#01;TRANSACTION;FILE102;ZZ1;0073;2024-02-02;10:45;0026;COUPON;0.00;0.00
Z102_02_012024_MASSENA.CSV;;MC#01;TRANSACTION;FILE102;ZZ1;0073;2024-02-02;10:45;0027;UP;0.00;0.00
Z102_02_012024_MASSENA.CSV;;MC#01;TRANSACTION;FILE102;ZZ1;0073;2024-02-02;10:45;0028;CHANGE;0.00;0.00
Z102_02_012024_MASSENA.CSV;;MC#01;TRANSACTION;FILE102;ZZ1;0073;2024-02-02;10:45;0029;X;0.00;0.00
Z102_02_012024_MASSENA.CSV;;MC#01;TRANSACTION;FILE102;ZZ1;0073;2024-02-02;10:45;0030;REFERENCE;0.00;0.00
Z102_02_012024_MASSENA.CSV;;MC#01;TRANSACTION;FILE102;ZZ1;0073;2024-02-02;10:45;0031;REF./TIROIR;0.00;0.00
Z102_02_012024_MASSENA.CSV;;MC#01;TRANSACTION;FILE102;ZZ1;0073;2024-02-02;10:45;0032;ANNULATION;0.00;0.00
Z102_02_012024_MASSENA.CSV;;MC#01;TRANSACTION;FILE102;ZZ1;0073;2024-02-02;10:45;0033;;0.00;0.00
Z102_02_012024_MASSENA.CSV;;MC#01;TRANSACTION;FILE102;ZZ1;0073;2024-02-02;10:45;0034;;0.00;0.00
Z102_02_012024_MASSENA.CSV;;MC#01;TRANSACTION;FILE102;ZZ1;0073;2024-02-02;10:45;0035;;0.00;0.00
Z102_02_012024_MASSENA.CSV;;MC#01;TRANSACTION;FILE102;ZZ1;0073;2024-02-02;10:45;0036;;0.00;0.00
Z102_02_012024_MASSENA.CSV;;MC#01;TRANSACTION;FILE102;ZZ1;0073;2024-02-02;10:45;0037;;0.00;0.00
Z102_02_012024_MASSENA.CSV;;MC#01;TRANSACTION;FILE102;ZZ1;0073;2024-02-02;10:45;0038;;0.00;0.00
Z102_02_012024_MASSENA.CSV;;MC#01;TRANSACTION;FILE102;ZZ1;0073;2024-02-02;10:45;0039;;0.00;0.00
Z102_02_012024_MASSENA.CSV;;MC#01;TRANSACTION;FILE102;ZZ1;0073;2024-02-02;10:45;0040;;0.00;0.00
Z102_02_012024_MASSENA.CSV;;MC#01;TRANSACTION;FILE102;ZZ1;0073;2024-02-02;10:45;0041;;0.00;0.00
Z102_02_012024_MASSENA.CSV;;MC#01;TRANSACTION;FILE102;ZZ1;0073;2024-02-02;10:45;0042;;0.00;0.00
Z102_02_012024_MASSENA.CSV;;MC#01;TRANSACTION;FILE102;ZZ1;0073;2024-02-02;10:45;0043;;0.00;0.00
Z102_02_012024_MASSENA.CSV;;MC#01;TRANSACTION;FILE102;ZZ1;0073;2024-02-02;10:45;0044;;0.00;0.00
Z102_02_012024_MASSENA.CSV;;MC#01;TRANSACTION;FILE102;ZZ1;0073;2024-02-02;10:45;0045;;0.00;0.00
Z102_02_012024_MASSENA.CSV;;MC#01;TRANSACTION;FILE102;ZZ1;0073;2024-02-02;10:45;0046;;0.00;0.00
Z102_02_012024_MASSENA.CSV;;MC#01;TRANSACTION;FILE102;ZZ1;0073;2024-02-02;10:45;0047;;0.00;0.00
Z102_02_012024_MASSENA.CSV;;MC#01;TRANSACTION;FILE102;ZZ1;0073;2024-02-02;10:45;0048;;0.00;0.00
Z102_02_012024_MASSENA.CSV;;MC#01;TRANSACTION;FILE102;ZZ1;0073;2024-02-02;10:45;0049;;0.00;0.00
Z102_02_012024_MASSENA.CSV;;MC#01;TRANSACTION;FILE102;ZZ1;0073;2024-02-02;10:45;0050;;0.00;0.00
Z102_02_022024_MASSENA.CSV;;MC#01;TRANSACTION;FILE102;ZZ1;0074;2024-03-02;14:50;0001;ESPECES;13.00;7040.00
Z102_02_022024_MASSENA.CSV;;MC#01;TRANSACTION;FILE102;ZZ1;0074;2024-03-02;14:50;0002;SOUS-TOTAL;0.00;0.00
Z102_02_022024_MASSENA.CSV;;MC#01;TRANSACTION;FILE102;ZZ1;0074;2024-03-02;14:50;0003;CARTES;11.00;4954.00
Z102_02_022024_MASSENA.CSV;;MC#01;TRANSACTION;FILE102;ZZ1;0074;2024-03-02;14:50;0004;CHEQUES;0.00;0.00
Z102_02_022024_MASSENA.CSV;;MC#01;TRANSACTION;FILE102;ZZ1;0074;2024-03-02;14:50;0005;AIDE;0.00;0.00
Z102_02_022024_MASSENA.CSV;;MC#01;TRANSACTION;FILE102;ZZ1;0074;2024-03-02;14:50;0006;TAX PGM;0.00;0.00
Z102_02_022024_MASSENA.CSV;;MC#01;TRANSACTION;FILE102;ZZ1;0074;2024-03-02;14:50;0007;SORTIECAISSE;0.00;0.00
Z102_02_022024_MASSENA.CSV;;MC#01;TRANSACTION;FILE102;ZZ1;0074;2024-03-02;14:50;0008;REC&ACCOMPTE;0.00;0.00
Z102_02_022024_MASSENA.CSV;;MC#01;TRANSACTION;FILE102;ZZ1;0074;2024-03-02;14:50;0009;SIGN-OFF;0.00;0.00
Z102_02_022024_MASSENA.CSV;;MC#01;TRANSACTION;FILE102;ZZ1;0074;2024-03-02;14:50;0010;NUM CAISSIER;0.00;0.00
Z102_02_022024_MASSENA.CSV;;MC#01;TRANSACTION;FILE102;ZZ1;0074;2024-03-02;14:50;0011;SHIFT/No;0.00;0.00
Z102_02_022024_MASSENA.CSV;;MC#01;TRANSACTION;FILE102;ZZ1;0074;2024-03-02;14:50;0012;DWN;0.00;0.00
Z102_02_022024_MASSENA.CSV;;MC#01;TRANSACTION;FILE102;ZZ1;0074;2024-03-02;14:50;0013;REMISE %-;0.00;0.00
Z102_02_022024_MASSENA.CSV;;MC#01;TRANSACTION;FILE102;ZZ1;0074;2024-03-02;14:50;0014;REMISE -;0.00;0.00
Z102_02_022024_MASSENA.CSV;;MC#01;TRANSACTION;FILE102;ZZ1;0074;2024-03-02;14:50;0015;PLU;0.00;0.00
Z102_02_022024_MASSENA.CSV;;MC#01;TRANSACTION;FILE102;ZZ1;0074;2024-03-02;14:50;0016;PRIX;0.00;0.00
Z102_02_022024_MASSENA.CSV;;MC#01;TRANSACTION;FILE102;ZZ1;0074;2024-03-02;14:50;0017;TICKETON/OFF;0.00;0.00
Z102_02_022024_MASSENA.CSV;;MC#01;TRANSACTION;FILE102;ZZ1;0074;2024-03-02;14:50;0018;CORRECTION;0.00;0.00
Z102_02_022024_MASSENA.CSV;;MC#01;TRANSACTION;FILE102;ZZ1;0074;2024-03-02;14:50;0019;RETOUR;0.00;0.00
Z102_02_022024_MASSENA.CSV;;MC#01;TRANSACTION;FILE102;ZZ1;0074;2024-03-02;14:50;0020;OUVERTURE;0.00;0.00
Z102_02_022024_MASSENA.CSV;;MC#01;TRANSACTION;FILE102;ZZ1;0074;2024-03-02;14:50;0021;RAPPELTICKET;0.00;0.00
Z102_02_022024_MASSENA.CSV;;MC#01;TRANSACTION;FILE102;ZZ1;0074;2024-03-02;14:50;0022;00;0.00;0.00
Z102_02_022024_MASSENA.CSV;;MC#01;TRANSACTION;FILE102;ZZ1;0074;2024-03-02;14:50;0023;.;0.00;0.00
Z102_02_022024_MASSENA.CSV;;MC#01;TRANSACTION;FILE102;ZZ1;0074;2024-03-02;14:50;0024;IMPRIME TVA;0.00;0.00
Z102_02_022024_MASSENA.CSV;;MC#01;TRANSACTION;FILE102;ZZ1;0074;2024-03-02;14:50;0025;TIROIR;0.00;0.00
Z102_02_022024_MASSENA.CSV;;MC#01;TRANSACTION;FILE102;ZZ1;0074;2024-03-02;14:50;0026;COUPON;0.00;0.00
Z102_02_022024_MASSENA.CSV;;MC#01;TRANSACTION;FILE102;ZZ1;0074;2024-03-02;14:50;0027;UP;0.00;0.00
Z102_02_022024_MASSENA.CSV;;MC#01;TRANSACTION;FILE102;ZZ1;0074;2024-03-02;14:50;0028;CHANGE;0.00;0.00
Z102_02_022024_MASSENA.CSV;;MC#01;TRANSACTION;FILE102;ZZ1;0074;2024-03-02;14:50;0029;X;0.00;0.00
Z102_02_022024_MASSENA.CSV;;MC#01;TRANSACTION;FILE102;ZZ1;0074;2024-03-02;14:50;0030;REFERENCE;0.00;0.00
Z102_02_022024_MASSENA.CSV;;MC#01;TRANSACTION;FILE102;ZZ1;0074;2024-03-02;14:50;0031;REF./TIROIR;1.00;0.00
Z102_02_022024_MASSENA.CSV;;MC#01;TRANSACTION;FILE102;ZZ1;0074;2024-03-02;14:50;0032;ANNULATION;0.00;0.00
Z102_02_022024_MASSENA.CSV;;MC#01;TRANSACTION;FILE102;ZZ1;0074;2024-03-02;14:50;0033;;0.00;0.00
Z102_02_022024_MASSENA.CSV;;MC#01;TRANSACTION;FILE102;ZZ1;0074;2024-03-02;14:50;0034;;0.00;0.00
Z102_02_022024_MASSENA.CSV;;MC#01;TRANSACTION;FILE102;ZZ1;0074;2024-03-02;14:50;0035;;0.00;0.00
Z102_02_022024_MASSENA.CSV;;MC#01;TRANSACTION;FILE102;ZZ1;0074;2024-03-02;14:50;0036;;0.00;0.00
Z102_02_022024_MASSENA.CSV;;MC#01;TRANSACTION;FILE102;ZZ1;0074;2024-03-02;14:50;0037;;0.00;0.00
Z102_02_022024_MASSENA.CSV;;MC#01;TRANSACTION;FILE102;ZZ1;0074;2024-03-02;14:50;0038;;0.00;0.00
Z102_02_022024_MASSENA.CSV;;MC#01;TRANSACTION;FILE102;ZZ1;0074;2024-03-02;14:50;0039;;0.00;0.00
Z102_02_022024_MASSENA.CSV;;MC#01;TRANSACTION;FILE102;ZZ1;0074;2024-03-02;14:50;0040;;0.00;0.00
Z102_02_022024_MASSENA.CSV;;MC#01;TRANSACTION;FILE102;ZZ1;0074;2024-03-02;14:50;0041;;0.00;0.00
Z102_02_022024_MASSENA.CSV;;MC#01;TRANSACTION;FILE102;ZZ1;0074;2024-03-02;14:50;0042;;0.00;0.00
Z102_02_022024_MASSENA.CSV;;MC#01;TRANSACTION;FILE102;ZZ1;0074;2024-03-02;14:50;0043;;0.00;0.00
Z102_02_022024_MASSENA.CSV;;MC#01;TRANSACTION;FILE102;ZZ1;0074;2024-03-02;14:50;0044;;0.00;0.00
Z102_02_022024_MASSENA.CSV;;MC#01;TRANSACTION;FILE102;ZZ1;0074;2024-03-02;14:50;0045;;0.00;0.00
Z102_02_022024_MASSENA.CSV;;MC#01;TRANSACTION;FILE102;ZZ1;0074;2024-03-02;14:50;0046;;0.00;0.00
Z102_02_022024_MASSENA.CSV;;MC#01;TRANSACTION;FILE102;ZZ1;0074;2024-03-02;14:50;0047;;0.00;0.00
Z102_02_022024_MASSENA.CSV;;MC#01;TRANSACTION;FILE102;ZZ1;0074;2024-03-02;14:50;0048;;0.00;0.00
Z102_02_022024_MASSENA.CSV;;MC#01;TRANSACTION;FILE102;ZZ1;0074;2024-03-02;14:50;0049;;0.00;0.00
Z102_02_022024_MASSENA.CSV;;MC#01;TRANSACTION;FILE102;ZZ1;0074;2024-03-02;14:50;0050;;0.00;0.00
Z102_02_032024_MASSENA.CSV;;MC#01;TRANSACTION;FILE102;ZZ1;0075;2024-04-02;10:00;0001;ESPECES;33.00;14266.60
Z102_02_032024_MASSENA.CSV;;MC#01;TRANSACTION;FILE102;ZZ1;0075;2024-04-02;10:00;0002;SOUS-TOTAL;0.00;0.00
Z102_02_032024_MASSENA.CSV;;MC#01;TRANSACTION;FILE102;ZZ1;0075;2024-04-02;10:00;0003;CARTES;4.00;1044.50
Z102_02_032024_MASSENA.CSV;;MC#01;TRANSACTION;FILE102;ZZ1;0075;2024-04-02;10:00;0004;CHEQUES;0.00;0.00
Z102_02_032024_MASSENA.CSV;;MC#01;TRANSACTION;FILE102;ZZ1;0075;2024-04-02;10:00;0005;AIDE;0.00;0.00
Z102_02_032024_MASSENA.CSV;;MC#01;TRANSACTION;FILE102;ZZ1;0075;2024-04-02;10:00;0006;TAX PGM;0.00;0.00
Z102_02_032024_MASSENA.CSV;;MC#01;TRANSACTION;FILE102;ZZ1;0075;2024-04-02;10:00;0007;SORTIECAISSE;0.00;0.00
Z102_02_032024_MASSENA.CSV;;MC#01;TRANSACTION;FILE102;ZZ1;0075;2024-04-02;10:00;0008;REC&ACCOMPTE;0.00;0.00
Z102_02_032024_MASSENA.CSV;;MC#01;TRANSACTION;FILE102;ZZ1;0075;2024-04-02;10:00;0009;SIGN-OFF;0.00;0.00
Z102_02_032024_MASSENA.CSV;;MC#01;TRANSACTION;FILE102;ZZ1;0075;2024-04-02;10:00;0010;NUM CAISSIER;0.00;0.00
Z102_02_032024_MASSENA.CSV;;MC#01;TRANSACTION;FILE102;ZZ1;0075;2024-04-02;10:00;0011;SHIFT/No;0.00;0.00
Z102_02_032024_MASSENA.CSV;;MC#01;TRANSACTION;FILE102;ZZ1;0075;2024-04-02;10:00;0012;DWN;0.00;0.00
Z102_02_032024_MASSENA.CSV;;MC#01;TRANSACTION;FILE102;ZZ1;0075;2024-04-02;10:00;0013;REMISE %-;0.00;0.00
Z102_02_032024_MASSENA.CSV;;MC#01;TRANSACTION;FILE102;ZZ1;0075;2024-04-02;10:00;0014;REMISE -;0.00;0.00
Z102_02_032024_MASSENA.CSV;;MC#01;TRANSACTION;FILE102;ZZ1;0075;2024-04-02;10:00;0015;PLU;0.00;0.00
Z102_02_032024_MASSENA.CSV;;MC#01;TRANSACTION;FILE102;ZZ1;0075;2024-04-02;10:00;0016;PRIX;0.00;0.00
Z102_02_032024_MASSENA.CSV;;MC#01;TRANSACTION;FILE102;ZZ1;0075;2024-04-02;10:00;0017;TICKETON/OFF;0.00;0.00
Z102_02_032024_MASSENA.CSV;;MC#01;TRANSACTION;FILE102;ZZ1;0075;2024-04-02;10:00;0018;CORRECTION;0.00;0.00
Z102_02_032024_MASSENA.CSV;;MC#01;TRANSACTION;FILE102;ZZ1;0075;2024-04-02;10:00;0019;RETOUR;0.00;0.00
Z102_02_032024_MASSENA.CSV;;MC#01;TRANSACTION;FILE102;ZZ1;0075;2024-04-02;10:00;0020;OUVERTURE;0.00;0.00
Z102_02_032024_MASSENA.CSV;;MC#01;TRANSACTION;FILE102;ZZ1;0075;2024-04-02;10:00;0021;RAPPELTICKET;0.00;0.00
Z102_02_032024_MASSENA.CSV;;MC#01;TRANSACTION;FILE102;ZZ1;0075;2024-04-02;10:00;0022;00;0.00;0.00
Z102_02_032024_MASSENA.CSV;;MC#01;TRANSACTION;FILE102;ZZ1;0075;2024-04-02;10:00;0023;.;0.00;0.00
Z102_02_032024_MASSENA.CSV;;MC#01;TRANSACTION;FILE102;ZZ1;0075;2024-04-02;10:00;0024;IMPRIME TVA;0.00;0.00
Z102_02_032024_MASSENA.CSV;;MC#01;TRANSACTION;FILE102;ZZ1;0075;2024-04-02;10:00;0025;TIROIR;0.00;0.00
Z102_02_032024_MASSENA.CSV;;MC#01;TRANSACTION;FILE102;ZZ1;0075;2024-04-02;10:00;0026;COUPON;0.00;0.00
Z102_02_032024_MASSENA.CSV;;MC#01;TRANSACTION;FILE102;ZZ1;0075;2024-04-02;10:00;0027;UP;0.00;0.00
Z102_02_032024_MASSENA.CSV;;MC#01;TRANSACTION;FILE102;ZZ1;0075;2024-04-02;10:00;0028;CHANGE;0.00;0.00
Z102_02_032024_MASSENA.CSV;;MC#01;TRANSACTION;FILE102;ZZ1;0075;2024-04-02;10:00;0029;X;0.00;0.00
Z102_02_032024_MASSENA.CSV;;MC#01;TRANSACTION;FILE102;ZZ1;0075;2024-04-02;10:00;0030;REFERENCE;0.00;0.00
Z102_02_032024_MASSENA.CSV;;MC#01;TRANSACTION;FILE102;ZZ1;0075;2024-04-02;10:00;0031;REF./TIROIR;0.00;0.00
Z102_02_032024_MASSENA.CSV;;MC#01;TRANSACTION;FILE102;ZZ1;0075;2024-04-02;10:00;0032;ANNULATION;0.00;0.00
Z102_02_032024_MASSENA.CSV;;MC#01;TRANSACTION;FILE102;ZZ1;0075;2024-04-02;10:00;0033;;0.00;0.00
Z102_02_032024_MASSENA.CSV;;MC#01;TRANSACTION;FILE102;ZZ1;0075;2024-04-02;10:00;0034;;0.00;0.00
Z102_02_032024_MASSENA.CSV;;MC#01;TRANSACTION;FILE102;ZZ1;0075;2024-04-02;10:00;0035;;0.00;0.00
Z102_02_032024_MASSENA.CSV;;MC#01;TRANSACTION;FILE102;ZZ1;0075;2024-04-02;10:00;0036;;0.00;0.00
Z102_02_032024_MASSENA.CSV;;MC#01;TRANSACTION;FILE102;ZZ1;0075;2024-04-02;10:00;0037;;0.00;0.00
Z102_02_032024_MASSENA.CSV;;MC#01;TRANSACTION;FILE102;ZZ1;0075;2024-04-02;10:00;0038;;0.00;0.00
Z102_02_032024_MASSENA.CSV;;MC#01;TRANSACTION;FILE102;ZZ1;0075;2024-04-02;10:00;0039;;0.00;0.00
Z102_02_032024_MASSENA.CSV;;MC#01;TRANSACTION;FILE102;ZZ1;0075;2024-04-02;10:00;0040;;0.00;0.00
Z102_02_032024_MASSENA.CSV;;MC#01;TRANSACTION;FILE102;ZZ1;0075;2024-04-02;10:00;0041;;0.00;0.00
Z102_02_032024_MASSENA.CSV;;MC#01;TRANSACTION;FILE102;ZZ1;0075;2024-04-02;10:00;0042;;0.00;0.00
Z102_02_032024_MASSENA.CSV;;MC#01;TRANSACTION;FILE102;ZZ1;0075;2024-04-02;10:00;0043;;0.00;0.00
Z102_02_032024_MASSENA.CSV;;MC#01;TRANSACTION;FILE102;ZZ1;0075;2024-04-02;10:00;0044;;0.00;0.00
Z102_02_032024_MASSENA.CSV;;MC#01;TRANSACTION;FILE102;ZZ1;0075;2024-04-02;10:00;0045;;0.00;0.00
Z102_02_032024_MASSENA.CSV;;MC#01;TRANSACTION;FILE102;ZZ1;0075;2024-04-02;10:00;0046;;0.00;0.00
Z102_02_032024_MASSENA.CSV;;MC#01;TRANSACTION;FILE102;ZZ1;0075;2024-04-02;10:00;0047;;0.00;0.00
Z102_02_032024_MASSENA.CSV;;MC#01;TRANSACTION;FILE102;ZZ1;0075;2024-04-02;10:00;0048;;0.00;0.00
Z102_02_032024_MASSENA.CSV;;MC#01;TRANSACTION;FILE102;ZZ1;0075;2024-04-02;10:00;0049;;0.00;0.00
Z102_02_032024_MASSENA.CSV;;MC#01;TRANSACTION;FILE102;ZZ1;0075;2024-04-02;10:00;0050;;0.00;0.00
Z102_02_082024_MASSENA.CSV;;MC#01;TRANSACTION;FILE102;ZZ1;0080;2024-09-02;00:39;0001;ESPECES;41.00;24701.80
Z102_02_082024_MASSENA.CSV;;MC#01;TRANSACTION;FILE102;ZZ1;0080;2024-09-02;00:39;0002;SOUS-TOTAL;0.00;0.00
Z102_02_082024_MASSENA.CSV;;MC#01;TRANSACTION;FILE102;ZZ1;0080;2024-09-02;00:39;0003;CARTES;8.00;11797.40
Z102_02_082024_MASSENA.CSV;;MC#01;TRANSACTION;FILE102;ZZ1;0080;2024-09-02;00:39;0004;CHEQUES;0.00;0.00
Z102_02_082024_MASSENA.CSV;;MC#01;TRANSACTION;FILE102;ZZ1;0080;2024-09-02;00:39;0005;AIDE;0.00;0.00
Z102_02_082024_MASSENA.CSV;;MC#01;TRANSACTION;FILE102;ZZ1;0080;2024-09-02;00:39;0006;TAX PGM;0.00;0.00
Z102_02_082024_MASSENA.CSV;;MC#01;TRANSACTION;FILE102;ZZ1;0080;2024-09-02;00:39;0007;SORTIECAISSE;0.00;0.00
Z102_02_082024_MASSENA.CSV;;MC#01;TRANSACTION;FILE102;ZZ1;0080;2024-09-02;00:39;0008;REC&ACCOMPTE;0.00;0.00
Z102_02_082024_MASSENA.CSV;;MC#01;TRANSACTION;FILE102;ZZ1;0080;2024-09-02;00:39;0009;SIGN-OFF;0.00;0.00
Z102_02_082024_MASSENA.CSV;;MC#01;TRANSACTION;FILE102;ZZ1;0080;2024-09-02;00:39;0010;NUM CAISSIER;0.00;0.00
Z102_02_082024_MASSENA.CSV;;MC#01;TRANSACTION;FILE102;ZZ1;0080;2024-09-02;00:39;0011;SHIFT/No;0.00;0.00
Z102_02_082024_MASSENA.CSV;;MC#01;TRANSACTION;FILE102;ZZ1;0080;2024-09-02;00:39;0012;DWN;0.00;0.00
Z102_02_082024_MASSENA.CSV;;MC#01;TRANSACTION;FILE102;ZZ1;0080;2024-09-02;00:39;0013;REMISE %-;0.00;0.00
Z102_02_082024_MASSENA.CSV;;MC#01;TRANSACTION;FILE102;ZZ1;0080;2024-09-02;00:39;0014;REMISE -;0.00;0.00
Z102_02_082024_MASSENA.CSV;;MC#01;TRANSACTION;FILE102;ZZ1;0080;2024-09-02;00:39;0015;PLU;0.00;0.00
Z102_02_082024_MASSENA.CSV;;MC#01;TRANSACTION;FILE102;ZZ1;0080;2024-09-02;00:39;0016;PRIX;0.00;0.00
Z102_02_082024_MASSENA.CSV;;MC#01;TRANSACTION;FILE102;ZZ1;0080;2024-09-02;00:39;0017;TICKETON/OFF;0.00;0.00
Z102_02_082024_MASSENA.CSV;;MC#01;TRANSACTION;FILE102;ZZ1;0080;2024-09-02;00:39;0018;CORRECTION;0.00;0.00
Z102_02_082024_MASSENA.CSV;;MC#01;TRANSACTION;FILE102;ZZ1;0080;2024-09-02;00:39;0019;RETOUR;0.00;0.00
Z102_02_082024_MASSENA.CSV;;MC#01;TRANSACTION;FILE102;ZZ1;0080;2024-09-02;00:39;0020;OUVERTURE;0.00;0.00
Z102_02_082024_MASSENA.CSV;;MC#01;TRANSACTION;FILE102;ZZ1;0080;2024-09-02;00:39;0021;RAPPELTICKET;0.00;0.00
Z102_02_082024_MASSENA.CSV;;MC#01;TRANSACTION;FILE102;ZZ1;0080;2024-09-02;00:39;0022;00;0.00;0.00
Z102_02_082024_MASSENA.CSV;;MC#01;TRANSACTION;FILE102;ZZ1;0080;2024-09-02;00:39;0023;.;0.00;0.00
Z102_02_082024_MASSENA.CSV;;MC#01;TRANSACTION;FILE102;ZZ1;0080;2024-09-02;00:39;0024;IMPRIME TVA;0.00;0.00
Z102_02_082024_MASSENA.CSV;;MC#01;TRANSACTION;FILE102;ZZ1;0080;2024-09-02;00:39;0025;TIROIR;0.00;0.00
Z102_02_082024_MASSENA.CSV;;MC#01;TRANSACTION;FILE102;ZZ1;0080;2024-09-02;00:39;0026;COUPON;0.00;0.00
Z102_02_082024_MASSENA.CSV;;MC#01;TRANSACTION;FILE102;ZZ1;0080;2024-09-02;00:39;0027;UP;0.00;0.00
Z102_02_082024_MASSENA.CSV;;MC#01;TRANSACTION;FILE102;ZZ1;0080;2024-09-02;00:39;0028;CHANGE;0.00;0.00
Z102_02_082024_MASSENA.CSV;;MC#01;TRANSACTION;FILE102;ZZ1;0080;2024-09-02;00:39;0029;X;0.00;0.00
Z102_02_082024_MASSENA.CSV;;MC#01;TRANSACTION;FILE102;ZZ1;0080;2024-09-02;00:39;0030;REFERENCE;0.00;0.00
Z102_02_082024_MASSENA.CSV;;MC#01;TRANSACTION;FILE102;ZZ1;0080;2024-09-02;00:39;0031;REF./TIROIR;0.00;0.00
Z102_02_082024_MASSENA.CSV;;MC#01;TRANSACTION;FILE102;ZZ1;0080;2024-09-02;00:39;0032;ANNULATION;0.00;0.00
Z102_02_082024_MASSENA.CSV;;MC#01;TRANSACTION;FILE102;ZZ1;0080;2024-09-02;00:39;0033;;0.00;0.00
Z102_02_082024_MASSENA.CSV;;MC#01;TRANSACTION;FILE102;ZZ1;0080;2024-09-02;00:39;0034;;0.00;0.00
Z102_02_082024_MASSENA.CSV;;MC#01;TRANSACTION;FILE102;ZZ1;0080;2024-09-02;00:39;0035;;0.00;0.00
Z102_02_082024_MASSENA.CSV;;MC#01;TRANSACTION;FILE102;ZZ1;0080;2024-09-02;00:39;0036;;0.00;0.00
Z102_02_082024_MASSENA.CSV;;MC#01;TRANSACTION;FILE102;ZZ1;0080;2024-09-02;00:39;0037;;0.00;0.00
Z102_02_082024_MASSENA.CSV;;MC#01;TRANSACTION;FILE102;ZZ1;0080;2024-09-02;00:39;0038;;0.00;0.00
Z102_02_082024_MASSENA.CSV;;MC#01;TRANSACTION;FILE102;ZZ1;0080;2024-09-02;00:39;0039;;0.00;0.00
Z102_02_082024_MASSENA.CSV;;MC#01;TRANSACTION;FILE102;ZZ1;0080;2024-09-02;00:39;0040;;0.00;0.00
Z102_02_082024_MASSENA.CSV;;MC#01;TRANSACTION;FILE102;ZZ1;0080;2024-09-02;00:39;0041;;0.00;0.00
Z102_02_082024_MASSENA.CSV;;MC#01;TRANSACTION;FILE102;ZZ1;0080;2024-09-02;00:39;0042;;0.00;0.00
Z102_02_082024_MASSENA.CSV;;MC#01;TRANSACTION;FILE102;ZZ1;0080;2024-09-02;00:39;0043;;0.00;0.00
Z102_02_082024_MASSENA.CSV;;MC#01;TRANSACTION;FILE102;ZZ1;0080;2024-09-02;00:39;0044;;0.00;0.00
Z102_02_082024_MASSENA.CSV;;MC#01;TRANSACTION;FILE102;ZZ1;0080;2024-09-02;00:39;0045;;0.00;0.00
Z102_02_082024_MASSENA.CSV;;MC#01;TRANSACTION;FILE102;ZZ1;0080;2024-09-02;00:39;0046;;0.00;0.00
Z102_02_082024_MASSENA.CSV;;MC#01;TRANSACTION;FILE102;ZZ1;0080;2024-09-02;00:39;0047;;0.00;0.00
Z102_02_082024_MASSENA.CSV;;MC#01;TRANSACTION;FILE102;ZZ1;0080;2024-09-02;00:39;0048;;0.00;0.00
Z102_02_082024_MASSENA.CSV;;MC#01;TRANSACTION;FILE102;ZZ1;0080;2024-09-02;00:39;0049;;0.00;0.00
Z102_02_082024_MASSENA.CSV;;MC#01;TRANSACTION;FILE102;ZZ1;0080;2024-09-02;00:39;0050;;0.00;0.00
Z102_02_122024_MASSENA.CSV;;MC#01;TRANSACTION;FILE102;ZZ1;0084;2025-01-02;18:07;0001;ESPECES;22.00;11111.60
Z102_02_122024_MASSENA.CSV;;MC#01;TRANSACTION;FILE102;ZZ1;0084;2025-01-02;18:07;0002;SOUS-TOTAL;0.00;0.00
Z102_02_122024_MASSENA.CSV;;MC#01;TRANSACTION;FILE102;ZZ1;0084;2025-01-02;18:07;0003;CARTES;4.00;1882.00
Z102_02_122024_MASSENA.CSV;;MC#01;TRANSACTION;FILE102;ZZ1;0084;2025-01-02;18:07;0004;CHEQUES;0.00;0.00
Z102_02_122024_MASSENA.CSV;;MC#01;TRANSACTION;FILE102;ZZ1;0084;2025-01-02;18:07;0005;AIDE;0.00;0.00
Z102_02_122024_MASSENA.CSV;;MC#01;TRANSACTION;FILE102;ZZ1;0084;2025-01-02;18:07;0006;TAX PGM;0.00;0.00
Z102_02_122024_MASSENA.CSV;;MC#01;TRANSACTION;FILE102;ZZ1;0084;2025-01-02;18:07;0007;SORTIECAISSE;0.00;0.00
Z102_02_122024_MASSENA.CSV;;MC#01;TRANSACTION;FILE102;ZZ1;0084;2025-01-02;18:07;0008;REC&ACCOMPTE;0.00;0.00
Z102_02_122024_MASSENA.CSV;;MC#01;TRANSACTION;FILE102;ZZ1;0084;2025-01-02;18:07;0009;SIGN-OFF;0.00;0.00
Z102_02_122024_MASSENA.CSV;;MC#01;TRANSACTION;FILE102;ZZ1;0084;2025-01-02;18:07;0010;NUM CAISSIER;0.00;0.00
Z102_02_122024_MASSENA.CSV;;MC#01;TRANSACTION;FILE102;ZZ1;0084;2025-01-02;18:07;0011;SHIFT/No;0.00;0.00
Z102_02_122024_MASSENA.CSV;;MC#01;TRANSACTION;FILE102;ZZ1;0084;2025-01-02;18:07;0012;DWN;0.00;0.00
Z102_02_122024_MASSENA.CSV;;MC#01;TRANSACTION;FILE102;ZZ1;0084;2025-01-02;18:07;0013;REMISE %-;0.00;0.00
Z102_02_122024_MASSENA.CSV;;MC#01;TRANSACTION;FILE102;ZZ1;0084;2025-01-02;18:07;0014;REMISE -;0.00;0.00
Z102_02_122024_MASSENA.CSV;;MC#01;TRANSACTION;FILE102;ZZ1;0084;2025-01-02;18:07;0015;PLU;0.00;0.00
Z102_02_122024_MASSENA.CSV;;MC#01;TRANSACTION;FILE102;ZZ1;0084;2025-01-02;18:07;0016;PRIX;0.00;0.00
Z102_02_122024_MASSENA.CSV;;MC#01;TRANSACTION;FILE102;ZZ1;0084;2025-01-02;18:07;0017;TICKETON/OFF;0.00;0.00
Z102_02_122024_MASSENA.CSV;;MC#01;TRANSACTION;FILE102;ZZ1;0084;2025-01-02;18:07;0018;CORRECTION;0.00;0.00
Z102_02_122024_MASSENA.CSV;;MC#01;TRANSACTION;FILE102;ZZ1;0084;2025-01-02;18:07;0019;RETOUR;0.00;0.00
Z102_02_122024_MASSENA.CSV;;MC#01;TRANSACTION;FILE102;ZZ1;0084;2025-01-02;18:07;0020;OUVERTURE;0.00;0.00
Z102_02_122024_MASSENA.CSV;;MC#01;TRANSACTION;FILE102;ZZ1;0084;2025-01-02;18:07;0021;RAPPELTICKET;0.00;0.00
Z102_02_122024_MASSENA.CSV;;MC#01;TRANSACTION;FILE102;ZZ1;0084;2025-01-02;18:07;0022;00;0.00;0.00
Z102_02_122024_MASSENA.CSV;;MC#01;TRANSACTION;FILE102;ZZ1;0084;2025-01-02;18:07;0023;.;0.00;0.00
Z102_02_122024_MASSENA.CSV;;MC#01;TRANSACTION;FILE102;ZZ1;0084;2025-01-02;18:07;0024;IMPRIME TVA;0.00;0.00
Z102_02_122024_MASSENA.CSV;;MC#01;TRANSACTION;FILE102;ZZ1;0084;2025-01-02;18:07;0025;TIROIR;0.00;0.00
Z102_02_122024_MASSENA.CSV;;MC#01;TRANSACTION;FILE102;ZZ1;0084;2025-01-02;18:07;0026;COUPON;0.00;0.00
Z102_02_122024_MASSENA.CSV;;MC#01;TRANSACTION;FILE102;ZZ1;0084;2025-01-02;18:07;0027;UP;0.00;0.00
Z102_02_122024_MASSENA.CSV;;MC#01;TRANSACTION;FILE102;ZZ1;0084;2025-01-02;18:07;0028;CHANGE;0.00;0.00
Z102_02_122024_MASSENA.CSV;;MC#01;TRANSACTION;FILE102;ZZ1;0084;2025-01-02;18:07;0029;X;0.00;0.00
Z102_02_122024_MASSENA.CSV;;MC#01;TRANSACTION;FILE102;ZZ1;0084;2025-01-02;18:07;0030;REFERENCE;0.00;0.00
Z102_02_122024_MASSENA.CSV;;MC#01;TRANSACTION;FILE102;ZZ1;0084;2025-01-02;18:07;0031;REF./TIROIR;0.00;0.00
Z102_02_122024_MASSENA.CSV;;MC#01;TRANSACTION;FILE102;ZZ1;0084;2025-01-02;18:07;0032;ANNULATION;0.00;0.00
Z102_02_122024_MASSENA.CSV;;MC#01;TRANSACTION;FILE102;ZZ1;0084;2025-01-02;18:07;0033;;0.00;0.00
Z102_02_122024_MASSENA.CSV;;MC#01;TRANSACTION;FILE102;ZZ1;0084;2025-01-02;18:07;0034;;0.00;0.00
Z102_02_122024_MASSENA.CSV;;MC#01;TRANSACTION;FILE102;ZZ1;0084;2025-01-02;18:07;0035;;0.00;0.00
Z102_02_122024_MASSENA.CSV;;MC#01;TRANSACTION;FILE102;ZZ1;0084;2025-01-02;18:07;0036;;0.00;0.00
Z102_02_122024_MASSENA.CSV;;MC#01;TRANSACTION;FILE102;ZZ1;0084;2025-01-02;18:07;0037;;0.00;0.00
Z102_02_122024_MASSENA.CSV;;MC#01;TRANSACTION;FILE102;ZZ1;0084;2025-01-02;18:07;0038;;0.00;0.00
Z102_02_122024_MASSENA.CSV;;MC#01;TRANSACTION;FILE102;ZZ1;0084;2025-01-02;18:07;0039;;0.00;0.00
Z102_02_122024_MASSENA.CSV;;MC#01;TRANSACTION;FILE102;ZZ1;0084;2025-01-02;18:07;0040;;0.00;0.00
Z102_02_122024_MASSENA.CSV;;MC#01;TRANSACTION;FILE102;ZZ1;0084;2025-01-02;18:07;0041;;0.00;0.00
Z102_02_122024_MASSENA.CSV;;MC#01;TRANSACTION;FILE102;ZZ1;0084;2025-01-02;18:07;0042;;0.00;0.00
Z102_02_122024_MASSENA.CSV;;MC#01;TRANSACTION;FILE102;ZZ1;0084;2025-01-02;18:07;0043;;0.00;0.00
Z102_02_122024_MASSENA.CSV;;MC#01;TRANSACTION;FILE102;ZZ1;0084;2025-01-02;18:07;0044;;0.00;0.00
Z102_02_122024_MASSENA.CSV;;MC#01;TRANSACTION;FILE102;ZZ1;0084;2025-01-02;18:07;0045;;0.00;0.00
Z102_02_122024_MASSENA.CSV;;MC#01;TRANSACTION;FILE102;ZZ1;0084;2025-01-02;18:07;0046;;0.00;0.00
Z102_02_122024_MASSENA.CSV;;MC#01;TRANSACTION;FILE102;ZZ1;0084;2025-01-02;18:07;0047;;0.00;0.00
Z102_02_122024_MASSENA.CSV;;MC#01;TRANSACTION;FILE102;ZZ1;0084;2025-01-02;18:07;0048;;0.00;0.00
Z102_02_122024_MASSENA.CSV;;MC#01;TRANSACTION;FILE102;ZZ1;0084;2025-01-02;18:07;0049;;0.00;0.00
Z102_02_122024_MASSENA.CSV;;MC#01;TRANSACTION;FILE102;ZZ1;0084;2025-01-02;18:07;0050;;0.00;0.00
Z102_03_072024_MASSENA.CSV;;MC#01;TRANSACTION;FILE102;ZZ1;0079;2024-08-03;16:47;0001;ESPECES;30.00;18210.00
Z102_03_072024_MASSENA.CSV;;MC#01;TRANSACTION;FILE102;ZZ1;0079;2024-08-03;16:47;0002;SOUS-TOTAL;0.00;0.00
Z102_03_072024_MASSENA.CSV;;MC#01;TRANSACTION;FILE102;ZZ1;0079;2024-08-03;16:47;0003;CARTES;6.00;9139.00
Z102_03_072024_MASSENA.CSV;;MC#01;TRANSACTION;FILE102;ZZ1;0079;2024-08-03;16:47;0004;CHEQUES;0.00;0.00
Z102_03_072024_MASSENA.CSV;;MC#01;TRANSACTION;FILE102;ZZ1;0079;2024-08-03;16:47;0005;AIDE;0.00;0.00
Z102_03_072024_MASSENA.CSV;;MC#01;TRANSACTION;FILE102;ZZ1;0079;2024-08-03;16:47;0006;TAX PGM;0.00;0.00
Z102_03_072024_MASSENA.CSV;;MC#01;TRANSACTION;FILE102;ZZ1;0079;2024-08-03;16:47;0007;SORTIECAISSE;0.00;0.00
Z102_03_072024_MASSENA.CSV;;MC#01;TRANSACTION;FILE102;ZZ1;0079;2024-08-03;16:47;0008;REC&ACCOMPTE;0.00;0.00
Z102_03_072024_MASSENA.CSV;;MC#01;TRANSACTION;FILE102;ZZ1;0079;2024-08-03;16:47;0009;SIGN-OFF;0.00;0.00
Z102_03_072024_MASSENA.CSV;;MC#01;TRANSACTION;FILE102;ZZ1;0079;2024-08-03;16:47;0010;NUM CAISSIER;0.00;0.00
Z102_03_072024_MASSENA.CSV;;MC#01;TRANSACTION;FILE102;ZZ1;0079;2024-08-03;16:47;0011;SHIFT/No;0.00;0.00
Z102_03_072024_MASSENA.CSV;;MC#01;TRANSACTION;FILE102;ZZ1;0079;2024-08-03;16:47;0012;DWN;0.00;0.00
Z102_03_072024_MASSENA.CSV;;MC#01;TRANSACTION;FILE102;ZZ1;0079;2024-08-03;16:47;0013;REMISE %-;0.00;0.00
Z102_03_072024_MASSENA.CSV;;MC#01;TRANSACTION;FILE102;ZZ1;0079;2024-08-03;16:47;0014;REMISE -;0.00;0.00
Z102_03_072024_MASSENA.CSV;;MC#01;TRANSACTION;FILE102;ZZ1;0079;2024-08-03;16:47;0015;PLU;0.00;0.00
Z102_03_072024_MASSENA.CSV;;MC#01;TRANSACTION;FILE102;ZZ1;0079;2024-08-03;16:47;0016;PRIX;0.00;0.00
Z102_03_072024_MASSENA.CSV;;MC#01;TRANSACTION;FILE102;ZZ1;0079;2024-08-03;16:47;0017;TICKETON/OFF;0.00;0.00
Z102_03_072024_MASSENA.CSV;;MC#01;TRANSACTION;FILE102;ZZ1;0079;2024-08-03;16:47;0018;CORRECTION;0.00;0.00
Z102_03_072024_MASSENA.CSV;;MC#01;TRANSACTION;FILE102;ZZ1;0079;2024-08-03;16:47;0019;RETOUR;0.00;0.00
Z102_03_072024_MASSENA.CSV;;MC#01;TRANSACTION;FILE102;ZZ1;0079;2024-08-03;16:47;0020;OUVERTURE;0.00;0.00
Z102_03_072024_MASSENA.CSV;;MC#01;TRANSACTION;FILE102;ZZ1;0079;2024-08-03;16:47;0021;RAPPELTICKET;0.00;0.00
Z102_03_072024_MASSENA.CSV;;MC#01;TRANSACTION;FILE102;ZZ1;0079;2024-08-03;16:47;0022;00;0.00;0.00
Z102_03_072024_MASSENA.CSV;;MC#01;TRANSACTION;FILE102;ZZ1;0079;2024-08-03;16:47;0023;.;0.00;0.00
Z102_03_072024_MASSENA.CSV;;MC#01;TRANSACTION;FILE102;ZZ1;0079;2024-08-03;16:47;0024;IMPRIME TVA;0.00;0.00
Z102_03_072024_MASSENA.CSV;;MC#01;TRANSACTION;FILE102;ZZ1;0079;2024-08-03;16:47;0025;TIROIR;0.00;0.00
Z102_03_072024_MASSENA.CSV;;MC#01;TRANSACTION;FILE102;ZZ1;0079;2024-08-03;16:47;0026;COUPON;0.00;0.00
Z102_03_072024_MASSENA.CSV;;MC#01;TRANSACTION;FILE102;ZZ1;0079;2024-08-03;16:47;0027;UP;0.00;0.00
Z102_03_072024_MASSENA.CSV;;MC#01;TRANSACTION;FILE102;ZZ1;0079;2024-08-03;16:47;0028;CHANGE;0.00;0.00
Z102_03_072024_MASSENA.CSV;;MC#01;TRANSACTION;FILE102;ZZ1;0079;2024-08-03;16:47;0029;X;0.00;0.00
Z102_03_072024_MASSENA.CSV;;MC#01;TRANSACTION;FILE102;ZZ1;0079;2024-08-03;16:47;0030;REFERENCE;0.00;0.00
Z102_03_072024_MASSENA.CSV;;MC#01;TRANSACTION;FILE102;ZZ1;0079;2024-08-03;16:47;0031;REF./TIROIR;0.00;0.00
Z102_03_072024_MASSENA.CSV;;MC#01;TRANSACTION;FILE102;ZZ1;0079;2024-08-03;16:47;0032;ANNULATION;0.00;0.00
Z102_03_072024_MASSENA.CSV;;MC#01;TRANSACTION;FILE102;ZZ1;0079;2024-08-03;16:47;0033;;0.00;0.00
Z102_03_072024_MASSENA.CSV;;MC#01;TRANSACTION;FILE102;ZZ1;0079;2024-08-03;16:47;0034;;0.00;0.00
Z102_03_072024_MASSENA.CSV;;MC#01;TRANSACTION;FILE102;ZZ1;0079;2024-08-03;16:47;0035;;0.00;0.00
Z102_03_072024_MASSENA.CSV;;MC#01;TRANSACTION;FILE102;ZZ1;0079;2024-08-03;16:47;0036;;0.00;0.00
Z102_03_072024_MASSENA.CSV;;MC#01;TRANSACTION;FILE102;ZZ1;0079;2024-08-03;16:47;0037;;0.00;0.00
Z102_03_072024_MASSENA.CSV;;MC#01;TRANSACTION;FILE102;ZZ1;0079;2024-08-03;16:47;0038;;0.00;0.00
Z102_03_072024_MASSENA.CSV;;MC#01;TRANSACTION;FILE102;ZZ1;0079;2024-08-03;16:47;0039;;0.00;0.00
Z102_03_072024_MASSENA.CSV;;MC#01;TRANSACTION;FILE102;ZZ1;0079;2024-08-03;16:47;0040;;0.00;0.00
Z102_03_072024_MASSENA.CSV;;MC#01;TRANSACTION;FILE102;ZZ1;0079;2024-08-03;16:47;0041;;0.00;0.00
Z102_03_072024_MASSENA.CSV;;MC#01;TRANSACTION;FILE102;ZZ1;0079;2024-08-03;16:47;0042;;0.00;0.00
Z102_03_072024_MASSENA.CSV;;MC#01;TRANSACTION;FILE102;ZZ1;0079;2024-08-03;16:47;0043;;0.00;0.00
Z102_03_072024_MASSENA.CSV;;MC#01;TRANSACTION;FILE102;ZZ1;0079;2024-08-03;16:47;0044;;0.00;0.00
Z102_03_072024_MASSENA.CSV;;MC#01;TRANSACTION;FILE102;ZZ1;0079;2024-08-03;16:47;0045;;0.00;0.00
Z102_03_072024_MASSENA.CSV;;MC#01;TRANSACTION;FILE102;ZZ1;0079;2024-08-03;16:47;0046;;0.00;0.00
Z102_03_072024_MASSENA.CSV;;MC#01;TRANSACTION;FILE102;ZZ1;0079;2024-08-03;16:47;0047;;0.00;0.00
Z102_03_072024_MASSENA.CSV;;MC#01;TRANSACTION;FILE102;ZZ1;0079;2024-08-03;16:47;0048;;0.00;0.00
Z102_03_072024_MASSENA.CSV;;MC#01;TRANSACTION;FILE102;ZZ1;0079;2024-08-03;16:47;0049;;0.00;0.00
Z102_03_072024_MASSENA.CSV;;MC#01;TRANSACTION;FILE102;ZZ1;0079;2024-08-03;16:47;0050;;0.00;0.00
Z102_05_102024_MASSENA.CSV;;MC#01;TRANSACTION;FILE102;ZZ1;0082;2024-11-05;18:08;0001;ESPECES;41.00;22901.70
Z102_05_102024_MASSENA.CSV;;MC#01;TRANSACTION;FILE102;ZZ1;0082;2024-11-05;18:08;0002;SOUS-TOTAL;0.00;0.00
Z102_05_102024_MASSENA.CSV;;MC#01;TRANSACTION;FILE102;ZZ1;0082;2024-11-05;18:08;0003;CARTES;2.00;687.00
Z102_05_102024_MASSENA.CSV;;MC#01;TRANSACTION;FILE102;ZZ1;0082;2024-11-05;18:08;0004;CHEQUES;0.00;0.00
Z102_05_102024_MASSENA.CSV;;MC#01;TRANSACTION;FILE102;ZZ1;0082;2024-11-05;18:08;0005;AIDE;0.00;0.00
Z102_05_102024_MASSENA.CSV;;MC#01;TRANSACTION;FILE102;ZZ1;0082;2024-11-05;18:08;0006;TAX PGM;0.00;0.00
Z102_05_102024_MASSENA.CSV;;MC#01;TRANSACTION;FILE102;ZZ1;0082;2024-11-05;18:08;0007;SORTIECAISSE;0.00;0.00
Z102_05_102024_MASSENA.CSV;;MC#01;TRANSACTION;FILE102;ZZ1;0082;2024-11-05;18:08;0008;REC&ACCOMPTE;0.00;0.00
Z102_05_102024_MASSENA.CSV;;MC#01;TRANSACTION;FILE102;ZZ1;0082;2024-11-05;18:08;0009;SIGN-OFF;0.00;0.00
Z102_05_102024_MASSENA.CSV;;MC#01;TRANSACTION;FILE102;ZZ1;0082;2024-11-05;18:08;0010;NUM CAISSIER;0.00;0.00
Z102_05_102024_MASSENA.CSV;;MC#01;TRANSACTION;FILE102;ZZ1;0082;2024-11-05;18:08;0011;SHIFT/No;0.00;0.00
Z102_05_102024_MASSENA.CSV;;MC#01;TRANSACTION;FILE102;ZZ1;0082;2024-11-05;18:08;0012;DWN;0.00;0.00
Z102_05_102024_MASSENA.CSV;;MC#01;TRANSACTION;FILE102;ZZ1;0082;2024-11-05;18:08;0013;REMISE %-;0.00;0.00
Z102_05_102024_MASSENA.CSV;;MC#01;TRANSACTION;FILE102;ZZ1;0082;2024-11-05;18:08;0014;REMISE -;0.00;0.00
Z102_05_102024_MASSENA.CSV;;MC#01;TRANSACTION;FILE102;ZZ1;0082;2024-11-05;18:08;0015;PLU;0.00;0.00
Z102_05_102024_MASSENA.CSV;;MC#01;TRANSACTION;FILE102;ZZ1;0082;2024-11-05;18:08;0016;PRIX;0.00;0.00
Z102_05_102024_MASSENA.CSV;;MC#01;TRANSACTION;FILE102;ZZ1;0082;2024-11-05;18:08;0017;TICKETON/OFF;0.00;0.00
Z102_05_102024_MASSENA.CSV;;MC#01;TRANSACTION;FILE102;ZZ1;0082;2024-11-05;18:08;0018;CORRECTION;0.00;0.00
Z102_05_102024_MASSENA.CSV;;MC#01;TRANSACTION;FILE102;ZZ1;0082;2024-11-05;18:08;0019;RETOUR;0.00;0.00
Z102_05_102024_MASSENA.CSV;;MC#01;TRANSACTION;FILE102;ZZ1;0082;2024-11-05;18:08;0020;OUVERTURE;0.00;0.00
Z102_05_102024_MASSENA.CSV;;MC#01;TRANSACTION;FILE102;ZZ1;0082;2024-11-05;18:08;0021;RAPPELTICKET;0.00;0.00
Z102_05_102024_MASSENA.CSV;;MC#01;TRANSACTION;FILE102;ZZ1;0082;2024-11-05;18:08;0022;00;0.00;0.00
Z102_05_102024_MASSENA.CSV;;MC#01;TRANSACTION;FILE102;ZZ1;0082;2024-11-05;18:08;0023;.;0.00;0.00
Z102_05_102024_MASSENA.CSV;;MC#01;TRANSACTION;FILE102;ZZ1;0082;2024-11-05;18:08;0024;IMPRIME TVA;0.00;0.00
Z102_05_102024_MASSENA.CSV;;MC#01;TRANSACTION;FILE102;ZZ1;0082;2024-11-05;18:08;0025;TIROIR;0.00;0.00
Z102_05_102024_MASSENA.CSV;;MC#01;TRANSACTION;FILE102;ZZ1;0082;2024-11-05;18:08;0026;COUPON;0.00;0.00
Z102_05_102024_MASSENA.CSV;;MC#01;TRANSACTION;FILE102;ZZ1;0082;2024-11-05;18:08;0027;UP;0.00;0.00
Z102_05_102024_MASSENA.CSV;;MC#01;TRANSACTION;FILE102;ZZ1;0082;2024-11-05;18:08;0028;CHANGE;0.00;0.00
Z102_05_102024_MASSENA.CSV;;MC#01;TRANSACTION;FILE102;ZZ1;0082;2024-11-05;18:08;0029;X;0.00;0.00
Z102_05_102024_MASSENA.CSV;;MC#01;TRANSACTION;FILE102;ZZ1;0082;2024-11-05;18:08;0030;REFERENCE;0.00;0.00
Z102_05_102024_MASSENA.CSV;;MC#01;TRANSACTION;FILE102;ZZ1;0082;2024-11-05;18:08;0031;REF./TIROIR;0.00;0.00
Z102_05_102024_MASSENA.CSV;;MC#01;TRANSACTION;FILE102;ZZ1;0082;2024-11-05;18:08;0032;ANNULATION;0.00;0.00
Z102_05_102024_MASSENA.CSV;;MC#01;TRANSACTION;FILE102;ZZ1;0082;2024-11-05;18:08;0033;;0.00;0.00
Z102_05_102024_MASSENA.CSV;;MC#01;TRANSACTION;FILE102;ZZ1;0082;2024-11-05;18:08;0034;;0.00;0.00
Z102_05_102024_MASSENA.CSV;;MC#01;TRANSACTION;FILE102;ZZ1;0082;2024-11-05;18:08;0035;;0.00;0.00
Z102_05_102024_MASSENA.CSV;;MC#01;TRANSACTION;FILE102;ZZ1;0082;2024-11-05;18:08;0036;;0.00;0.00
Z102_05_102024_MASSENA.CSV;;MC#01;TRANSACTION;FILE102;ZZ1;0082;2024-11-05;18:08;0037;;0.00;0.00
Z102_05_102024_MASSENA.CSV;;MC#01;TRANSACTION;FILE102;ZZ1;0082;2024-11-05;18:08;0038;;0.00;0.00
Z102_05_102024_MASSENA.CSV;;MC#01;TRANSACTION;FILE102;ZZ1;0082;2024-11-05;18:08;0039;;0.00;0.00
Z102_05_102024_MASSENA.CSV;;MC#01;TRANSACTION;FILE102;ZZ1;0082;2024-11-05;18:08;0040;;0.00;0.00
Z102_05_102024_MASSENA.CSV;;MC#01;TRANSACTION;FILE102;ZZ1;0082;2024-11-05;18:08;0041;;0.00;0.00
Z102_05_102024_MASSENA.CSV;;MC#01;TRANSACTION;FILE102;ZZ1;0082;2024-11-05;18:08;0042;;0.00;0.00
Z102_05_102024_MASSENA.CSV;;MC#01;TRANSACTION;FILE102;ZZ1;0082;2024-11-05;18:08;0043;;0.00;0.00
Z102_05_102024_MASSENA.CSV;;MC#01;TRANSACTION;FILE102;ZZ1;0082;2024-11-05;18:08;0044;;0.00;0.00
Z102_05_102024_MASSENA.CSV;;MC#01;TRANSACTION;FILE102;ZZ1;0082;2024-11-05;18:08;0045;;0.00;0.00
Z102_05_102024_MASSENA.CSV;;MC#01;TRANSACTION;FILE102;ZZ1;0082;2024-11-05;18:08;0046;;0.00;0.00
Z102_05_102024_MASSENA.CSV;;MC#01;TRANSACTION;FILE102;ZZ1;0082;2024-11-05;18:08;0047;;0.00;0.00
Z102_05_102024_MASSENA.CSV;;MC#01;TRANSACTION;FILE102;ZZ1;0082;2024-11-05;18:08;0048;;0.00;0.00
Z102_05_102024_MASSENA.CSV;;MC#01;TRANSACTION;FILE102;ZZ1;0082;2024-11-05;18:08;0049;;0.00;0.00
Z102_05_102024_MASSENA.CSV;;MC#01;TRANSACTION;FILE102;ZZ1;0082;2024-11-05;18:08;0050;;0.00;0.00
Z102_30_042024_MASSENA.CSV;;MC#01;TRANSACTION;FILE102;ZZ1;0076;2024-04-30;17:45;0001;ESPECES;11.00;2821.90
Z102_30_042024_MASSENA.CSV;;MC#01;TRANSACTION;FILE102;ZZ1;0076;2024-04-30;17:45;0002;SOUS-TOTAL;0.00;0.00
Z102_30_042024_MASSENA.CSV;;MC#01;TRANSACTION;FILE102;ZZ1;0076;2024-04-30;17:45;0003;CARTES;14.00;8669.80
Z102_30_042024_MASSENA.CSV;;MC#01;TRANSACTION;FILE102;ZZ1;0076;2024-04-30;17:45;0004;CHEQUES;0.00;0.00
Z102_30_042024_MASSENA.CSV;;MC#01;TRANSACTION;FILE102;ZZ1;0076;2024-04-30;17:45;0005;AIDE;0.00;0.00
Z102_30_042024_MASSENA.CSV;;MC#01;TRANSACTION;FILE102;ZZ1;0076;2024-04-30;17:45;0006;TAX PGM;0.00;0.00
Z102_30_042024_MASSENA.CSV;;MC#01;TRANSACTION;FILE102;ZZ1;0076;2024-04-30;17:45;0007;SORTIECAISSE;0.00;0.00
Z102_30_042024_MASSENA.CSV;;MC#01;TRANSACTION;FILE102;ZZ1;0076;2024-04-30;17:45;0008;REC&ACCOMPTE;0.00;0.00
Z102_30_042024_MASSENA.CSV;;MC#01;TRANSACTION;FILE102;ZZ1;0076;2024-04-30;17:45;0009;SIGN-OFF;0.00;0.00
Z102_30_042024_MASSENA.CSV;;MC#01;TRANSACTION;FILE102;ZZ1;0076;2024-04-30;17:45;0010;NUM CAISSIER;0.00;0.00
Z102_30_042024_MASSENA.CSV;;MC#01;TRANSACTION;FILE102;ZZ1;0076;2024-04-30;17:45;0011;SHIFT/No;0.00;0.00
Z102_30_042024_MASSENA.CSV;;MC#01;TRANSACTION;FILE102;ZZ1;0076;2024-04-30;17:45;0012;DWN;0.00;0.00
Z102_30_042024_MASSENA.CSV;;MC#01;TRANSACTION;FILE102;ZZ1;0076;2024-04-30;17:45;0013;REMISE %-;0.00;0.00
Z102_30_042024_MASSENA.CSV;;MC#01;TRANSACTION;FILE102;ZZ1;0076;2024-04-30;17:45;0014;REMISE -;0.00;0.00
Z102_30_042024_MASSENA.CSV;;MC#01;TRANSACTION;FILE102;ZZ1;0076;2024-04-30;17:45;0015;PLU;0.00;0.00
Z102_30_042024_MASSENA.CSV;;MC#01;TRANSACTION;FILE102;ZZ1;0076;2024-04-30;17:45;0016;PRIX;0.00;0.00
Z102_30_042024_MASSENA.CSV;;MC#01;TRANSACTION;FILE102;ZZ1;0076;2024-04-30;17:45;0017;TICKETON/OFF;0.00;0.00
Z102_30_042024_MASSENA.CSV;;MC#01;TRANSACTION;FILE102;ZZ1;0076;2024-04-30;17:45;0018;CORRECTION;0.00;0.00
Z102_30_042024_MASSENA.CSV;;MC#01;TRANSACTION;FILE102;ZZ1;0076;2024-04-30;17:45;0019;RETOUR;0.00;0.00
Z102_30_042024_MASSENA.CSV;;MC#01;TRANSACTION;FILE102;ZZ1;0076;2024-04-30;17:45;0020;OUVERTURE;0.00;0.00
Z102_30_042024_MASSENA.CSV;;MC#01;TRANSACTION;FILE102;ZZ1;0076;2024-04-30;17:45;0021;RAPPELTICKET;0.00;0.00
Z102_30_042024_MASSENA.CSV;;MC#01;TRANSACTION;FILE102;ZZ1;0076;2024-04-30;17:45;0022;00;0.00;0.00
Z102_30_042024_MASSENA.CSV;;MC#01;TRANSACTION;FILE102;ZZ1;0076;2024-04-30;17:45;0023;.;0.00;0.00
Z102_30_042024_MASSENA.CSV;;MC#01;TRANSACTION;FILE102;ZZ1;0076;2024-04-30;17:45;0024;IMPRIME TVA;0.00;0.00
Z102_30_042024_MASSENA.CSV;;MC#01;TRANSACTION;FILE102;ZZ1;0076;2024-04-30;17:45;0025;TIROIR;0.00;0.00
Z102_30_042024_MASSENA.CSV;;MC#01;TRANSACTION;FILE102;ZZ1;0076;2024-04-30;17:45;0026;COUPON;0.00;0.00
Z102_30_042024_MASSENA.CSV;;MC#01;TRANSACTION;FILE102;ZZ1;0076;2024-04-30;17:45;0027;UP;0.00;0.00
Z102_30_042024_MASSENA.CSV;;MC#01;TRANSACTION;FILE102;ZZ1;0076;2024-04-30;17:45;0028;CHANGE;0.00;0.00
Z102_30_042024_MASSENA.CSV;;MC#01;TRANSACTION;FILE102;ZZ1;0076;2024-04-30;17:45;0029;X;0.00;0.00
Z102_30_042024_MASSENA.CSV;;MC#01;TRANSACTION;FILE102;ZZ1;0076;2024-04-30;17:45;0030;REFERENCE;0.00;0.00
Z102_30_042024_MASSENA.CSV;;MC#01;TRANSACTION;FILE102;ZZ1;0076;2024-04-30;17:45;0031;REF./TIROIR;1.00;0.00
Z102_30_042024_MASSENA.CSV;;MC#01;TRANSACTION;FILE102;ZZ1;0076;2024-04-30;17:45;0032;ANNULATION;0.00;0.00
Z102_30_042024_MASSENA.CSV;;MC#01;TRANSACTION;FILE102;ZZ1;0076;2024-04-30;17:45;0033;;0.00;0.00
Z102_30_042024_MASSENA.CSV;;MC#01;TRANSACTION;FILE102;ZZ1;0076;2024-04-30;17:45;0034;;0.00;0.00
Z102_30_042024_MASSENA.CSV;;MC#01;TRANSACTION;FILE102;ZZ1;0076;2024-04-30;17:45;0035;;0.00;0.00
Z102_30_042024_MASSENA.CSV;;MC#01;TRANSACTION;FILE102;ZZ1;0076;2024-04-30;17:45;0036;;0.00;0.00
Z102_30_042024_MASSENA.CSV;;MC#01;TRANSACTION;FILE102;ZZ1;0076;2024-04-30;17:45;0037;;0.00;0.00
Z102_30_042024_MASSENA.CSV;;MC#01;TRANSACTION;FILE102;ZZ1;0076;2024-04-30;17:45;0038;;0.00;0.00
Z102_30_042024_MASSENA.CSV;;MC#01;TRANSACTION;FILE102;ZZ1;0076;2024-04-30;17:45;0039;;0.00;0.00
Z102_30_042024_MASSENA.CSV;;MC#01;TRANSACTION;FILE102;ZZ1;0076;2024-04-30;17:45;0040;;0.00;0.00
Z102_30_042024_MASSENA.CSV;;MC#01;TRANSACTION;FILE102;ZZ1;0076;2024-04-30;17:45;0041;;0.00;0.00
Z102_30_042024_MASSENA.CSV;;MC#01;TRANSACTION;FILE102;ZZ1;0076;2024-04-30;17:45;0042;;0.00;0.00
Z102_30_042024_MASSENA.CSV;;MC#01;TRANSACTION;FILE102;ZZ1;0076;2024-04-30;17:45;0043;;0.00;0.00
Z102_30_042024_MASSENA.CSV;;MC#01;TRANSACTION;FILE102;ZZ1;0076;2024-04-30;17:45;0044;;0.00;0.00
Z102_30_042024_MASSENA.CSV;;MC#01;TRANSACTION;FILE102;ZZ1;0076;2024-04-30;17:45;0045;;0.00;0.00
Z102_30_042024_MASSENA.CSV;;MC#01;TRANSACTION;FILE102;ZZ1;0076;2024-04-30;17:45;0046;;0.00;0.00
Z102_30_042024_MASSENA.CSV;;MC#01;TRANSACTION;FILE102;ZZ1;0076;2024-04-30;17:45;0047;;0.00;0.00
Z102_30_042024_MASSENA.CSV;;MC#01;TRANSACTION;FILE102;ZZ1;0076;2024-04-30;17:45;0048;;0.00;0.00
Z102_30_042024_MASSENA.CSV;;MC#01;TRANSACTION;FILE102;ZZ1;0076;2024-04-30;17:45;0049;;0.00;0.00
Z102_30_042024_MASSENA.CSV;;MC#01;TRANSACTION;FILE102;ZZ1;0076;2024-04-30;17:45;0050;;0.00;0.00
Z102_30_112024_MASSENA.CSV;;MC#01;TRANSACTION;FILE102;ZZ1;0083;2024-11-30;18:36;0001;ESPECES;4.00;1746.00
Z102_30_112024_MASSENA.CSV;;MC#01;TRANSACTION;FILE102;ZZ1;0083;2024-11-30;18:36;0002;SOUS-TOTAL;0.00;0.00
Z102_30_112024_MASSENA.CSV;;MC#01;TRANSACTION;FILE102;ZZ1;0083;2024-11-30;18:36;0003;CARTES;8.00;2986.60
Z102_30_112024_MASSENA.CSV;;MC#01;TRANSACTION;FILE102;ZZ1;0083;2024-11-30;18:36;0004;CHEQUES;0.00;0.00
Z102_30_112024_MASSENA.CSV;;MC#01;TRANSACTION;FILE102;ZZ1;0083;2024-11-30;18:36;0005;AIDE;0.00;0.00
Z102_30_112024_MASSENA.CSV;;MC#01;TRANSACTION;FILE102;ZZ1;0083;2024-11-30;18:36;0006;TAX PGM;0.00;0.00
Z102_30_112024_MASSENA.CSV;;MC#01;TRANSACTION;FILE102;ZZ1;0083;2024-11-30;18:36;0007;SORTIECAISSE;0.00;0.00
Z102_30_112024_MASSENA.CSV;;MC#01;TRANSACTION;FILE102;ZZ1;0083;2024-11-30;18:36;0008;REC&ACCOMPTE;0.00;0.00
Z102_30_112024_MASSENA.CSV;;MC#01;TRANSACTION;FILE102;ZZ1;0083;2024-11-30;18:36;0009;SIGN-OFF;0.00;0.00
Z102_30_112024_MASSENA.CSV;;MC#01;TRANSACTION;FILE102;ZZ1;0083;2024-11-30;18:36;0010;NUM CAISSIER;0.00;0.00
Z102_30_112024_MASSENA.CSV;;MC#01;TRANSACTION;FILE102;ZZ1;0083;2024-11-30;18:36;0011;SHIFT/No;0.00;0.00
Z102_30_112024_MASSENA.CSV;;MC#01;TRANSACTION;FILE102;ZZ1;0083;2024-11-30;18:36;0012;DWN;0.00;0.00
Z102_30_112024_MASSENA.CSV;;MC#01;TRANSACTION;FILE102;ZZ1;0083;2024-11-30;18:36;0013;REMISE %-;0.00;0.00
Z102_30_112024_MASSENA.CSV;;MC#01;TRANSACTION;FILE102;ZZ1;0083;2024-11-30;18:36;0014;REMISE -;0.00;0.00
Z102_30_112024_MASSENA.CSV;;MC#01;TRANSACTION;FILE102;ZZ1;0083;2024-11-30;18:36;0015;PLU;0.00;0.00
Z102_30_112024_MASSENA.CSV;;MC#01;TRANSACTION;FILE102;ZZ1;0083;2024-11-30;18:36;0016;PRIX;0.00;0.00
Z102_30_112024_MASSENA.CSV;;MC#01;TRANSACTION;FILE102;ZZ1;0083;2024-11-30;18:36;0017;TICKETON/OFF;0.00;0.00
Z102_30_112024_MASSENA.CSV;;MC#01;TRANSACTION;FILE102;ZZ1;0083;2024-11-30;18:36;0018;CORRECTION;0.00;0.00
Z102_30_112024_MASSENA.CSV;;MC#01;TRANSACTION;FILE102;ZZ1;0083;2024-11-30;18:36;0019;RETOUR;0.00;0.00
Z102_30_112024_MASSENA.CSV;;MC#01;TRANSACTION;FILE102;ZZ1;0083;2024-11-30;18:36;0020;OUVERTURE;0.00;0.00
Z102_30_112024_MASSENA.CSV;;MC#01;TRANSACTION;FILE102;ZZ1;0083;2024-11-30;18:36;0021;RAPPELTICKET;0.00;0.00
Z102_30_112024_MASSENA.CSV;;MC#01;TRANSACTION;FILE102;ZZ1;0083;2024-11-30;18:36;0022;00;0.00;0.00
Z102_30_112024_MASSENA.CSV;;MC#01;TRANSACTION;FILE102;ZZ1;0083;2024-11-30;18:36;0023;.;0.00;0.00
Z102_30_112024_MASSENA.CSV;;MC#01;TRANSACTION;FILE102;ZZ1;0083;2024-11-30;18:36;0024;IMPRIME TVA;0.00;0.00
Z102_30_112024_MASSENA.CSV;;MC#01;TRANSACTION;FILE102;ZZ1;0083;2024-11-30;18:36;0025;TIROIR;0.00;0.00
Z102_30_112024_MASSENA.CSV;;MC#01;TRANSACTION;FILE102;ZZ1;0083;2024-11-30;18:36;0026;COUPON;0.00;0.00
Z102_30_112024_MASSENA.CSV;;MC#01;TRANSACTION;FILE102;ZZ1;0083;2024-11-30;18:36;0027;UP;0.00;0.00
Z102_30_112024_MASSENA.CSV;;MC#01;TRANSACTION;FILE102;ZZ1;0083;2024-11-30;18:36;0028;CHANGE;0.00;0.00
Z102_30_112024_MASSENA.CSV;;MC#01;TRANSACTION;FILE102;ZZ1;0083;2024-11-30;18:36;0029;X;0.00;0.00
Z102_30_112024_MASSENA.CSV;;MC#01;TRANSACTION;FILE102;ZZ1;0083;2024-11-30;18:36;0030;REFERENCE;0.00;0.00
Z102_30_112024_MASSENA.CSV;;MC#01;TRANSACTION;FILE102;ZZ1;0083;2024-11-30;18:36;0031;REF./TIROIR;0.00;0.00
Z102_30_112024_MASSENA.CSV;;MC#01;TRANSACTION;FILE102;ZZ1;0083;2024-11-30;18:36;0032;ANNULATION;0.00;0.00
Z102_30_112024_MASSENA.CSV;;MC#01;TRANSACTION;FILE102;ZZ1;0083;2024-11-30;18:36;0033;;0.00;0.00
Z102_30_112024_MASSENA.CSV;;MC#01;TRANSACTION;FILE102;ZZ1;0083;2024-11-30;18:36;0034;;0.00;0.00
Z102_30_112024_MASSENA.CSV;;MC#01;TRANSACTION;FILE102;ZZ1;0083;2024-11-30;18:36;0035;;0.00;0.00
Z102_30_112024_MASSENA.CSV;;MC#01;TRANSACTION;FILE102;ZZ1;0083;2024-11-30;18:36;0036;;0.00;0.00
Z102_30_112024_MASSENA.CSV;;MC#01;TRANSACTION;FILE102;ZZ1;0083;2024-11-30;18:36;0037;;0.00;0.00
Z102_30_112024_MASSENA.CSV;;MC#01;TRANSACTION;FILE102;ZZ1;0083;2024-11-30;18:36;0038;;0.00;0.00
Z102_30_112024_MASSENA.CSV;;MC#01;TRANSACTION;FILE102;ZZ1;0083;2024-11-30;18:36;0039;;0.00;0.00
Z102_30_112024_MASSENA.CSV;;MC#01;TRANSACTION;FILE102;ZZ1;0083;2024-11-30;18:36;0040;;0.00;0.00
Z102_30_112024_MASSENA.CSV;;MC#01;TRANSACTION;FILE102;ZZ1;0083;2024-11-30;18:36;0041;;0.00;0.00
Z102_30_112024_MASSENA.CSV;;MC#01;TRANSACTION;FILE102;ZZ1;0083;2024-11-30;18:36;0042;;0.00;0.00
Z102_30_112024_MASSENA.CSV;;MC#01;TRANSACTION;FILE102;ZZ1;0083;2024-11-30;18:36;0043;;0.00;0.00
Z102_30_112024_MASSENA.CSV;;MC#01;TRANSACTION;FILE102;ZZ1;0083;2024-11-30;18:36;0044;;0.00;0.00
Z102_30_112024_MASSENA.CSV;;MC#01;TRANSACTION;FILE102;ZZ1;0083;2024-11-30;18:36;0045;;0.00;0.00
Z102_30_112024_MASSENA.CSV;;MC#01;TRANSACTION;FILE102;ZZ1;0083;2024-11-30;18:36;0046;;0.00;0.00
Z102_30_112024_MASSENA.CSV;;MC#01;TRANSACTION;FILE102;ZZ1;0083;2024-11-30;18:36;0047;;0.00;0.00
Z102_30_112024_MASSENA.CSV;;MC#01;TRANSACTION;FILE102;ZZ1;0083;2024-11-30;18:36;0048;;0.00;0.00
Z102_30_112024_MASSENA.CSV;;MC#01;TRANSACTION;FILE102;ZZ1;0083;2024-11-30;18:36;0049;;0.00;0.00
Z102_30_112024_MASSENA.CSV;;MC#01;TRANSACTION;FILE102;ZZ1;0083;2024-11-30;18:36;0050;;0.00;0.00
Z202_01A_052024_MASSENA.CSV;;MC#01;TRANSACTION;FILE202;ZZ2;0073;2024-06-01;16:17;0001;ESPECES;17.00;8967.90
Z202_01A_052024_MASSENA.CSV;;MC#01;TRANSACTION;FILE202;ZZ2;0073;2024-06-01;16:17;0002;SOUS-TOTAL;0.00;0.00
Z202_01A_052024_MASSENA.CSV;;MC#01;TRANSACTION;FILE202;ZZ2;0073;2024-06-01;16:17;0003;CARTES;11.00;10232.30
Z202_01A_052024_MASSENA.CSV;;MC#01;TRANSACTION;FILE202;ZZ2;0073;2024-06-01;16:17;0004;CHEQUES;0.00;0.00
Z202_01A_052024_MASSENA.CSV;;MC#01;TRANSACTION;FILE202;ZZ2;0073;2024-06-01;16:17;0005;AIDE;0.00;0.00
Z202_01A_052024_MASSENA.CSV;;MC#01;TRANSACTION;FILE202;ZZ2;0073;2024-06-01;16:17;0006;TAX PGM;0.00;0.00
Z202_01A_052024_MASSENA.CSV;;MC#01;TRANSACTION;FILE202;ZZ2;0073;2024-06-01;16:17;0007;SORTIECAISSE;0.00;0.00
Z202_01A_052024_MASSENA.CSV;;MC#01;TRANSACTION;FILE202;ZZ2;0073;2024-06-01;16:17;0008;REC&ACCOMPTE;0.00;0.00
Z202_01A_052024_MASSENA.CSV;;MC#01;TRANSACTION;FILE202;ZZ2;0073;2024-06-01;16:17;0009;SIGN-OFF;0.00;0.00
Z202_01A_052024_MASSENA.CSV;;MC#01;TRANSACTION;FILE202;ZZ2;0073;2024-06-01;16:17;0010;NUM CAISSIER;0.00;0.00
Z202_01A_052024_MASSENA.CSV;;MC#01;TRANSACTION;FILE202;ZZ2;0073;2024-06-01;16:17;0011;SHIFT/No;0.00;0.00
Z202_01A_052024_MASSENA.CSV;;MC#01;TRANSACTION;FILE202;ZZ2;0073;2024-06-01;16:17;0012;DWN;0.00;0.00
Z202_01A_052024_MASSENA.CSV;;MC#01;TRANSACTION;FILE202;ZZ2;0073;2024-06-01;16:17;0013;REMISE %-;0.00;0.00
Z202_01A_052024_MASSENA.CSV;;MC#01;TRANSACTION;FILE202;ZZ2;0073;2024-06-01;16:17;0014;REMISE -;0.00;0.00
Z202_01A_052024_MASSENA.CSV;;MC#01;TRANSACTION;FILE202;ZZ2;0073;2024-06-01;16:17;0015;PLU;0.00;0.00
Z202_01A_052024_MASSENA.CSV;;MC#01;TRANSACTION;FILE202;ZZ2;0073;2024-06-01;16:17;0016;PRIX;0.00;0.00
Z202_01A_052024_MASSENA.CSV;;MC#01;TRANSACTION;FILE202;ZZ2;0073;2024-06-01;16:17;0017;TICKETON/OFF;0.00;0.00
Z202_01A_052024_MASSENA.CSV;;MC#01;TRANSACTION;FILE202;ZZ2;0073;2024-06-01;16:17;0018;CORRECTION;0.00;0.00
Z202_01A_052024_MASSENA.CSV;;MC#01;TRANSACTION;FILE202;ZZ2;0073;2024-06-01;16:17;0019;RETOUR;0.00;0.00
Z202_01A_052024_MASSENA.CSV;;MC#01;TRANSACTION;FILE202;ZZ2;0073;2024-06-01;16:17;0020;OUVERTURE;0.00;0.00
Z202_01A_052024_MASSENA.CSV;;MC#01;TRANSACTION;FILE202;ZZ2;0073;2024-06-01;16:17;0021;RAPPELTICKET;0.00;0.00
Z202_01A_052024_MASSENA.CSV;;MC#01;TRANSACTION;FILE202;ZZ2;0073;2024-06-01;16:17;0022;00;0.00;0.00
Z202_01A_052024_MASSENA.CSV;;MC#01;TRANSACTION;FILE202;ZZ2;0073;2024-06-01;16:17;0023;.;0.00;0.00
Z202_01A_052024_MASSENA.CSV;;MC#01;TRANSACTION;FILE202;ZZ2;0073;2024-06-01;16:17;0024;IMPRIME TVA;0.00;0.00
Z202_01A_052024_MASSENA.CSV;;MC#01;TRANSACTION;FILE202;ZZ2;0073;2024-06-01;16:17;0025;TIROIR;0.00;0.00
Z202_01A_052024_MASSENA.CSV;;MC#01;TRANSACTION;FILE202;ZZ2;0073;2024-06-01;16:17;0026;COUPON;0.00;0.00
Z202_01A_052024_MASSENA.CSV;;MC#01;TRANSACTION;FILE202;ZZ2;0073;2024-06-01;16:17;0027;UP;0.00;0.00
Z202_01A_052024_MASSENA.CSV;;MC#01;TRANSACTION;FILE202;ZZ2;0073;2024-06-01;16:17;0028;CHANGE;0.00;0.00
Z202_01A_052024_MASSENA.CSV;;MC#01;TRANSACTION;FILE202;ZZ2;0073;2024-06-01;16:17;0029;X;0.00;0.00
Z202_01A_052024_MASSENA.CSV;;MC#01;TRANSACTION;FILE202;ZZ2;0073;2024-06-01;16:17;0030;REFERENCE;0.00;0.00
Z202_01A_052024_MASSENA.CSV;;MC#01;TRANSACTION;FILE202;ZZ2;0073;2024-06-01;16:17;0031;REF./TIROIR;1.00;0.00
Z202_01A_052024_MASSENA.CSV;;MC#01;TRANSACTION;FILE202;ZZ2;0073;2024-06-01;16:17;0032;ANNULATION;0.00;0.00
Z202_01A_052024_MASSENA.CSV;;MC#01;TRANSACTION;FILE202;ZZ2;0073;2024-06-01;16:17;0033;;0.00;0.00
Z202_01A_052024_MASSENA.CSV;;MC#01;TRANSACTION;FILE202;ZZ2;0073;2024-06-01;16:17;0034;;0.00;0.00
Z202_01A_052024_MASSENA.CSV;;MC#01;TRANSACTION;FILE202;ZZ2;0073;2024-06-01;16:17;0035;;0.00;0.00
Z202_01A_052024_MASSENA.CSV;;MC#01;TRANSACTION;FILE202;ZZ2;0073;2024-06-01;16:17;0036;;0.00;0.00
Z202_01A_052024_MASSENA.CSV;;MC#01;TRANSACTION;FILE202;ZZ2;0073;2024-06-01;16:17;0037;;0.00;0.00
Z202_01A_052024_MASSENA.CSV;;MC#01;TRANSACTION;FILE202;ZZ2;0073;2024-06-01;16:17;0038;;0.00;0.00
Z202_01A_052024_MASSENA.CSV;;MC#01;TRANSACTION;FILE202;ZZ2;0073;2024-06-01;16:17;0039;;0.00;0.00
Z202_01A_052024_MASSENA.CSV;;MC#01;TRANSACTION;FILE202;ZZ2;0073;2024-06-01;16:17;0040;;0.00;0.00
Z202_01A_052024_MASSENA.CSV;;MC#01;TRANSACTION;FILE202;ZZ2;0073;2024-06-01;16:17;0041;;0.00;0.00
Z202_01A_052024_MASSENA.CSV;;MC#01;TRANSACTION;FILE202;ZZ2;0073;2024-06-01;16:17;0042;;0.00;0.00
Z202_01A_052024_MASSENA.CSV;;MC#01;TRANSACTION;FILE202;ZZ2;0073;2024-06-01;16:17;0043;;0.00;0.00
Z202_01A_052024_MASSENA.CSV;;MC#01;TRANSACTION;FILE202;ZZ2;0073;2024-06-01;16:17;0044;;0.00;0.00
Z202_01A_052024_MASSENA.CSV;;MC#01;TRANSACTION;FILE202;ZZ2;0073;2024-06-01;16:17;0045;;0.00;0.00
Z202_01A_052024_MASSENA.CSV;;MC#01;TRANSACTION;FILE202;ZZ2;0073;2024-06-01;16:17;0046;;0.00;0.00
Z202_01A_052024_MASSENA.CSV;;MC#01;TRANSACTION;FILE202;ZZ2;0073;2024-06-01;16:17;0047;;0.00;0.00
Z202_01A_052024_MASSENA.CSV;;MC#01;TRANSACTION;FILE202;ZZ2;0073;2024-06-01;16:17;0048;;0.00;0.00
Z202_01A_052024_MASSENA.CSV;;MC#01;TRANSACTION;FILE202;ZZ2;0073;2024-06-01;16:17;0049;;0.00;0.00
Z202_01A_052024_MASSENA.CSV;;MC#01;TRANSACTION;FILE202;ZZ2;0073;2024-06-01;16:17;0050;;0.00;0.00
Z202_01A_062024_MASSENA.CSV;;MC#01;TRANSACTION;FILE202;ZZ2;0074;2024-07-01;11:34;0001;ESPECES;31.00;18295.90
Z202_01A_062024_MASSENA.CSV;;MC#01;TRANSACTION;FILE202;ZZ2;0074;2024-07-01;11:34;0002;SOUS-TOTAL;0.00;0.00
Z202_01A_062024_MASSENA.CSV;;MC#01;TRANSACTION;FILE202;ZZ2;0074;2024-07-01;11:34;0003;CARTES;16.00;15382.00
Z202_01A_062024_MASSENA.CSV;;MC#01;TRANSACTION;FILE202;ZZ2;0074;2024-07-01;11:34;0004;CHEQUES;0.00;0.00
Z202_01A_062024_MASSENA.CSV;;MC#01;TRANSACTION;FILE202;ZZ2;0074;2024-07-01;11:34;0005;AIDE;0.00;0.00
Z202_01A_062024_MASSENA.CSV;;MC#01;TRANSACTION;FILE202;ZZ2;0074;2024-07-01;11:34;0006;TAX PGM;0.00;0.00
Z202_01A_062024_MASSENA.CSV;;MC#01;TRANSACTION;FILE202;ZZ2;0074;2024-07-01;11:34;0007;SORTIECAISSE;0.00;0.00
Z202_01A_062024_MASSENA.CSV;;MC#01;TRANSACTION;FILE202;ZZ2;0074;2024-07-01;11:34;0008;REC&ACCOMPTE;0.00;0.00
Z202_01A_062024_MASSENA.CSV;;MC#01;TRANSACTION;FILE202;ZZ2;0074;2024-07-01;11:34;0009;SIGN-OFF;0.00;0.00
Z202_01A_062024_MASSENA.CSV;;MC#01;TRANSACTION;FILE202;ZZ2;0074;2024-07-01;11:34;0010;NUM CAISSIER;0.00;0.00
Z202_01A_062024_MASSENA.CSV;;MC#01;TRANSACTION;FILE202;ZZ2;0074;2024-07-01;11:34;0011;SHIFT/No;0.00;0.00
Z202_01A_062024_MASSENA.CSV;;MC#01;TRANSACTION;FILE202;ZZ2;0074;2024-07-01;11:34;0012;DWN;0.00;0.00
Z202_01A_062024_MASSENA.CSV;;MC#01;TRANSACTION;FILE202;ZZ2;0074;2024-07-01;11:34;0013;REMISE %-;0.00;0.00
Z202_01A_062024_MASSENA.CSV;;MC#01;TRANSACTION;FILE202;ZZ2;0074;2024-07-01;11:34;0014;REMISE -;0.00;0.00
Z202_01A_062024_MASSENA.CSV;;MC#01;TRANSACTION;FILE202;ZZ2;0074;2024-07-01;11:34;0015;PLU;0.00;0.00
Z202_01A_062024_MASSENA.CSV;;MC#01;TRANSACTION;FILE202;ZZ2;0074;2024-07-01;11:34;0016;PRIX;0.00;0.00
Z202_01A_062024_MASSENA.CSV;;MC#01;TRANSACTION;FILE202;ZZ2;0074;2024-07-01;11:34;0017;TICKETON/OFF;0.00;0.00
Z202_01A_062024_MASSENA.CSV;;MC#01;TRANSACTION;FILE202;ZZ2;0074;2024-07-01;11:34;0018;CORRECTION;0.00;0.00
Z202_01A_062024_MASSENA.CSV;;MC#01;TRANSACTION;FILE202;ZZ2;0074;2024-07-01;11:34;0019;RETOUR;0.00;0.00
Z202_01A_062024_MASSENA.CSV;;MC#01;TRANSACTION;FILE202;ZZ2;0074;2024-07-01;11:34;0020;OUVERTURE;0.00;0.00
Z202_01A_062024_MASSENA.CSV;;MC#01;TRANSACTION;FILE202;ZZ2;0074;2024-07-01;11:34;0021;RAPPELTICKET;0.00;0.00
Z202_01A_062024_MASSENA.CSV;;MC#01;TRANSACTION;FILE202;ZZ2;0074;2024-07-01;11:34;0022;00;0.00;0.00
Z202_01A_062024_MASSENA.CSV;;MC#01;TRANSACTION;FILE202;ZZ2;0074;2024-07-01;11:34;0023;.;0.00;0.00
Z202_01A_062024_MASSENA.CSV;;MC#01;TRANSACTION;FILE202;ZZ2;0074;2024-07-01;11:34;0024;IMPRIME TVA;0.00;0.00
Z202_01A_062024_MASSENA.CSV;;MC#01;TRANSACTION;FILE202;ZZ2;0074;2024-07-01;11:34;0025;TIROIR;0.00;0.00
Z202_01A_062024_MASSENA.CSV;;MC#01;TRANSACTION;FILE202;ZZ2;0074;2024-07-01;11:34;0026;COUPON;0.00;0.00
Z202_01A_062024_MASSENA.CSV;;MC#01;TRANSACTION;FILE202;ZZ2;0074;2024-07-01;11:34;0027;UP;0.00;0.00
Z202_01A_062024_MASSENA.CSV;;MC#01;TRANSACTION;FILE202;ZZ2;0074;2024-07-01;11:34;0028;CHANGE;0.00;0.00
Z202_01A_062024_MASSENA.CSV;;MC#01;TRANSACTION;FILE202;ZZ2;0074;2024-07-01;11:34;0029;X;0.00;0.00
Z202_01A_062024_MASSENA.CSV;;MC#01;TRANSACTION;FILE202;ZZ2;0074;2024-07-01;11:34;0030;REFERENCE;0.00;0.00
Z202_01A_062024_MASSENA.CSV;;MC#01;TRANSACTION;FILE202;ZZ2;0074;2024-07-01;11:34;0031;REF./TIROIR;0.00;0.00
Z202_01A_062024_MASSENA.CSV;;MC#01;TRANSACTION;FILE202;ZZ2;0074;2024-07-01;11:34;0032;ANNULATION;0.00;0.00
Z202_01A_062024_MASSENA.CSV;;MC#01;TRANSACTION;FILE202;ZZ2;0074;2024-07-01;11:34;0033;;0.00;0.00
Z202_01A_062024_MASSENA.CSV;;MC#01;TRANSACTION;FILE202;ZZ2;0074;2024-07-01;11:34;0034;;0.00;0.00
Z202_01A_062024_MASSENA.CSV;;MC#01;TRANSACTION;FILE202;ZZ2;0074;2024-07-01;11:34;0035;;0.00;0.00
Z202_01A_062024_MASSENA.CSV;;MC#01;TRANSACTION;FILE202;ZZ2;0074;2024-07-01;11:34;0036;;0.00;0.00
Z202_01A_062024_MASSENA.CSV;;MC#01;TRANSACTION;FILE202;ZZ2;0074;2024-07-01;11:34;0037;;0.00;0.00
Z202_01A_062024_MASSENA.CSV;;MC#01;TRANSACTION;FILE202;ZZ2;0074;2024-07-01;11:34;0038;;0.00;0.00
Z202_01A_062024_MASSENA.CSV;;MC#01;TRANSACTION;FILE202;ZZ2;0074;2024-07-01;11:34;0039;;0.00;0.00
Z202_01A_062024_MASSENA.CSV;;MC#01;TRANSACTION;FILE202;ZZ2;0074;2024-07-01;11:34;0040;;0.00;0.00
Z202_01A_062024_MASSENA.CSV;;MC#01;TRANSACTION;FILE202;ZZ2;0074;2024-07-01;11:34;0041;;0.00;0.00
Z202_01A_062024_MASSENA.CSV;;MC#01;TRANSACTION;FILE202;ZZ2;0074;2024-07-01;11:34;0042;;0.00;0.00
Z202_01A_062024_MASSENA.CSV;;MC#01;TRANSACTION;FILE202;ZZ2;0074;2024-07-01;11:34;0043;;0.00;0.00
Z202_01A_062024_MASSENA.CSV;;MC#01;TRANSACTION;FILE202;ZZ2;0074;2024-07-01;11:34;0044;;0.00;0.00
Z202_01A_062024_MASSENA.CSV;;MC#01;TRANSACTION;FILE202;ZZ2;0074;2024-07-01;11:34;0045;;0.00;0.00
Z202_01A_062024_MASSENA.CSV;;MC#01;TRANSACTION;FILE202;ZZ2;0074;2024-07-01;11:34;0046;;0.00;0.00
Z202_01A_062024_MASSENA.CSV;;MC#01;TRANSACTION;FILE202;ZZ2;0074;2024-07-01;11:34;0047;;0.00;0.00
Z202_01A_062024_MASSENA.CSV;;MC#01;TRANSACTION;FILE202;ZZ2;0074;2024-07-01;11:34;0048;;0.00;0.00
Z202_01A_062024_MASSENA.CSV;;MC#01;TRANSACTION;FILE202;ZZ2;0074;2024-07-01;11:34;0049;;0.00;0.00
Z202_01A_062024_MASSENA.CSV;;MC#01;TRANSACTION;FILE202;ZZ2;0074;2024-07-01;11:34;0050;;0.00;0.00
Z202_01A_092024_MASSENA.CSV;;MC#01;TRANSACTION;FILE202;ZZ2;0077;2024-10-01;15:46;0001;ESPECES;22.00;12235.90
Z202_01A_092024_MASSENA.CSV;;MC#01;TRANSACTION;FILE202;ZZ2;0077;2024-10-01;15:46;0002;SOUS-TOTAL;0.00;0.00
Z202_01A_092024_MASSENA.CSV;;MC#01;TRANSACTION;FILE202;ZZ2;0077;2024-10-01;15:46;0003;CARTES;3.00;1214.00
Z202_01A_092024_MASSENA.CSV;;MC#01;TRANSACTION;FILE202;ZZ2;0077;2024-10-01;15:46;0004;CHEQUES;0.00;0.00
Z202_01A_092024_MASSENA.CSV;;MC#01;TRANSACTION;FILE202;ZZ2;0077;2024-10-01;15:46;0005;AIDE;0.00;0.00
Z202_01A_092024_MASSENA.CSV;;MC#01;TRANSACTION;FILE202;ZZ2;0077;2024-10-01;15:46;0006;TAX PGM;0.00;0.00
Z202_01A_092024_MASSENA.CSV;;MC#01;TRANSACTION;FILE202;ZZ2;0077;2024-10-01;15:46;0007;SORTIECAISSE;0.00;0.00
Z202_01A_092024_MASSENA.CSV;;MC#01;TRANSACTION;FILE202;ZZ2;0077;2024-10-01;15:46;0008;REC&ACCOMPTE;0.00;0.00
Z202_01A_092024_MASSENA.CSV;;MC#01;TRANSACTION;FILE202;ZZ2;0077;2024-10-01;15:46;0009;SIGN-OFF;0.00;0.00
Z202_01A_092024_MASSENA.CSV;;MC#01;TRANSACTION;FILE202;ZZ2;0077;2024-10-01;15:46;0010;NUM CAISSIER;0.00;0.00
Z202_01A_092024_MASSENA.CSV;;MC#01;TRANSACTION;FILE202;ZZ2;0077;2024-10-01;15:46;0011;SHIFT/No;0.00;0.00
Z202_01A_092024_MASSENA.CSV;;MC#01;TRANSACTION;FILE202;ZZ2;0077;2024-10-01;15:46;0012;DWN;0.00;0.00
Z202_01A_092024_MASSENA.CSV;;MC#01;TRANSACTION;FILE202;ZZ2;0077;2024-10-01;15:46;0013;REMISE %-;0.00;0.00
Z202_01A_092024_MASSENA.CSV;;MC#01;TRANSACTION;FILE202;ZZ2;0077;2024-10-01;15:46;0014;REMISE -;0.00;0.00
Z202_01A_092024_MASSENA.CSV;;MC#01;TRANSACTION;FILE202;ZZ2;0077;2024-10-01;15:46;0015;PLU;0.00;0.00
Z202_01A_092024_MASSENA.CSV;;MC#01;TRANSACTION;FILE202;ZZ2;0077;2024-10-01;15:46;0016;PRIX;0.00;0.00
Z202_01A_092024_MASSENA.CSV;;MC#01;TRANSACTION;FILE202;ZZ2;0077;2024-10-01;15:46;0017;TICKETON/OFF;0.00;0.00
Z202_01A_092024_MASSENA.CSV;;MC#01;TRANSACTION;FILE202;ZZ2;0077;2024-10-01;15:46;0018;CORRECTION;0.00;0.00
Z202_01A_092024_MASSENA.CSV;;MC#01;TRANSACTION;FILE202;ZZ2;0077;2024-10-01;15:46;0019;RETOUR;0.00;0.00
Z202_01A_092024_MASSENA.CSV;;MC#01;TRANSACTION;FILE202;ZZ2;0077;2024-10-01;15:46;0020;OUVERTURE;0.00;0.00
Z202_01A_092024_MASSENA.CSV;;MC#01;TRANSACTION;FILE202;ZZ2;0077;2024-10-01;15:46;0021;RAPPELTICKET;0.00;0.00
Z202_01A_092024_MASSENA.CSV;;MC#01;TRANSACTION;FILE202;ZZ2;0077;2024-10-01;15:46;0022;00;0.00;0.00
Z202_01A_092024_MASSENA.CSV;;MC#01;TRANSACTION;FILE202;ZZ2;0077;2024-10-01;15:46;0023;.;0.00;0.00
Z202_01A_092024_MASSENA.CSV;;MC#01;TRANSACTION;FILE202;ZZ2;0077;2024-10-01;15:46;0024;IMPRIME TVA;0.00;0.00
Z202_01A_092024_MASSENA.CSV;;MC#01;TRANSACTION;FILE202;ZZ2;0077;2024-10-01;15:46;0025;TIROIR;0.00;0.00
Z202_01A_092024_MASSENA.CSV;;MC#01;TRANSACTION;FILE202;ZZ2;0077;2024-10-01;15:46;0026;COUPON;0.00;0.00
Z202_01A_092024_MASSENA.CSV;;MC#01;TRANSACTION;FILE202;ZZ2;0077;2024-10-01;15:46;0027;UP;0.00;0.00
Z202_01A_092024_MASSENA.CSV;;MC#01;TRANSACTION;FILE202;ZZ2;0077;2024-10-01;15:46;0028;CHANGE;0.00;0.00
Z202_01A_092024_MASSENA.CSV;;MC#01;TRANSACTION;FILE202;ZZ2;0077;2024-10-01;15:46;0029;X;0.00;0.00
Z202_01A_092024_MASSENA.CSV;;MC#01;TRANSACTION;FILE202;ZZ2;0077;2024-10-01;15:46;0030;REFERENCE;0.00;0.00
Z202_01A_092024_MASSENA.CSV;;MC#01;TRANSACTION;FILE202;ZZ2;0077;2024-10-01;15:46;0031;REF./TIROIR;0.00;0.00
Z202_01A_092024_MASSENA.CSV;;MC#01;TRANSACTION;FILE202;ZZ2;0077;2024-10-01;15:46;0032;ANNULATION;0.00;0.00
Z202_01A_092024_MASSENA.CSV;;MC#01;TRANSACTION;FILE202;ZZ2;0077;2024-10-01;15:46;0033;;0.00;0.00
Z202_01A_092024_MASSENA.CSV;;MC#01;TRANSACTION;FILE202;ZZ2;0077;2024-10-01;15:46;0034;;0.00;0.00
Z202_01A_092024_MASSENA.CSV;;MC#01;TRANSACTION;FILE202;ZZ2;0077;2024-10-01;15:46;0035;;0.00;0.00
Z202_01A_092024_MASSENA.CSV;;MC#01;TRANSACTION;FILE202;ZZ2;0077;2024-10-01;15:46;0036;;0.00;0.00
Z202_01A_092024_MASSENA.CSV;;MC#01;TRANSACTION;FILE202;ZZ2;0077;2024-10-01;15:46;0037;;0.00;0.00
Z202_01A_092024_MASSENA.CSV;;MC#01;TRANSACTION;FILE202;ZZ2;0077;2024-10-01;15:46;0038;;0.00;0.00
Z202_01A_092024_MASSENA.CSV;;MC#01;TRANSACTION;FILE202;ZZ2;0077;2024-10-01;15:46;0039;;0.00;0.00
Z202_01A_092024_MASSENA.CSV;;MC#01;TRANSACTION;FILE202;ZZ2;0077;2024-10-01;15:46;0040;;0.00;0.00
Z202_01A_092024_MASSENA.CSV;;MC#01;TRANSACTION;FILE202;ZZ2;0077;2024-10-01;15:46;0041;;0.00;0.00
Z202_01A_092024_MASSENA.CSV;;MC#01;TRANSACTION;FILE202;ZZ2;0077;2024-10-01;15:46;0042;;0.00;0.00
Z202_01A_092024_MASSENA.CSV;;MC#01;TRANSACTION;FILE202;ZZ2;0077;2024-10-01;15:46;0043;;0.00;0.00
Z202_01A_092024_MASSENA.CSV;;MC#01;TRANSACTION;FILE202;ZZ2;0077;2024-10-01;15:46;0044;;0.00;0.00
Z202_01A_092024_MASSENA.CSV;;MC#01;TRANSACTION;FILE202;ZZ2;0077;2024-10-01;15:46;0045;;0.00;0.00
Z202_01A_092024_MASSENA.CSV;;MC#01;TRANSACTION;FILE202;ZZ2;0077;2024-10-01;15:46;0046;;0.00;0.00
Z202_01A_092024_MASSENA.CSV;;MC#01;TRANSACTION;FILE202;ZZ2;0077;2024-10-01;15:46;0047;;0.00;0.00
Z202_01A_092024_MASSENA.CSV;;MC#01;TRANSACTION;FILE202;ZZ2;0077;2024-10-01;15:46;0048;;0.00;0.00
Z202_01A_092024_MASSENA.CSV;;MC#01;TRANSACTION;FILE202;ZZ2;0077;2024-10-01;15:46;0049;;0.00;0.00
Z202_01A_092024_MASSENA.CSV;;MC#01;TRANSACTION;FILE202;ZZ2;0077;2024-10-01;15:46;0050;;0.00;0.00
Z202_02A_012024_MASSENA.CSV;;MC#01;TRANSACTION;FILE202;ZZ2;0069;2024-02-02;10:46;0001;ESPECES;15.00;9224.00
Z202_02A_012024_MASSENA.CSV;;MC#01;TRANSACTION;FILE202;ZZ2;0069;2024-02-02;10:46;0002;SOUS-TOTAL;0.00;0.00
Z202_02A_012024_MASSENA.CSV;;MC#01;TRANSACTION;FILE202;ZZ2;0069;2024-02-02;10:46;0003;CARTES;6.00;2324.00
Z202_02A_012024_MASSENA.CSV;;MC#01;TRANSACTION;FILE202;ZZ2;0069;2024-02-02;10:46;0004;CHEQUES;0.00;0.00
Z202_02A_012024_MASSENA.CSV;;MC#01;TRANSACTION;FILE202;ZZ2;0069;2024-02-02;10:46;0005;AIDE;0.00;0.00
Z202_02A_012024_MASSENA.CSV;;MC#01;TRANSACTION;FILE202;ZZ2;0069;2024-02-02;10:46;0006;TAX PGM;0.00;0.00
Z202_02A_012024_MASSENA.CSV;;MC#01;TRANSACTION;FILE202;ZZ2;0069;2024-02-02;10:46;0007;SORTIECAISSE;0.00;0.00
Z202_02A_012024_MASSENA.CSV;;MC#01;TRANSACTION;FILE202;ZZ2;0069;2024-02-02;10:46;0008;REC&ACCOMPTE;0.00;0.00
Z202_02A_012024_MASSENA.CSV;;MC#01;TRANSACTION;FILE202;ZZ2;0069;2024-02-02;10:46;0009;SIGN-OFF;0.00;0.00
Z202_02A_012024_MASSENA.CSV;;MC#01;TRANSACTION;FILE202;ZZ2;0069;2024-02-02;10:46;0010;NUM CAISSIER;0.00;0.00
Z202_02A_012024_MASSENA.CSV;;MC#01;TRANSACTION;FILE202;ZZ2;0069;2024-02-02;10:46;0011;SHIFT/No;0.00;0.00
Z202_02A_012024_MASSENA.CSV;;MC#01;TRANSACTION;FILE202;ZZ2;0069;2024-02-02;10:46;0012;DWN;0.00;0.00
Z202_02A_012024_MASSENA.CSV;;MC#01;TRANSACTION;FILE202;ZZ2;0069;2024-02-02;10:46;0013;REMISE %-;0.00;0.00
Z202_02A_012024_MASSENA.CSV;;MC#01;TRANSACTION;FILE202;ZZ2;0069;2024-02-02;10:46;0014;REMISE -;0.00;0.00
Z202_02A_012024_MASSENA.CSV;;MC#01;TRANSACTION;FILE202;ZZ2;0069;2024-02-02;10:46;0015;PLU;0.00;0.00
Z202_02A_012024_MASSENA.CSV;;MC#01;TRANSACTION;FILE202;ZZ2;0069;2024-02-02;10:46;0016;PRIX;0.00;0.00
Z202_02A_012024_MASSENA.CSV;;MC#01;TRANSACTION;FILE202;ZZ2;0069;2024-02-02;10:46;0017;TICKETON/OFF;0.00;0.00
Z202_02A_012024_MASSENA.CSV;;MC#01;TRANSACTION;FILE202;ZZ2;0069;2024-02-02;10:46;0018;CORRECTION;0.00;0.00
Z202_02A_012024_MASSENA.CSV;;MC#01;TRANSACTION;FILE202;ZZ2;0069;2024-02-02;10:46;0019;RETOUR;0.00;0.00
Z202_02A_012024_MASSENA.CSV;;MC#01;TRANSACTION;FILE202;ZZ2;0069;2024-02-02;10:46;0020;OUVERTURE;0.00;0.00
Z202_02A_012024_MASSENA.CSV;;MC#01;TRANSACTION;FILE202;ZZ2;0069;2024-02-02;10:46;0021;RAPPELTICKET;0.00;0.00
Z202_02A_012024_MASSENA.CSV;;MC#01;TRANSACTION;FILE202;ZZ2;0069;2024-02-02;10:46;0022;00;0.00;0.00
Z202_02A_012024_MASSENA.CSV;;MC#01;TRANSACTION;FILE202;ZZ2;0069;2024-02-02;10:46;0023;.;0.00;0.00
Z202_02A_012024_MASSENA.CSV;;MC#01;TRANSACTION;FILE202;ZZ2;0069;2024-02-02;10:46;0024;IMPRIME TVA;0.00;0.00
Z202_02A_012024_MASSENA.CSV;;MC#01;TRANSACTION;FILE202;ZZ2;0069;2024-02-02;10:46;0025;TIROIR;0.00;0.00
Z202_02A_012024_MASSENA.CSV;;MC#01;TRANSACTION;FILE202;ZZ2;0069;2024-02-02;10:46;0026;COUPON;0.00;0.00
Z202_02A_012024_MASSENA.CSV;;MC#01;TRANSACTION;FILE202;ZZ2;0069;2024-02-02;10:46;0027;UP;0.00;0.00
Z202_02A_012024_MASSENA.CSV;;MC#01;TRANSACTION;FILE202;ZZ2;0069;2024-02-02;10:46;0028;CHANGE;0.00;0.00
Z202_02A_012024_MASSENA.CSV;;MC#01;TRANSACTION;FILE202;ZZ2;0069;2024-02-02;10:46;0029;X;0.00;0.00
Z202_02A_012024_MASSENA.CSV;;MC#01;TRANSACTION;FILE202;ZZ2;0069;2024-02-02;10:46;0030;REFERENCE;0.00;0.00
Z202_02A_012024_MASSENA.CSV;;MC#01;TRANSACTION;FILE202;ZZ2;0069;2024-02-02;10:46;0031;REF./TIROIR;0.00;0.00
Z202_02A_012024_MASSENA.CSV;;MC#01;TRANSACTION;FILE202;ZZ2;0069;2024-02-02;10:46;0032;ANNULATION;0.00;0.00
Z202_02A_012024_MASSENA.CSV;;MC#01;TRANSACTION;FILE202;ZZ2;0069;2024-02-02;10:46;0033;;0.00;0.00
Z202_02A_012024_MASSENA.CSV;;MC#01;TRANSACTION;FILE202;ZZ2;0069;2024-02-02;10:46;0034;;0.00;0.00
Z202_02A_012024_MASSENA.CSV;;MC#01;TRANSACTION;FILE202;ZZ2;0069;2024-02-02;10:46;0035;;0.00;0.00
Z202_02A_012024_MASSENA.CSV;;MC#01;TRANSACTION;FILE202;ZZ2;0069;2024-02-02;10:46;0036;;0.00;0.00
Z202_02A_012024_MASSENA.CSV;;MC#01;TRANSACTION;FILE202;ZZ2;0069;2024-02-02;10:46;0037;;0.00;0.00
Z202_02A_012024_MASSENA.CSV;;MC#01;TRANSACTION;FILE202;ZZ2;0069;2024-02-02;10:46;0038;;0.00;0.00
Z202_02A_012024_MASSENA.CSV;;MC#01;TRANSACTION;FILE202;ZZ2;0069;2024-02-02;10:46;0039;;0.00;0.00
Z202_02A_012024_MASSENA.CSV;;MC#01;TRANSACTION;FILE202;ZZ2;0069;2024-02-02;10:46;0040;;0.00;0.00
Z202_02A_012024_MASSENA.CSV;;MC#01;TRANSACTION;FILE202;ZZ2;0069;2024-02-02;10:46;0041;;0.00;0.00
Z202_02A_012024_MASSENA.CSV;;MC#01;TRANSACTION;FILE202;ZZ2;0069;2024-02-02;10:46;0042;;0.00;0.00
Z202_02A_012024_MASSENA.CSV;;MC#01;TRANSACTION;FILE202;ZZ2;0069;2024-02-02;10:46;0043;;0.00;0.00
Z202_02A_012024_MASSENA.CSV;;MC#01;TRANSACTION;FILE202;ZZ2;0069;2024-02-02;10:46;0044;;0.00;0.00
Z202_02A_012024_MASSENA.CSV;;MC#01;TRANSACTION;FILE202;ZZ2;0069;2024-02-02;10:46;0045;;0.00;0.00
Z202_02A_012024_MASSENA.CSV;;MC#01;TRANSACTION;FILE202;ZZ2;0069;2024-02-02;10:46;0046;;0.00;0.00
Z202_02A_012024_MASSENA.CSV;;MC#01;TRANSACTION;FILE202;ZZ2;0069;2024-02-02;10:46;0047;;0.00;0.00
Z202_02A_012024_MASSENA.CSV;;MC#01;TRANSACTION;FILE202;ZZ2;0069;2024-02-02;10:46;0048;;0.00;0.00
Z202_02A_012024_MASSENA.CSV;;MC#01;TRANSACTION;FILE202;ZZ2;0069;2024-02-02;10:46;0049;;0.00;0.00
Z202_02A_012024_MASSENA.CSV;;MC#01;TRANSACTION;FILE202;ZZ2;0069;2024-02-02;10:46;0050;;0.00;0.00
Z202_02A_022024_MASSENA.CSV;;MC#01;TRANSACTION;FILE202;ZZ2;0070;2024-03-02;14:51;0001;ESPECES;13.00;7040.00
Z202_02A_022024_MASSENA.CSV;;MC#01;TRANSACTION;FILE202;ZZ2;0070;2024-03-02;14:51;0002;SOUS-TOTAL;0.00;0.00
Z202_02A_022024_MASSENA.CSV;;MC#01;TRANSACTION;FILE202;ZZ2;0070;2024-03-02;14:51;0003;CARTES;11.00;4954.00
Z202_02A_022024_MASSENA.CSV;;MC#01;TRANSACTION;FILE202;ZZ2;0070;2024-03-02;14:51;0004;CHEQUES;0.00;0.00
Z202_02A_022024_MASSENA.CSV;;MC#01;TRANSACTION;FILE202;ZZ2;0070;2024-03-02;14:51;0005;AIDE;0.00;0.00
Z202_02A_022024_MASSENA.CSV;;MC#01;TRANSACTION;FILE202;ZZ2;0070;2024-03-02;14:51;0006;TAX PGM;0.00;0.00
Z202_02A_022024_MASSENA.CSV;;MC#01;TRANSACTION;FILE202;ZZ2;0070;2024-03-02;14:51;0007;SORTIECAISSE;0.00;0.00
Z202_02A_022024_MASSENA.CSV;;MC#01;TRANSACTION;FILE202;ZZ2;0070;2024-03-02;14:51;0008;REC&ACCOMPTE;0.00;0.00
Z202_02A_022024_MASSENA.CSV;;MC#01;TRANSACTION;FILE202;ZZ2;0070;2024-03-02;14:51;0009;SIGN-OFF;0.00;0.00
Z202_02A_022024_MASSENA.CSV;;MC#01;TRANSACTION;FILE202;ZZ2;0070;2024-03-02;14:51;0010;NUM CAISSIER;0.00;0.00
Z202_02A_022024_MASSENA.CSV;;MC#01;TRANSACTION;FILE202;ZZ2;0070;2024-03-02;14:51;0011;SHIFT/No;0.00;0.00
Z202_02A_022024_MASSENA.CSV;;MC#01;TRANSACTION;FILE202;ZZ2;0070;2024-03-02;14:51;0012;DWN;0.00;0.00
Z202_02A_022024_MASSENA.CSV;;MC#01;TRANSACTION;FILE202;ZZ2;0070;2024-03-02;14:51;0013;REMISE %-;0.00;0.00
Z202_02A_022024_MASSENA.CSV;;MC#01;TRANSACTION;FILE202;ZZ2;0070;2024-03-02;14:51;0014;REMISE -;0.00;0.00
Z202_02A_022024_MASSENA.CSV;;MC#01;TRANSACTION;FILE202;ZZ2;0070;2024-03-02;14:51;0015;PLU;0.00;0.00
Z202_02A_022024_MASSENA.CSV;;MC#01;TRANSACTION;FILE202;ZZ2;0070;2024-03-02;14:51;0016;PRIX;0.00;0.00
Z202_02A_022024_MASSENA.CSV;;MC#01;TRANSACTION;FILE202;ZZ2;0070;2024-03-02;14:51;0017;TICKETON/OFF;0.00;0.00
Z202_02A_022024_MASSENA.CSV;;MC#01;TRANSACTION;FILE202;ZZ2;0070;2024-03-02;14:51;0018;CORRECTION;0.00;0.00
Z202_02A_022024_MASSENA.CSV;;MC#01;TRANSACTION;FILE202;ZZ2;0070;2024-03-02;14:51;0019;RETOUR;0.00;0.00
Z202_02A_022024_MASSENA.CSV;;MC#01;TRANSACTION;FILE202;ZZ2;0070;2024-03-02;14:51;0020;OUVERTURE;0.00;0.00
Z202_02A_022024_MASSENA.CSV;;MC#01;TRANSACTION;FILE202;ZZ2;0070;2024-03-02;14:51;0021;RAPPELTICKET;0.00;0.00
Z202_02A_022024_MASSENA.CSV;;MC#01;TRANSACTION;FILE202;ZZ2;0070;2024-03-02;14:51;0022;00;0.00;0.00
Z202_02A_022024_MASSENA.CSV;;MC#01;TRANSACTION;FILE202;ZZ2;0070;2024-03-02;14:51;0023;.;0.00;0.00
Z202_02A_022024_MASSENA.CSV;;MC#01;TRANSACTION;FILE202;ZZ2;0070;2024-03-02;14:51;0024;IMPRIME TVA;0.00;0.00
Z202_02A_022024_MASSENA.CSV;;MC#01;TRANSACTION;FILE202;ZZ2;0070;2024-03-02;14:51;0025;TIROIR;0.00;0.00
Z202_02A_022024_MASSENA.CSV;;MC#01;TRANSACTION;FILE202;ZZ2;0070;2024-03-02;14:51;0026;COUPON;0.00;0.00
Z202_02A_022024_MASSENA.CSV;;MC#01;TRANSACTION;FILE202;ZZ2;0070;2024-03-02;14:51;0027;UP;0.00;0.00
Z202_02A_022024_MASSENA.CSV;;MC#01;TRANSACTION;FILE202;ZZ2;0070;2024-03-02;14:51;0028;CHANGE;0.00;0.00
Z202_02A_022024_MASSENA.CSV;;MC#01;TRANSACTION;FILE202;ZZ2;0070;2024-03-02;14:51;0029;X;0.00;0.00
Z202_02A_022024_MASSENA.CSV;;MC#01;TRANSACTION;FILE202;ZZ2;0070;2024-03-02;14:51;0030;REFERENCE;0.00;0.00
Z202_02A_022024_MASSENA.CSV;;MC#01;TRANSACTION;FILE202;ZZ2;0070;2024-03-02;14:51;0031;REF./TIROIR;1.00;0.00
Z202_02A_022024_MASSENA.CSV;;MC#01;TRANSACTION;FILE202;ZZ2;0070;2024-03-02;14:51;0032;ANNULATION;0.00;0.00
Z202_02A_022024_MASSENA.CSV;;MC#01;TRANSACTION;FILE202;ZZ2;0070;2024-03-02;14:51;0033;;0.00;0.00
Z202_02A_022024_MASSENA.CSV;;MC#01;TRANSACTION;FILE202;ZZ2;0070;2024-03-02;14:51;0034;;0.00;0.00
Z202_02A_022024_MASSENA.CSV;;MC#01;TRANSACTION;FILE202;ZZ2;0070;2024-03-02;14:51;0035;;0.00;0.00
Z202_02A_022024_MASSENA.CSV;;MC#01;TRANSACTION;FILE202;ZZ2;0070;2024-03-02;14:51;0036;;0.00;0.00
Z202_02A_022024_MASSENA.CSV;;MC#01;TRANSACTION;FILE202;ZZ2;0070;2024-03-02;14:51;0037;;0.00;0.00
Z202_02A_022024_MASSENA.CSV;;MC#01;TRANSACTION;FILE202;ZZ2;0070;2024-03-02;14:51;0038;;0.00;0.00
Z202_02A_022024_MASSENA.CSV;;MC#01;TRANSACTION;FILE202;ZZ2;0070;2024-03-02;14:51;0039;;0.00;0.00
Z202_02A_022024_MASSENA.CSV;;MC#01;TRANSACTION;FILE202;ZZ2;0070;2024-03-02;14:51;0040;;0.00;0.00
Z202_02A_022024_MASSENA.CSV;;MC#01;TRANSACTION;FILE202;ZZ2;0070;2024-03-02;14:51;0041;;0.00;0.00
Z202_02A_022024_MASSENA.CSV;;MC#01;TRANSACTION;FILE202;ZZ2;0070;2024-03-02;14:51;0042;;0.00;0.00
Z202_02A_022024_MASSENA.CSV;;MC#01;TRANSACTION;FILE202;ZZ2;0070;2024-03-02;14:51;0043;;0.00;0.00
Z202_02A_022024_MASSENA.CSV;;MC#01;TRANSACTION;FILE202;ZZ2;0070;2024-03-02;14:51;0044;;0.00;0.00
Z202_02A_022024_MASSENA.CSV;;MC#01;TRANSACTION;FILE202;ZZ2;0070;2024-03-02;14:51;0045;;0.00;0.00
Z202_02A_022024_MASSENA.CSV;;MC#01;TRANSACTION;FILE202;ZZ2;0070;2024-03-02;14:51;0046;;0.00;0.00
Z202_02A_022024_MASSENA.CSV;;MC#01;TRANSACTION;FILE202;ZZ2;0070;2024-03-02;14:51;0047;;0.00;0.00
Z202_02A_022024_MASSENA.CSV;;MC#01;TRANSACTION;FILE202;ZZ2;0070;2024-03-02;14:51;0048;;0.00;0.00
Z202_02A_022024_MASSENA.CSV;;MC#01;TRANSACTION;FILE202;ZZ2;0070;2024-03-02;14:51;0049;;0.00;0.00
Z202_02A_022024_MASSENA.CSV;;MC#01;TRANSACTION;FILE202;ZZ2;0070;2024-03-02;14:51;0050;;0.00;0.00
Z202_02A_032024_MASSENA.CSV;;MC#01;TRANSACTION;FILE202;ZZ2;0071;2024-04-02;10:01;0001;ESPECES;33.00;14266.60
Z202_02A_032024_MASSENA.CSV;;MC#01;TRANSACTION;FILE202;ZZ2;0071;2024-04-02;10:01;0002;SOUS-TOTAL;0.00;0.00
Z202_02A_032024_MASSENA.CSV;;MC#01;TRANSACTION;FILE202;ZZ2;0071;2024-04-02;10:01;0003;CARTES;4.00;1044.50
Z202_02A_032024_MASSENA.CSV;;MC#01;TRANSACTION;FILE202;ZZ2;0071;2024-04-02;10:01;0004;CHEQUES;0.00;0.00
Z202_02A_032024_MASSENA.CSV;;MC#01;TRANSACTION;FILE202;ZZ2;0071;2024-04-02;10:01;0005;AIDE;0.00;0.00
Z202_02A_032024_MASSENA.CSV;;MC#01;TRANSACTION;FILE202;ZZ2;0071;2024-04-02;10:01;0006;TAX PGM;0.00;0.00
Z202_02A_032024_MASSENA.CSV;;MC#01;TRANSACTION;FILE202;ZZ2;0071;2024-04-02;10:01;0007;SORTIECAISSE;0.00;0.00
Z202_02A_032024_MASSENA.CSV;;MC#01;TRANSACTION;FILE202;ZZ2;0071;2024-04-02;10:01;0008;REC&ACCOMPTE;0.00;0.00
Z202_02A_032024_MASSENA.CSV;;MC#01;TRANSACTION;FILE202;ZZ2;0071;2024-04-02;10:01;0009;SIGN-OFF;0.00;0.00
Z202_02A_032024_MASSENA.CSV;;MC#01;TRANSACTION;FILE202;ZZ2;0071;2024-04-02;10:01;0010;NUM CAISSIER;0.00;0.00
Z202_02A_032024_MASSENA.CSV;;MC#01;TRANSACTION;FILE202;ZZ2;0071;2024-04-02;10:01;0011;SHIFT/No;0.00;0.00
Z202_02A_032024_MASSENA.CSV;;MC#01;TRANSACTION;FILE202;ZZ2;0071;2024-04-02;10:01;0012;DWN;0.00;0.00
Z202_02A_032024_MASSENA.CSV;;MC#01;TRANSACTION;FILE202;ZZ2;0071;2024-04-02;10:01;0013;REMISE %-;0.00;0.00
Z202_02A_032024_MASSENA.CSV;;MC#01;TRANSACTION;FILE202;ZZ2;0071;2024-04-02;10:01;0014;REMISE -;0.00;0.00
Z202_02A_032024_MASSENA.CSV;;MC#01;TRANSACTION;FILE202;ZZ2;0071;2024-04-02;10:01;0015;PLU;0.00;0.00
Z202_02A_032024_MASSENA.CSV;;MC#01;TRANSACTION;FILE202;ZZ2;0071;2024-04-02;10:01;0016;PRIX;0.00;0.00
Z202_02A_032024_MASSENA.CSV;;MC#01;TRANSACTION;FILE202;ZZ2;0071;2024-04-02;10:01;0017;TICKETON/OFF;0.00;0.00
Z202_02A_032024_MASSENA.CSV;;MC#01;TRANSACTION;FILE202;ZZ2;0071;2024-04-02;10:01;0018;CORRECTION;0.00;0.00
Z202_02A_032024_MASSENA.CSV;;MC#01;TRANSACTION;FILE202;ZZ2;0071;2024-04-02;10:01;0019;RETOUR;0.00;0.00
Z202_02A_032024_MASSENA.CSV;;MC#01;TRANSACTION;FILE202;ZZ2;0071;2024-04-02;10:01;0020;OUVERTURE;0.00;0.00
Z202_02A_032024_MASSENA.CSV;;MC#01;TRANSACTION;FILE202;ZZ2;0071;2024-04-02;10:01;0021;RAPPELTICKET;0.00;0.00
Z202_02A_032024_MASSENA.CSV;;MC#01;TRANSACTION;FILE202;ZZ2;0071;2024-04-02;10:01;0022;00;0.00;0.00
Z202_02A_032024_MASSENA.CSV;;MC#01;TRANSACTION;FILE202;ZZ2;0071;2024-04-02;10:01;0023;.;0.00;0.00
Z202_02A_032024_MASSENA.CSV;;MC#01;TRANSACTION;FILE202;ZZ2;0071;2024-04-02;10:01;0024;IMPRIME TVA;0.00;0.00
Z202_02A_032024_MASSENA.CSV;;MC#01;TRANSACTION;FILE202;ZZ2;0071;2024-04-02;10:01;0025;TIROIR;0.00;0.00
Z202_02A_032024_MASSENA.CSV;;MC#01;TRANSACTION;FILE202;ZZ2;0071;2024-04-02;10:01;0026;COUPON;0.00;0.00
Z202_02A_032024_MASSENA.CSV;;MC#01;TRANSACTION;FILE202;ZZ2;0071;2024-04-02;10:01;0027;UP;0.00;0.00
Z202_02A_032024_MASSENA.CSV;;MC#01;TRANSACTION;FILE202;ZZ2;0071;2024-04-02;10:01;0028;CHANGE;0.00;0.00
Z202_02A_032024_MASSENA.CSV;;MC#01;TRANSACTION;FILE202;ZZ2;0071;2024-04-02;10:01;0029;X;0.00;0.00
Z202_02A_032024_MASSENA.CSV;;MC#01;TRANSACTION;FILE202;ZZ2;0071;2024-04-02;10:01;0030;REFERENCE;0.00;0.00
Z202_02A_032024_MASSENA.CSV;;MC#01;TRANSACTION;FILE202;ZZ2;0071;2024-04-02;10:01;0031;REF./TIROIR;0.00;0.00
Z202_02A_032024_MASSENA.CSV;;MC#01;TRANSACTION;FILE202;ZZ2;0071;2024-04-02;10:01;0032;ANNULATION;0.00;0.00
Z202_02A_032024_MASSENA.CSV;;MC#01;TRANSACTION;FILE202;ZZ2;0071;2024-04-02;10:01;0033;;0.00;0.00
Z202_02A_032024_MASSENA.CSV;;MC#01;TRANSACTION;FILE202;ZZ2;0071;2024-04-02;10:01;0034;;0.00;0.00
Z202_02A_032024_MASSENA.CSV;;MC#01;TRANSACTION;FILE202;ZZ2;0071;2024-04-02;10:01;0035;;0.00;0.00
Z202_02A_032024_MASSENA.CSV;;MC#01;TRANSACTION;FILE202;ZZ2;0071;2024-04-02;10:01;0036;;0.00;0.00
Z202_02A_032024_MASSENA.CSV;;MC#01;TRANSACTION;FILE202;ZZ2;0071;2024-04-02;10:01;0037;;0.00;0.00
Z202_02A_032024_MASSENA.CSV;;MC#01;TRANSACTION;FILE202;ZZ2;0071;2024-04-02;10:01;0038;;0.00;0.00
Z202_02A_032024_MASSENA.CSV;;MC#01;TRANSACTION;FILE202;ZZ2;0071;2024-04-02;10:01;0039;;0.00;0.00
Z202_02A_032024_MASSENA.CSV;;MC#01;TRANSACTION;FILE202;ZZ2;0071;2024-04-02;10:01;0040;;0.00;0.00
Z202_02A_032024_MASSENA.CSV;;MC#01;TRANSACTION;FILE202;ZZ2;0071;2024-04-02;10:01;0041;;0.00;0.00
Z202_02A_032024_MASSENA.CSV;;MC#01;TRANSACTION;FILE202;ZZ2;0071;2024-04-02;10:01;0042;;0.00;0.00
Z202_02A_032024_MASSENA.CSV;;MC#01;TRANSACTION;FILE202;ZZ2;0071;2024-04-02;10:01;0043;;0.00;0.00
Z202_02A_032024_MASSENA.CSV;;MC#01;TRANSACTION;FILE202;ZZ2;0071;2024-04-02;10:01;0044;;0.00;0.00
Z202_02A_032024_MASSENA.CSV;;MC#01;TRANSACTION;FILE202;ZZ2;0071;2024-04-02;10:01;0045;;0.00;0.00
Z202_02A_032024_MASSENA.CSV;;MC#01;TRANSACTION;FILE202;ZZ2;0071;2024-04-02;10:01;0046;;0.00;0.00
Z202_02A_032024_MASSENA.CSV;;MC#01;TRANSACTION;FILE202;ZZ2;0071;2024-04-02;10:01;0047;;0.00;0.00
Z202_02A_032024_MASSENA.CSV;;MC#01;TRANSACTION;FILE202;ZZ2;0071;2024-04-02;10:01;0048;;0.00;0.00
Z202_02A_032024_MASSENA.CSV;;MC#01;TRANSACTION;FILE202;ZZ2;0071;2024-04-02;10:01;0049;;0.00;0.00
Z202_02A_032024_MASSENA.CSV;;MC#01;TRANSACTION;FILE202;ZZ2;0071;2024-04-02;10:01;0050;;0.00;0.00
Z202_02A_082024_MASSENA.CSV;;MC#01;TRANSACTION;FILE202;ZZ2;0076;2024-09-02;00:41;0001;ESPECES;41.00;24701.80
Z202_02A_082024_MASSENA.CSV;;MC#01;TRANSACTION;FILE202;ZZ2;0076;2024-09-02;00:41;0002;SOUS-TOTAL;0.00;0.00
Z202_02A_082024_MASSENA.CSV;;MC#01;TRANSACTION;FILE202;ZZ2;0076;2024-09-02;00:41;0003;CARTES;8.00;11797.40
Z202_02A_082024_MASSENA.CSV;;MC#01;TRANSACTION;FILE202;ZZ2;0076;2024-09-02;00:41;0004;CHEQUES;0.00;0.00
Z202_02A_082024_MASSENA.CSV;;MC#01;TRANSACTION;FILE202;ZZ2;0076;2024-09-02;00:41;0005;AIDE;0.00;0.00
Z202_02A_082024_MASSENA.CSV;;MC#01;TRANSACTION;FILE202;ZZ2;0076;2024-09-02;00:41;0006;TAX PGM;0.00;0.00
Z202_02A_082024_MASSENA.CSV;;MC#01;TRANSACTION;FILE202;ZZ2;0076;2024-09-02;00:41;0007;SORTIECAISSE;0.00;0.00
Z202_02A_082024_MASSENA.CSV;;MC#01;TRANSACTION;FILE202;ZZ2;0076;2024-09-02;00:41;0008;REC&ACCOMPTE;0.00;0.00
Z202_02A_082024_MASSENA.CSV;;MC#01;TRANSACTION;FILE202;ZZ2;0076;2024-09-02;00:41;0009;SIGN-OFF;0.00;0.00
Z202_02A_082024_MASSENA.CSV;;MC#01;TRANSACTION;FILE202;ZZ2;0076;2024-09-02;00:41;0010;NUM CAISSIER;0.00;0.00
Z202_02A_082024_MASSENA.CSV;;MC#01;TRANSACTION;FILE202;ZZ2;0076;2024-09-02;00:41;0011;SHIFT/No;0.00;0.00
Z202_02A_082024_MASSENA.CSV;;MC#01;TRANSACTION;FILE202;ZZ2;0076;2024-09-02;00:41;0012;DWN;0.00;0.00
Z202_02A_082024_MASSENA.CSV;;MC#01;TRANSACTION;FILE202;ZZ2;0076;2024-09-02;00:41;0013;REMISE %-;0.00;0.00
Z202_02A_082024_MASSENA.CSV;;MC#01;TRANSACTION;FILE202;ZZ2;0076;2024-09-02;00:41;0014;REMISE -;0.00;0.00
Z202_02A_082024_MASSENA.CSV;;MC#01;TRANSACTION;FILE202;ZZ2;0076;2024-09-02;00:41;0015;PLU;0.00;0.00
Z202_02A_082024_MASSENA.CSV;;MC#01;TRANSACTION;FILE202;ZZ2;0076;2024-09-02;00:41;0016;PRIX;0.00;0.00
Z202_02A_082024_MASSENA.CSV;;MC#01;TRANSACTION;FILE202;ZZ2;0076;2024-09-02;00:41;0017;TICKETON/OFF;0.00;0.00
Z202_02A_082024_MASSENA.CSV;;MC#01;TRANSACTION;FILE202;ZZ2;0076;2024-09-02;00:41;0018;CORRECTION;0.00;0.00
Z202_02A_082024_MASSENA.CSV;;MC#01;TRANSACTION;FILE202;ZZ2;0076;2024-09-02;00:41;0019;RETOUR;0.00;0.00
Z202_02A_082024_MASSENA.CSV;;MC#01;TRANSACTION;FILE202;ZZ2;0076;2024-09-02;00:41;0020;OUVERTURE;0.00;0.00
Z202_02A_082024_MASSENA.CSV;;MC#01;TRANSACTION;FILE202;ZZ2;0076;2024-09-02;00:41;0021;RAPPELTICKET;0.00;0.00
Z202_02A_082024_MASSENA.CSV;;MC#01;TRANSACTION;FILE202;ZZ2;0076;2024-09-02;00:41;0022;00;0.00;0.00
Z202_02A_082024_MASSENA.CSV;;MC#01;TRANSACTION;FILE202;ZZ2;0076;2024-09-02;00:41;0023;.;0.00;0.00
Z202_02A_082024_MASSENA.CSV;;MC#01;TRANSACTION;FILE202;ZZ2;0076;2024-09-02;00:41;0024;IMPRIME TVA;0.00;0.00
Z202_02A_082024_MASSENA.CSV;;MC#01;TRANSACTION;FILE202;ZZ2;0076;2024-09-02;00:41;0025;TIROIR;0.00;0.00
Z202_02A_082024_MASSENA.CSV;;MC#01;TRANSACTION;FILE202;ZZ2;0076;2024-09-02;00:41;0026;COUPON;0.00;0.00
Z202_02A_082024_MASSENA.CSV;;MC#01;TRANSACTION;FILE202;ZZ2;0076;2024-09-02;00:41;0027;UP;0.00;0.00
Z202_02A_082024_MASSENA.CSV;;MC#01;TRANSACTION;FILE202;ZZ2;0076;2024-09-02;00:41;0028;CHANGE;0.00;0.00
Z202_02A_082024_MASSENA.CSV;;MC#01;TRANSACTION;FILE202;ZZ2;0076;2024-09-02;00:41;0029;X;0.00;0.00
Z202_02A_082024_MASSENA.CSV;;MC#01;TRANSACTION;FILE202;ZZ2;0076;2024-09-02;00:41;0030;REFERENCE;0.00;0.00
Z202_02A_082024_MASSENA.CSV;;MC#01;TRANSACTION;FILE202;ZZ2;0076;2024-09-02;00:41;0031;REF./TIROIR;0.00;0.00
Z202_02A_082024_MASSENA.CSV;;MC#01;TRANSACTION;FILE202;ZZ2;0076;2024-09-02;00:41;0032;ANNULATION;0.00;0.00
Z202_02A_082024_MASSENA.CSV;;MC#01;TRANSACTION;FILE202;ZZ2;0076;2024-09-02;00:41;0033;;0.00;0.00
Z202_02A_082024_MASSENA.CSV;;MC#01;TRANSACTION;FILE202;ZZ2;0076;2024-09-02;00:41;0034;;0.00;0.00
Z202_02A_082024_MASSENA.CSV;;MC#01;TRANSACTION;FILE202;ZZ2;0076;2024-09-02;00:41;0035;;0.00;0.00
Z202_02A_082024_MASSENA.CSV;;MC#01;TRANSACTION;FILE202;ZZ2;0076;2024-09-02;00:41;0036;;0.00;0.00
Z202_02A_082024_MASSENA.CSV;;MC#01;TRANSACTION;FILE202;ZZ2;0076;2024-09-02;00:41;0037;;0.00;0.00
Z202_02A_082024_MASSENA.CSV;;MC#01;TRANSACTION;FILE202;ZZ2;0076;2024-09-02;00:41;0038;;0.00;0.00
Z202_02A_082024_MASSENA.CSV;;MC#01;TRANSACTION;FILE202;ZZ2;0076;2024-09-02;00:41;0039;;0.00;0.00
Z202_02A_082024_MASSENA.CSV;;MC#01;TRANSACTION;FILE202;ZZ2;0076;2024-09-02;00:41;0040;;0.00;0.00
Z202_02A_082024_MASSENA.CSV;;MC#01;TRANSACTION;FILE202;ZZ2;0076;2024-09-02;00:41;0041;;0.00;0.00
Z202_02A_082024_MASSENA.CSV;;MC#01;TRANSACTION;FILE202;ZZ2;0076;2024-09-02;00:41;0042;;0.00;0.00
Z202_02A_082024_MASSENA.CSV;;MC#01;TRANSACTION;FILE202;ZZ2;0076;2024-09-02;00:41;0043;;0.00;0.00
Z202_02A_082024_MASSENA.CSV;;MC#01;TRANSACTION;FILE202;ZZ2;0076;2024-09-02;00:41;0044;;0.00;0.00
Z202_02A_082024_MASSENA.CSV;;MC#01;TRANSACTION;FILE202;ZZ2;0076;2024-09-02;00:41;0045;;0.00;0.00
Z202_02A_082024_MASSENA.CSV;;MC#01;TRANSACTION;FILE202;ZZ2;0076;2024-09-02;00:41;0046;;0.00;0.00
Z202_02A_082024_MASSENA.CSV;;MC#01;TRANSACTION;FILE202;ZZ2;0076;2024-09-02;00:41;0047;;0.00;0.00
Z202_02A_082024_MASSENA.CSV;;MC#01;TRANSACTION;FILE202;ZZ2;0076;2024-09-02;00:41;0048;;0.00;0.00
Z202_02A_082024_MASSENA.CSV;;MC#01;TRANSACTION;FILE202;ZZ2;0076;2024-09-02;00:41;0049;;0.00;0.00
Z202_02A_082024_MASSENA.CSV;;MC#01;TRANSACTION;FILE202;ZZ2;0076;2024-09-02;00:41;0050;;0.00;0.00
Z202_02A_122024_MASSENA.CSV;;MC#01;TRANSACTION;FILE202;ZZ2;0080;2025-01-02;18:08;0001;ESPECES;22.00;11111.60
Z202_02A_122024_MASSENA.CSV;;MC#01;TRANSACTION;FILE202;ZZ2;0080;2025-01-02;18:08;0002;SOUS-TOTAL;0.00;0.00
Z202_02A_122024_MASSENA.CSV;;MC#01;TRANSACTION;FILE202;ZZ2;0080;2025-01-02;18:08;0003;CARTES;4.00;1882.00
Z202_02A_122024_MASSENA.CSV;;MC#01;TRANSACTION;FILE202;ZZ2;0080;2025-01-02;18:08;0004;CHEQUES;0.00;0.00
Z202_02A_122024_MASSENA.CSV;;MC#01;TRANSACTION;FILE202;ZZ2;0080;2025-01-02;18:08;0005;AIDE;0.00;0.00
Z202_02A_122024_MASSENA.CSV;;MC#01;TRANSACTION;FILE202;ZZ2;0080;2025-01-02;18:08;0006;TAX PGM;0.00;0.00
Z202_02A_122024_MASSENA.CSV;;MC#01;TRANSACTION;FILE202;ZZ2;0080;2025-01-02;18:08;0007;SORTIECAISSE;0.00;0.00
Z202_02A_122024_MASSENA.CSV;;MC#01;TRANSACTION;FILE202;ZZ2;0080;2025-01-02;18:08;0008;REC&ACCOMPTE;0.00;0.00
Z202_02A_122024_MASSENA.CSV;;MC#01;TRANSACTION;FILE202;ZZ2;0080;2025-01-02;18:08;0009;SIGN-OFF;0.00;0.00
Z202_02A_122024_MASSENA.CSV;;MC#01;TRANSACTION;FILE202;ZZ2;0080;2025-01-02;18:08;0010;NUM CAISSIER;0.00;0.00
Z202_02A_122024_MASSENA.CSV;;MC#01;TRANSACTION;FILE202;ZZ2;0080;2025-01-02;18:08;0011;SHIFT/No;0.00;0.00
Z202_02A_122024_MASSENA.CSV;;MC#01;TRANSACTION;FILE202;ZZ2;0080;2025-01-02;18:08;0012;DWN;0.00;0.00
Z202_02A_122024_MASSENA.CSV;;MC#01;TRANSACTION;FILE202;ZZ2;0080;2025-01-02;18:08;0013;REMISE %-;0.00;0.00
Z202_02A_122024_MASSENA.CSV;;MC#01;TRANSACTION;FILE202;ZZ2;0080;2025-01-02;18:08;0014;REMISE -;0.00;0.00
Z202_02A_122024_MASSENA.CSV;;MC#01;TRANSACTION;FILE202;ZZ2;0080;2025-01-02;18:08;0015;PLU;0.00;0.00
Z202_02A_122024_MASSENA.CSV;;MC#01;TRANSACTION;FILE202;ZZ2;0080;2025-01-02;18:08;0016;PRIX;0.00;0.00
Z202_02A_122024_MASSENA.CSV;;MC#01;TRANSACTION;FILE202;ZZ2;0080;2025-01-02;18:08;0017;TICKETON/OFF;0.00;0.00
Z202_02A_122024_MASSENA.CSV;;MC#01;TRANSACTION;FILE202;ZZ2;0080;2025-01-02;18:08;0018;CORRECTION;0.00;0.00
Z202_02A_122024_MASSENA.CSV;;MC#01;TRANSACTION;FILE202;ZZ2;0080;2025-01-02;18:08;0019;RETOUR;0.00;0.00
Z202_02A_122024_MASSENA.CSV;;MC#01;TRANSACTION;FILE202;ZZ2;0080;2025-01-02;18:08;0020;OUVERTURE;0.00;0.00
Z202_02A_122024_MASSENA.CSV;;MC#01;TRANSACTION;FILE202;ZZ2;0080;2025-01-02;18:08;0021;RAPPELTICKET;0.00;0.00
Z202_02A_122024_MASSENA.CSV;;MC#01;TRANSACTION;FILE202;ZZ2;0080;2025-01-02;18:08;0022;00;0.00;0.00
Z202_02A_122024_MASSENA.CSV;;MC#01;TRANSACTION;FILE202;ZZ2;0080;2025-01-02;18:08;0023;.;0.00;0.00
Z202_02A_122024_MASSENA.CSV;;MC#01;TRANSACTION;FILE202;ZZ2;0080;2025-01-02;18:08;0024;IMPRIME TVA;0.00;0.00
Z202_02A_122024_MASSENA.CSV;;MC#01;TRANSACTION;FILE202;ZZ2;0080;2025-01-02;18:08;0025;TIROIR;0.00;0.00
Z202_02A_122024_MASSENA.CSV;;MC#01;TRANSACTION;FILE202;ZZ2;0080;2025-01-02;18:08;0026;COUPON;0.00;0.00
Z202_02A_122024_MASSENA.CSV;;MC#01;TRANSACTION;FILE202;ZZ2;0080;2025-01-02;18:08;0027;UP;0.00;0.00
Z202_02A_122024_MASSENA.CSV;;MC#01;TRANSACTION;FILE202;ZZ2;0080;2025-01-02;18:08;0028;CHANGE;0.00;0.00
Z202_02A_122024_MASSENA.CSV;;MC#01;TRANSACTION;FILE202;ZZ2;0080;2025-01-02;18:08;0029;X;0.00;0.00
Z202_02A_122024_MASSENA.CSV;;MC#01;TRANSACTION;FILE202;ZZ2;0080;2025-01-02;18:08;0030;REFERENCE;0.00;0.00
Z202_02A_122024_MASSENA.CSV;;MC#01;TRANSACTION;FILE202;ZZ2;0080;2025-01-02;18:08;0031;REF./TIROIR;0.00;0.00
Z202_02A_122024_MASSENA.CSV;;MC#01;TRANSACTION;FILE202;ZZ2;0080;2025-01-02;18:08;0032;ANNULATION;0.00;0.00
Z202_02A_122024_MASSENA.CSV;;MC#01;TRANSACTION;FILE202;ZZ2;0080;2025-01-02;18:08;0033;;0.00;0.00
Z202_02A_122024_MASSENA.CSV;;MC#01;TRANSACTION;FILE202;ZZ2;0080;2025-01-02;18:08;0034;;0.00;0.00
Z202_02A_122024_MASSENA.CSV;;MC#01;TRANSACTION;FILE202;ZZ2;0080;2025-01-02;18:08;0035;;0.00;0.00
Z202_02A_122024_MASSENA.CSV;;MC#01;TRANSACTION;FILE202;ZZ2;0080;2025-01-02;18:08;0036;;0.00;0.00
Z202_02A_122024_MASSENA.CSV;;MC#01;TRANSACTION;FILE202;ZZ2;0080;2025-01-02;18:08;0037;;0.00;0.00
Z202_02A_122024_MASSENA.CSV;;MC#01;TRANSACTION;FILE202;ZZ2;0080;2025-01-02;18:08;0038;;0.00;0.00
Z202_02A_122024_MASSENA.CSV;;MC#01;TRANSACTION;FILE202;ZZ2;0080;2025-01-02;18:08;0039;;0.00;0.00
Z202_02A_122024_MASSENA.CSV;;MC#01;TRANSACTION;FILE202;ZZ2;0080;2025-01-02;18:08;0040;;0.00;0.00
Z202_02A_122024_MASSENA.CSV;;MC#01;TRANSACTION;FILE202;ZZ2;0080;2025-01-02;18:08;0041;;0.00;0.00
Z202_02A_122024_MASSENA.CSV;;MC#01;TRANSACTION;FILE202;ZZ2;0080;2025-01-02;18:08;0042;;0.00;0.00
Z202_02A_122024_MASSENA.CSV;;MC#01;TRANSACTION;FILE202;ZZ2;0080;2025-01-02;18:08;0043;;0.00;0.00
Z202_02A_122024_MASSENA.CSV;;MC#01;TRANSACTION;FILE202;ZZ2;0080;2025-01-02;18:08;0044;;0.00;0.00
Z202_02A_122024_MASSENA.CSV;;MC#01;TRANSACTION;FILE202;ZZ2;0080;2025-01-02;18:08;0045;;0.00;0.00
Z202_02A_122024_MASSENA.CSV;;MC#01;TRANSACTION;FILE202;ZZ2;0080;2025-01-02;18:08;0046;;0.00;0.00
Z202_02A_122024_MASSENA.CSV;;MC#01;TRANSACTION;FILE202;ZZ2;0080;2025-01-02;18:08;0047;;0.00;0.00
Z202_02A_122024_MASSENA.CSV;;MC#01;TRANSACTION;FILE202;ZZ2;0080;2025-01-02;18:08;0048;;0.00;0.00
Z202_02A_122024_MASSENA.CSV;;MC#01;TRANSACTION;FILE202;ZZ2;0080;2025-01-02;18:08;0049;;0.00;0.00
Z202_02A_122024_MASSENA.CSV;;MC#01;TRANSACTION;FILE202;ZZ2;0080;2025-01-02;18:08;0050;;0.00;0.00
Z202_03A_072024_MASSENA.CSV;;MC#01;TRANSACTION;FILE202;ZZ2;0075;2024-08-03;16:47;0001;ESPECES;30.00;18210.00
Z202_03A_072024_MASSENA.CSV;;MC#01;TRANSACTION;FILE202;ZZ2;0075;2024-08-03;16:47;0002;SOUS-TOTAL;0.00;0.00
Z202_03A_072024_MASSENA.CSV;;MC#01;TRANSACTION;FILE202;ZZ2;0075;2024-08-03;16:47;0003;CARTES;6.00;9139.00
Z202_03A_072024_MASSENA.CSV;;MC#01;TRANSACTION;FILE202;ZZ2;0075;2024-08-03;16:47;0004;CHEQUES;0.00;0.00
Z202_03A_072024_MASSENA.CSV;;MC#01;TRANSACTION;FILE202;ZZ2;0075;2024-08-03;16:47;0005;AIDE;0.00;0.00
Z202_03A_072024_MASSENA.CSV;;MC#01;TRANSACTION;FILE202;ZZ2;0075;2024-08-03;16:47;0006;TAX PGM;0.00;0.00
Z202_03A_072024_MASSENA.CSV;;MC#01;TRANSACTION;FILE202;ZZ2;0075;2024-08-03;16:47;0007;SORTIECAISSE;0.00;0.00
Z202_03A_072024_MASSENA.CSV;;MC#01;TRANSACTION;FILE202;ZZ2;0075;2024-08-03;16:47;0008;REC&ACCOMPTE;0.00;0.00
Z202_03A_072024_MASSENA.CSV;;MC#01;TRANSACTION;FILE202;ZZ2;0075;2024-08-03;16:47;0009;SIGN-OFF;0.00;0.00
Z202_03A_072024_MASSENA.CSV;;MC#01;TRANSACTION;FILE202;ZZ2;0075;2024-08-03;16:47;0010;NUM CAISSIER;0.00;0.00
Z202_03A_072024_MASSENA.CSV;;MC#01;TRANSACTION;FILE202;ZZ2;0075;2024-08-03;16:47;0011;SHIFT/No;0.00;0.00
Z202_03A_072024_MASSENA.CSV;;MC#01;TRANSACTION;FILE202;ZZ2;0075;2024-08-03;16:47;0012;DWN;0.00;0.00
Z202_03A_072024_MASSENA.CSV;;MC#01;TRANSACTION;FILE202;ZZ2;0075;2024-08-03;16:47;0013;REMISE %-;0.00;0.00
Z202_03A_072024_MASSENA.CSV;;MC#01;TRANSACTION;FILE202;ZZ2;0075;2024-08-03;16:47;0014;REMISE -;0.00;0.00
Z202_03A_072024_MASSENA.CSV;;MC#01;TRANSACTION;FILE202;ZZ2;0075;2024-08-03;16:47;0015;PLU;0.00;0.00
Z202_03A_072024_MASSENA.CSV;;MC#01;TRANSACTION;FILE202;ZZ2;0075;2024-08-03;16:47;0016;PRIX;0.00;0.00
Z202_03A_072024_MASSENA.CSV;;MC#01;TRANSACTION;FILE202;ZZ2;0075;2024-08-03;16:47;0017;TICKETON/OFF;0.00;0.00
Z202_03A_072024_MASSENA.CSV;;MC#01;TRANSACTION;FILE202;ZZ2;0075;2024-08-03;16:47;0018;CORRECTION;0.00;0.00
Z202_03A_072024_MASSENA.CSV;;MC#01;TRANSACTION;FILE202;ZZ2;0075;2024-08-03;16:47;0019;RETOUR;0.00;0.00
Z202_03A_072024_MASSENA.CSV;;MC#01;TRANSACTION;FILE202;ZZ2;0075;2024-08-03;16:47;0020;OUVERTURE;0.00;0.00
Z202_03A_072024_MASSENA.CSV;;MC#01;TRANSACTION;FILE202;ZZ2;0075;2024-08-03;16:47;0021;RAPPELTICKET;0.00;0.00
Z202_03A_072024_MASSENA.CSV;;MC#01;TRANSACTION;FILE202;ZZ2;0075;2024-08-03;16:47;0022;00;0.00;0.00
Z202_03A_072024_MASSENA.CSV;;MC#01;TRANSACTION;FILE202;ZZ2;0075;2024-08-03;16:47;0023;.;0.00;0.00
Z202_03A_072024_MASSENA.CSV;;MC#01;TRANSACTION;FILE202;ZZ2;0075;2024-08-03;16:47;0024;IMPRIME TVA;0.00;0.00
Z202_03A_072024_MASSENA.CSV;;MC#01;TRANSACTION;FILE202;ZZ2;0075;2024-08-03;16:47;0025;TIROIR;0.00;0.00
Z202_03A_072024_MASSENA.CSV;;MC#01;TRANSACTION;FILE202;ZZ2;0075;2024-08-03;16:47;0026;COUPON;0.00;0.00
Z202_03A_072024_MASSENA.CSV;;MC#01;TRANSACTION;FILE202;ZZ2;0075;2024-08-03;16:47;0027;UP;0.00;0.00
Z202_03A_072024_MASSENA.CSV;;MC#01;TRANSACTION;FILE202;ZZ2;0075;2024-08-03;16:47;0028;CHANGE;0.00;0.00
Z202_03A_072024_MASSENA.CSV;;MC#01;TRANSACTION;FILE202;ZZ2;0075;2024-08-03;16:47;0029;X;0.00;0.00
Z202_03A_072024_MASSENA.CSV;;MC#01;TRANSACTION;FILE202;ZZ2;0075;2024-08-03;16:47;0030;REFERENCE;0.00;0.00
Z202_03A_072024_MASSENA.CSV;;MC#01;TRANSACTION;FILE202;ZZ2;0075;2024-08-03;16:47;0031;REF./TIROIR;0.00;0.00
Z202_03A_072024_MASSENA.CSV;;MC#01;TRANSACTION;FILE202;ZZ2;0075;2024-08-03;16:47;0032;ANNULATION;0.00;0.00
Z202_03A_072024_MASSENA.CSV;;MC#01;TRANSACTION;FILE202;ZZ2;0075;2024-08-03;16:47;0033;;0.00;0.00
Z202_03A_072024_MASSENA.CSV;;MC#01;TRANSACTION;FILE202;ZZ2;0075;2024-08-03;16:47;0034;;0.00;0.00
Z202_03A_072024_MASSENA.CSV;;MC#01;TRANSACTION;FILE202;ZZ2;0075;2024-08-03;16:47;0035;;0.00;0.00
Z202_03A_072024_MASSENA.CSV;;MC#01;TRANSACTION;FILE202;ZZ2;0075;2024-08-03;16:47;0036;;0.00;0.00
Z202_03A_072024_MASSENA.CSV;;MC#01;TRANSACTION;FILE202;ZZ2;0075;2024-08-03;16:47;0037;;0.00;0.00
Z202_03A_072024_MASSENA.CSV;;MC#01;TRANSACTION;FILE202;ZZ2;0075;2024-08-03;16:47;0038;;0.00;0.00
Z202_03A_072024_MASSENA.CSV;;MC#01;TRANSACTION;FILE202;ZZ2;0075;2024-08-03;16:47;0039;;0.00;0.00
Z202_03A_072024_MASSENA.CSV;;MC#01;TRANSACTION;FILE202;ZZ2;0075;2024-08-03;16:47;0040;;0.00;0.00
Z202_03A_072024_MASSENA.CSV;;MC#01;TRANSACTION;FILE202;ZZ2;0075;2024-08-03;16:47;0041;;0.00;0.00
Z202_03A_072024_MASSENA.CSV;;MC#01;TRANSACTION;FILE202;ZZ2;0075;2024-08-03;16:47;0042;;0.00;0.00
Z202_03A_072024_MASSENA.CSV;;MC#01;TRANSACTION;FILE202;ZZ2;0075;2024-08-03;16:47;0043;;0.00;0.00
Z202_03A_072024_MASSENA.CSV;;MC#01;TRANSACTION;FILE202;ZZ2;0075;2024-08-03;16:47;0044;;0.00;0.00
Z202_03A_072024_MASSENA.CSV;;MC#01;TRANSACTION;FILE202;ZZ2;0075;2024-08-03;16:47;0045;;0.00;0.00
Z202_03A_072024_MASSENA.CSV;;MC#01;TRANSACTION;FILE202;ZZ2;0075;2024-08-03;16:47;0046;;0.00;0.00
Z202_03A_072024_MASSENA.CSV;;MC#01;TRANSACTION;FILE202;ZZ2;0075;2024-08-03;16:47;0047;;0.00;0.00
Z202_03A_072024_MASSENA.CSV;;MC#01;TRANSACTION;FILE202;ZZ2;0075;2024-08-03;16:47;0048;;0.00;0.00
Z202_03A_072024_MASSENA.CSV;;MC#01;TRANSACTION;FILE202;ZZ2;0075;2024-08-03;16:47;0049;;0.00;0.00
Z202_03A_072024_MASSENA.CSV;;MC#01;TRANSACTION;FILE202;ZZ2;0075;2024-08-03;16:47;0050;;0.00;0.00
Z202_05A_102024_MASSENA.CSV;;MC#01;TRANSACTION;FILE202;ZZ2;0078;2024-11-05;18:09;0001;ESPECES;41.00;22901.70
Z202_05A_102024_MASSENA.CSV;;MC#01;TRANSACTION;FILE202;ZZ2;0078;2024-11-05;18:09;0002;SOUS-TOTAL;0.00;0.00
Z202_05A_102024_MASSENA.CSV;;MC#01;TRANSACTION;FILE202;ZZ2;0078;2024-11-05;18:09;0003;CARTES;2.00;687.00
Z202_05A_102024_MASSENA.CSV;;MC#01;TRANSACTION;FILE202;ZZ2;0078;2024-11-05;18:09;0004;CHEQUES;0.00;0.00
Z202_05A_102024_MASSENA.CSV;;MC#01;TRANSACTION;FILE202;ZZ2;0078;2024-11-05;18:09;0005;AIDE;0.00;0.00
Z202_05A_102024_MASSENA.CSV;;MC#01;TRANSACTION;FILE202;ZZ2;0078;2024-11-05;18:09;0006;TAX PGM;0.00;0.00
Z202_05A_102024_MASSENA.CSV;;MC#01;TRANSACTION;FILE202;ZZ2;0078;2024-11-05;18:09;0007;SORTIECAISSE;0.00;0.00
Z202_05A_102024_MASSENA.CSV;;MC#01;TRANSACTION;FILE202;ZZ2;0078;2024-11-05;18:09;0008;REC&ACCOMPTE;0.00;0.00
Z202_05A_102024_MASSENA.CSV;;MC#01;TRANSACTION;FILE202;ZZ2;0078;2024-11-05;18:09;0009;SIGN-OFF;0.00;0.00
Z202_05A_102024_MASSENA.CSV;;MC#01;TRANSACTION;FILE202;ZZ2;0078;2024-11-05;18:09;0010;NUM CAISSIER;0.00;0.00
Z202_05A_102024_MASSENA.CSV;;MC#01;TRANSACTION;FILE202;ZZ2;0078;2024-11-05;18:09;0011;SHIFT/No;0.00;0.00
Z202_05A_102024_MASSENA.CSV;;MC#01;TRANSACTION;FILE202;ZZ2;0078;2024-11-05;18:09;0012;DWN;0.00;0.00
Z202_05A_102024_MASSENA.CSV;;MC#01;TRANSACTION;FILE202;ZZ2;0078;2024-11-05;18:09;0013;REMISE %-;0.00;0.00
Z202_05A_102024_MASSENA.CSV;;MC#01;TRANSACTION;FILE202;ZZ2;0078;2024-11-05;18:09;0014;REMISE -;0.00;0.00
Z202_05A_102024_MASSENA.CSV;;MC#01;TRANSACTION;FILE202;ZZ2;0078;2024-11-05;18:09;0015;PLU;0.00;0.00
Z202_05A_102024_MASSENA.CSV;;MC#01;TRANSACTION;FILE202;ZZ2;0078;2024-11-05;18:09;0016;PRIX;0.00;0.00
Z202_05A_102024_MASSENA.CSV;;MC#01;TRANSACTION;FILE202;ZZ2;0078;2024-11-05;18:09;0017;TICKETON/OFF;0.00;0.00
Z202_05A_102024_MASSENA.CSV;;MC#01;TRANSACTION;FILE202;ZZ2;0078;2024-11-05;18:09;0018;CORRECTION;0.00;0.00
Z202_05A_102024_MASSENA.CSV;;MC#01;TRANSACTION;FILE202;ZZ2;0078;2024-11-05;18:09;0019;RETOUR;0.00;0.00
Z202_05A_102024_MASSENA.CSV;;MC#01;TRANSACTION;FILE202;ZZ2;0078;2024-11-05;18:09;0020;OUVERTURE;0.00;0.00
Z202_05A_102024_MASSENA.CSV;;MC#01;TRANSACTION;FILE202;ZZ2;0078;2024-11-05;18:09;0021;RAPPELTICKET;0.00;0.00
Z202_05A_102024_MASSENA.CSV;;MC#01;TRANSACTION;FILE202;ZZ2;0078;2024-11-05;18:09;0022;00;0.00;0.00
Z202_05A_102024_MASSENA.CSV;;MC#01;TRANSACTION;FILE202;ZZ2;0078;2024-11-05;18:09;0023;.;0.00;0.00
Z202_05A_102024_MASSENA.CSV;;MC#01;TRANSACTION;FILE202;ZZ2;0078;2024-11-05;18:09;0024;IMPRIME TVA;0.00;0.00
Z202_05A_102024_MASSENA.CSV;;MC#01;TRANSACTION;FILE202;ZZ2;0078;2024-11-05;18:09;0025;TIROIR;0.00;0.00
Z202_05A_102024_MASSENA.CSV;;MC#01;TRANSACTION;FILE202;ZZ2;0078;2024-11-05;18:09;0026;COUPON;0.00;0.00
Z202_05A_102024_MASSENA.CSV;;MC#01;TRANSACTION;FILE202;ZZ2;0078;2024-11-05;18:09;0027;UP;0.00;0.00
Z202_05A_102024_MASSENA.CSV;;MC#01;TRANSACTION;FILE202;ZZ2;0078;2024-11-05;18:09;0028;CHANGE;0.00;0.00
Z202_05A_102024_MASSENA.CSV;;MC#01;TRANSACTION;FILE202;ZZ2;0078;2024-11-05;18:09;0029;X;0.00;0.00
Z202_05A_102024_MASSENA.CSV;;MC#01;TRANSACTION;FILE202;ZZ2;0078;2024-11-05;18:09;0030;REFERENCE;0.00;0.00
Z202_05A_102024_MASSENA.CSV;;MC#01;TRANSACTION;FILE202;ZZ2;0078;2024-11-05;18:09;0031;REF./TIROIR;0.00;0.00
Z202_05A_102024_MASSENA.CSV;;MC#01;TRANSACTION;FILE202;ZZ2;0078;2024-11-05;18:09;0032;ANNULATION;0.00;0.00
Z202_05A_102024_MASSENA.CSV;;MC#01;TRANSACTION;FILE202;ZZ2;0078;2024-11-05;18:09;0033;;0.00;0.00
Z202_05A_102024_MASSENA.CSV;;MC#01;TRANSACTION;FILE202;ZZ2;0078;2024-11-05;18:09;0034;;0.00;0.00
Z202_05A_102024_MASSENA.CSV;;MC#01;TRANSACTION;FILE202;ZZ2;0078;2024-11-05;18:09;0035;;0.00;0.00
Z202_05A_102024_MASSENA.CSV;;MC#01;TRANSACTION;FILE202;ZZ2;0078;2024-11-05;18:09;0036;;0.00;0.00
Z202_05A_102024_MASSENA.CSV;;MC#01;TRANSACTION;FILE202;ZZ2;0078;2024-11-05;18:09;0037;;0.00;0.00
Z202_05A_102024_MASSENA.CSV;;MC#01;TRANSACTION;FILE202;ZZ2;0078;2024-11-05;18:09;0038;;0.00;0.00
Z202_05A_102024_MASSENA.CSV;;MC#01;TRANSACTION;FILE202;ZZ2;0078;2024-11-05;18:09;0039;;0.00;0.00
Z202_05A_102024_MASSENA.CSV;;MC#01;TRANSACTION;FILE202;ZZ2;0078;2024-11-05;18:09;0040;;0.00;0.00
Z202_05A_102024_MASSENA.CSV;;MC#01;TRANSACTION;FILE202;ZZ2;0078;2024-11-05;18:09;0041;;0.00;0.00
Z202_05A_102024_MASSENA.CSV;;MC#01;TRANSACTION;FILE202;ZZ2;0078;2024-11-05;18:09;0042;;0.00;0.00
Z202_05A_102024_MASSENA.CSV;;MC#01;TRANSACTION;FILE202;ZZ2;0078;2024-11-05;18:09;0043;;0.00;0.00
Z202_05A_102024_MASSENA.CSV;;MC#01;TRANSACTION;FILE202;ZZ2;0078;2024-11-05;18:09;0044;;0.00;0.00
Z202_05A_102024_MASSENA.CSV;;MC#01;TRANSACTION;FILE202;ZZ2;0078;2024-11-05;18:09;0045;;0.00;0.00
Z202_05A_102024_MASSENA.CSV;;MC#01;TRANSACTION;FILE202;ZZ2;0078;2024-11-05;18:09;0046;;0.00;0.00
Z202_05A_102024_MASSENA.CSV;;MC#01;TRANSACTION;FILE202;ZZ2;0078;2024-11-05;18:09;0047;;0.00;0.00
Z202_05A_102024_MASSENA.CSV;;MC#01;TRANSACTION;FILE202;ZZ2;0078;2024-11-05;18:09;0048;;0.00;0.00
Z202_05A_102024_MASSENA.CSV;;MC#01;TRANSACTION;FILE202;ZZ2;0078;2024-11-05;18:09;0049;;0.00;0.00
Z202_05A_102024_MASSENA.CSV;;MC#01;TRANSACTION;FILE202;ZZ2;0078;2024-11-05;18:09;0050;;0.00;0.00
Z202_30A_042024_MASSENA.CSV;;MC#01;TRANSACTION;FILE202;ZZ2;0072;2024-04-30;17:46;0001;ESPECES;11.00;2821.90
Z202_30A_042024_MASSENA.CSV;;MC#01;TRANSACTION;FILE202;ZZ2;0072;2024-04-30;17:46;0002;SOUS-TOTAL;0.00;0.00
Z202_30A_042024_MASSENA.CSV;;MC#01;TRANSACTION;FILE202;ZZ2;0072;2024-04-30;17:46;0003;CARTES;14.00;8669.80
Z202_30A_042024_MASSENA.CSV;;MC#01;TRANSACTION;FILE202;ZZ2;0072;2024-04-30;17:46;0004;CHEQUES;0.00;0.00
Z202_30A_042024_MASSENA.CSV;;MC#01;TRANSACTION;FILE202;ZZ2;0072;2024-04-30;17:46;0005;AIDE;0.00;0.00
Z202_30A_042024_MASSENA.CSV;;MC#01;TRANSACTION;FILE202;ZZ2;0072;2024-04-30;17:46;0006;TAX PGM;0.00;0.00
Z202_30A_042024_MASSENA.CSV;;MC#01;TRANSACTION;FILE202;ZZ2;0072;2024-04-30;17:46;0007;SORTIECAISSE;0.00;0.00
Z202_30A_042024_MASSENA.CSV;;MC#01;TRANSACTION;FILE202;ZZ2;0072;2024-04-30;17:46;0008;REC&ACCOMPTE;0.00;0.00
Z202_30A_042024_MASSENA.CSV;;MC#01;TRANSACTION;FILE202;ZZ2;0072;2024-04-30;17:46;0009;SIGN-OFF;0.00;0.00
Z202_30A_042024_MASSENA.CSV;;MC#01;TRANSACTION;FILE202;ZZ2;0072;2024-04-30;17:46;0010;NUM CAISSIER;0.00;0.00
Z202_30A_042024_MASSENA.CSV;;MC#01;TRANSACTION;FILE202;ZZ2;0072;2024-04-30;17:46;0011;SHIFT/No;0.00;0.00
Z202_30A_042024_MASSENA.CSV;;MC#01;TRANSACTION;FILE202;ZZ2;0072;2024-04-30;17:46;0012;DWN;0.00;0.00
Z202_30A_042024_MASSENA.CSV;;MC#01;TRANSACTION;FILE202;ZZ2;0072;2024-04-30;17:46;0013;REMISE %-;0.00;0.00
Z202_30A_042024_MASSENA.CSV;;MC#01;TRANSACTION;FILE202;ZZ2;0072;2024-04-30;17:46;0014;REMISE -;0.00;0.00
Z202_30A_042024_MASSENA.CSV;;MC#01;TRANSACTION;FILE202;ZZ2;0072;2024-04-30;17:46;0015;PLU;0.00;0.00
Z202_30A_042024_MASSENA.CSV;;MC#01;TRANSACTION;FILE202;ZZ2;0072;2024-04-30;17:46;0016;PRIX;0.00;0.00
Z202_30A_042024_MASSENA.CSV;;MC#01;TRANSACTION;FILE202;ZZ2;0072;2024-04-30;17:46;0017;TICKETON/OFF;0.00;0.00
Z202_30A_042024_MASSENA.CSV;;MC#01;TRANSACTION;FILE202;ZZ2;0072;2024-04-30;17:46;0018;CORRECTION;0.00;0.00
Z202_30A_042024_MASSENA.CSV;;MC#01;TRANSACTION;FILE202;ZZ2;0072;2024-04-30;17:46;0019;RETOUR;0.00;0.00
Z202_30A_042024_MASSENA.CSV;;MC#01;TRANSACTION;FILE202;ZZ2;0072;2024-04-30;17:46;0020;OUVERTURE;0.00;0.00
Z202_30A_042024_MASSENA.CSV;;MC#01;TRANSACTION;FILE202;ZZ2;0072;2024-04-30;17:46;0021;RAPPELTICKET;0.00;0.00
Z202_30A_042024_MASSENA.CSV;;MC#01;TRANSACTION;FILE202;ZZ2;0072;2024-04-30;17:46;0022;00;0.00;0.00
Z202_30A_042024_MASSENA.CSV;;MC#01;TRANSACTION;FILE202;ZZ2;0072;2024-04-30;17:46;0023;.;0.00;0.00
Z202_30A_042024_MASSENA.CSV;;MC#01;TRANSACTION;FILE202;ZZ2;0072;2024-04-30;17:46;0024;IMPRIME TVA;0.00;0.00
Z202_30A_042024_MASSENA.CSV;;MC#01;TRANSACTION;FILE202;ZZ2;0072;2024-04-30;17:46;0025;TIROIR;0.00;0.00
Z202_30A_042024_MASSENA.CSV;;MC#01;TRANSACTION;FILE202;ZZ2;0072;2024-04-30;17:46;0026;COUPON;0.00;0.00
Z202_30A_042024_MASSENA.CSV;;MC#01;TRANSACTION;FILE202;ZZ2;0072;2024-04-30;17:46;0027;UP;0.00;0.00
Z202_30A_042024_MASSENA.CSV;;MC#01;TRANSACTION;FILE202;ZZ2;0072;2024-04-30;17:46;0028;CHANGE;0.00;0.00
Z202_30A_042024_MASSENA.CSV;;MC#01;TRANSACTION;FILE202;ZZ2;0072;2024-04-30;17:46;0029;X;0.00;0.00
Z202_30A_042024_MASSENA.CSV;;MC#01;TRANSACTION;FILE202;ZZ2;0072;2024-04-30;17:46;0030;REFERENCE;0.00;0.00
Z202_30A_042024_MASSENA.CSV;;MC#01;TRANSACTION;FILE202;ZZ2;0072;2024-04-30;17:46;0031;REF./TIROIR;1.00;0.00
Z202_30A_042024_MASSENA.CSV;;MC#01;TRANSACTION;FILE202;ZZ2;0072;2024-04-30;17:46;0032;ANNULATION;0.00;0.00
Z202_30A_042024_MASSENA.CSV;;MC#01;TRANSACTION;FILE202;ZZ2;0072;2024-04-30;17:46;0033;;0.00;0.00
Z202_30A_042024_MASSENA.CSV;;MC#01;TRANSACTION;FILE202;ZZ2;0072;2024-04-30;17:46;0034;;0.00;0.00
Z202_30A_042024_MASSENA.CSV;;MC#01;TRANSACTION;FILE202;ZZ2;0072;2024-04-30;17:46;0035;;0.00;0.00
Z202_30A_042024_MASSENA.CSV;;MC#01;TRANSACTION;FILE202;ZZ2;0072;2024-04-30;17:46;0036;;0.00;0.00
Z202_30A_042024_MASSENA.CSV;;MC#01;TRANSACTION;FILE202;ZZ2;0072;2024-04-30;17:46;0037;;0.00;0.00
Z202_30A_042024_MASSENA.CSV;;MC#01;TRANSACTION;FILE202;ZZ2;0072;2024-04-30;17:46;0038;;0.00;0.00
Z202_30A_042024_MASSENA.CSV;;MC#01;TRANSACTION;FILE202;ZZ2;0072;2024-04-30;17:46;0039;;0.00;0.00
Z202_30A_042024_MASSENA.CSV;;MC#01;TRANSACTION;FILE202;ZZ2;0072;2024-04-30;17:46;0040;;0.00;0.00
Z202_30A_042024_MASSENA.CSV;;MC#01;TRANSACTION;FILE202;ZZ2;0072;2024-04-30;17:46;0041;;0.00;0.00
Z202_30A_042024_MASSENA.CSV;;MC#01;TRANSACTION;FILE202;ZZ2;0072;2024-04-30;17:46;0042;;0.00;0.00
Z202_30A_042024_MASSENA.CSV;;MC#01;TRANSACTION;FILE202;ZZ2;0072;2024-04-30;17:46;0043;;0.00;0.00
Z202_30A_042024_MASSENA.CSV;;MC#01;TRANSACTION;FILE202;ZZ2;0072;2024-04-30;17:46;0044;;0.00;0.00
Z202_30A_042024_MASSENA.CSV;;MC#01;TRANSACTION;FILE202;ZZ2;0072;2024-04-30;17:46;0045;;0.00;0.00
Z202_30A_042024_MASSENA.CSV;;MC#01;TRANSACTION;FILE202;ZZ2;0072;2024-04-30;17:46;0046;;0.00;0.00
Z202_30A_042024_MASSENA.CSV;;MC#01;TRANSACTION;FILE202;ZZ2;0072;2024-04-30;17:46;0047;;0.00;0.00
Z202_30A_042024_MASSENA.CSV;;MC#01;TRANSACTION;FILE202;ZZ2;0072;2024-04-30;17:46;0048;;0.00;0.00
Z202_30A_042024_MASSENA.CSV;;MC#01;TRANSACTION;FILE202;ZZ2;0072;2024-04-30;17:46;0049;;0.00;0.00
Z202_30A_042024_MASSENA.CSV;;MC#01;TRANSACTION;FILE202;ZZ2;0072;2024-04-30;17:46;0050;;0.00;0.00
Z202_30A_112024_MASSENA.CSV;;MC#01;TRANSACTION;FILE202;ZZ2;0079;2024-11-30;18:38;0001;ESPECES;4.00;1746.00
Z202_30A_112024_MASSENA.CSV;;MC#01;TRANSACTION;FILE202;ZZ2;0079;2024-11-30;18:38;0002;SOUS-TOTAL;0.00;0.00
Z202_30A_112024_MASSENA.CSV;;MC#01;TRANSACTION;FILE202;ZZ2;0079;2024-11-30;18:38;0003;CARTES;8.00;2986.60
Z202_30A_112024_MASSENA.CSV;;MC#01;TRANSACTION;FILE202;ZZ2;0079;2024-11-30;18:38;0004;CHEQUES;0.00;0.00
Z202_30A_112024_MASSENA.CSV;;MC#01;TRANSACTION;FILE202;ZZ2;0079;2024-11-30;18:38;0005;AIDE;0.00;0.00
Z202_30A_112024_MASSENA.CSV;;MC#01;TRANSACTION;FILE202;ZZ2;0079;2024-11-30;18:38;0006;TAX PGM;0.00;0.00
Z202_30A_112024_MASSENA.CSV;;MC#01;TRANSACTION;FILE202;ZZ2;0079;2024-11-30;18:38;0007;SORTIECAISSE;0.00;0.00
Z202_30A_112024_MASSENA.CSV;;MC#01;TRANSACTION;FILE202;ZZ2;0079;2024-11-30;18:38;0008;REC&ACCOMPTE;0.00;0.00
Z202_30A_112024_MASSENA.CSV;;MC#01;TRANSACTION;FILE202;ZZ2;0079;2024-11-30;18:38;0009;SIGN-OFF;0.00;0.00
Z202_30A_112024_MASSENA.CSV;;MC#01;TRANSACTION;FILE202;ZZ2;0079;2024-11-30;18:38;0010;NUM CAISSIER;0.00;0.00
Z202_30A_112024_MASSENA.CSV;;MC#01;TRANSACTION;FILE202;ZZ2;0079;2024-11-30;18:38;0011;SHIFT/No;0.00;0.00
Z202_30A_112024_MASSENA.CSV;;MC#01;TRANSACTION;FILE202;ZZ2;0079;2024-11-30;18:38;0012;DWN;0.00;0.00
Z202_30A_112024_MASSENA.CSV;;MC#01;TRANSACTION;FILE202;ZZ2;0079;2024-11-30;18:38;0013;REMISE %-;0.00;0.00
Z202_30A_112024_MASSENA.CSV;;MC#01;TRANSACTION;FILE202;ZZ2;0079;2024-11-30;18:38;0014;REMISE -;0.00;0.00
Z202_30A_112024_MASSENA.CSV;;MC#01;TRANSACTION;FILE202;ZZ2;0079;2024-11-30;18:38;0015;PLU;0.00;0.00
Z202_30A_112024_MASSENA.CSV;;MC#01;TRANSACTION;FILE202;ZZ2;0079;2024-11-30;18:38;0016;PRIX;0.00;0.00
Z202_30A_112024_MASSENA.CSV;;MC#01;TRANSACTION;FILE202;ZZ2;0079;2024-11-30;18:38;0017;TICKETON/OFF;0.00;0.00
Z202_30A_112024_MASSENA.CSV;;MC#01;TRANSACTION;FILE202;ZZ2;0079;2024-11-30;18:38;0018;CORRECTION;0.00;0.00
Z202_30A_112024_MASSENA.CSV;;MC#01;TRANSACTION;FILE202;ZZ2;0079;2024-11-30;18:38;0019;RETOUR;0.00;0.00
Z202_30A_112024_MASSENA.CSV;;MC#01;TRANSACTION;FILE202;ZZ2;0079;2024-11-30;18:38;0020;OUVERTURE;0.00;0.00
Z202_30A_112024_MASSENA.CSV;;MC#01;TRANSACTION;FILE202;ZZ2;0079;2024-11-30;18:38;0021;RAPPELTICKET;0.00;0.00
Z202_30A_112024_MASSENA.CSV;;MC#01;TRANSACTION;FILE202;ZZ2;0079;2024-11-30;18:38;0022;00;0.00;0.00
Z202_30A_112024_MASSENA.CSV;;MC#01;TRANSACTION;FILE202;ZZ2;0079;2024-11-30;18:38;0023;.;0.00;0.00
Z202_30A_112024_MASSENA.CSV;;MC#01;TRANSACTION;FILE202;ZZ2;0079;2024-11-30;18:38;0024;IMPRIME TVA;0.00;0.00
Z202_30A_112024_MASSENA.CSV;;MC#01;TRANSACTION;FILE202;ZZ2;0079;2024-11-30;18:38;0025;TIROIR;0.00;0.00
Z202_30A_112024_MASSENA.CSV;;MC#01;TRANSACTION;FILE202;ZZ2;0079;2024-11-30;18:38;0026;COUPON;0.00;0.00
Z202_30A_112024_MASSENA.CSV;;MC#01;TRANSACTION;FILE202;ZZ2;0079;2024-11-30;18:38;0027;UP;0.00;0.00
Z202_30A_112024_MASSENA.CSV;;MC#01;TRANSACTION;FILE202;ZZ2;0079;2024-11-30;18:38;0028;CHANGE;0.00;0.00
Z202_30A_112024_MASSENA.CSV;;MC#01;TRANSACTION;FILE202;ZZ2;0079;2024-11-30;18:38;0029;X;0.00;0.00
Z202_30A_112024_MASSENA.CSV;;MC#01;TRANSACTION;FILE202;ZZ2;0079;2024-11-30;18:38;0030;REFERENCE;0.00;0.00
Z202_30A_112024_MASSENA.CSV;;MC#01;TRANSACTION;FILE202;ZZ2;0079;2024-11-30;18:38;0031;REF./TIROIR;0.00;0.00
Z202_30A_112024_MASSENA.CSV;;MC#01;TRANSACTION;FILE202;ZZ2;0079;2024-11-30;18:38;0032;ANNULATION;0.00;0.00
Z202_30A_112024_MASSENA.CSV;;MC#01;TRANSACTION;FILE202;ZZ2;0079;2024-11-30;18:38;0033;;0.00;0.00
Z202_30A_112024_MASSENA.CSV;;MC#01;TRANSACTION;FILE202;ZZ2;0079;2024-11-30;18:38;0034;;0.00;0.00
Z202_30A_112024_MASSENA.CSV;;MC#01;TRANSACTION;FILE202;ZZ2;0079;2024-11-30;18:38;0035;;0.00;0.00
Z202_30A_112024_MASSENA.CSV;;MC#01;TRANSACTION;FILE202;ZZ2;0079;2024-11-30;18:38;0036;;0.00;0.00
Z202_30A_112024_MASSENA.CSV;;MC#01;TRANSACTION;FILE202;ZZ2;0079;2024-11-30;18:38;0037;;0.00;0.00
Z202_30A_112024_MASSENA.CSV;;MC#01;TRANSACTION;FILE202;ZZ2;0079;2024-11-30;18:38;0038;;0.00;0.00
Z202_30A_112024_MASSENA.CSV;;MC#01;TRANSACTION;FILE202;ZZ2;0079;2024-11-30;18:38;0039;;0.00;0.00
Z202_30A_112024_MASSENA.CSV;;MC#01;TRANSACTION;FILE202;ZZ2;0079;2024-11-30;18:38;0040;;0.00;0.00
Z202_30A_112024_MASSENA.CSV;;MC#01;TRANSACTION;FILE202;ZZ2;0079;2024-11-30;18:38;0041;;0.00;0.00
Z202_30A_112024_MASSENA.CSV;;MC#01;TRANSACTION;FILE202;ZZ2;0079;2024-11-30;18:38;0042;;0.00;0.00
Z202_30A_112024_MASSENA.CSV;;MC#01;TRANSACTION;FILE202;ZZ2;0079;2024-11-30;18:38;0043;;0.00;0.00
Z202_30A_112024_MASSENA.CSV;;MC#01;TRANSACTION;FILE202;ZZ2;0079;2024-11-30;18:38;0044;;0.00;0.00
Z202_30A_112024_MASSENA.CSV;;MC#01;TRANSACTION;FILE202;ZZ2;0079;2024-11-30;18:38;0045;;0.00;0.00
Z202_30A_112024_MASSENA.CSV;;MC#01;TRANSACTION;FILE202;ZZ2;0079;2024-11-30;18:38;0046;;0.00;0.00
Z202_30A_112024_MASSENA.CSV;;MC#01;TRANSACTION;FILE202;ZZ2;0079;2024-11-30;18:38;0047;;0.00;0.00
Z202_30A_112024_MASSENA.CSV;;MC#01;TRANSACTION;FILE202;ZZ2;0079;2024-11-30;18:38;0048;;0.00;0.00
Z202_30A_112024_MASSENA.CSV;;MC#01;TRANSACTION;FILE202;ZZ2;0079;2024-11-30;18:38;0049;;0.00;0.00
Z202_30A_112024_MASSENA.CSV;;MC#01;TRANSACTION;FILE202;ZZ2;0079;2024-11-30;18:38;0050;;0.00;0.00
