nomfichier;E_MODELE;E_MACHINE;E_RAPPORT;E_FICHIER;E_MODE;E_COMPTEUR_Z;E_DATE;E_HEURE;D_ENREGISTREMENT;D_DESIGNATION;D_QUANTITE;D_MONTANT
Z002_01_112023_MASSENA.CSV;;MC#01;TRANSACTION;FILE002;Z;0019;2023-12-01;14:19;0001;ESPECES;796.00;466079.50
Z002_01_112023_MASSENA.CSV;;MC#01;TRANSACTION;FILE002;Z;0019;2023-12-01;14:19;0002;SOUS-TOTAL;0.00;0.00
Z002_01_112023_MASSENA.CSV;;MC#01;TRANSACTION;FILE002;Z;0019;2023-12-01;14:19;0003;CARTES;286.00;243418.00
Z002_01_112023_MASSENA.CSV;;MC#01;TRANSACTION;FILE002;Z;0019;2023-12-01;14:19;0004;CHEQUES;2.00;7029.00
Z002_01_112023_MASSENA.CSV;;MC#01;TRANSACTION;FILE002;Z;0019;2023-12-01;14:19;0005;AIDE;0.00;0.00
Z002_01_112023_MASSENA.CSV;;MC#01;TRANSACTION;FILE002;Z;0019;2023-12-01;14:19;0006;TAX PGM;0.00;0.00
Z002_01_112023_MASSENA.CSV;;MC#01;TRANSACTION;FILE002;Z;0019;2023-12-01;14:19;0007;SORTIECAISSE;0.00;0.00
Z002_01_112023_MASSENA.CSV;;MC#01;TRANSACTION;FILE002;Z;0019;2023-12-01;14:19;0008;REC&ACCOMPTE;0.00;0.00
Z002_01_112023_MASSENA.CSV;;MC#01;TRANSACTION;FILE002;Z;0019;2023-12-01;14:19;0009;SIGN-OFF;0.00;0.00
Z002_01_112023_MASSENA.CSV;;MC#01;TRANSACTION;FILE002;Z;0019;2023-12-01;14:19;0010;NUM CAISSIER;0.00;0.00
Z002_01_112023_MASSENA.CSV;;MC#01;TRANSACTION;FILE002;Z;0019;2023-12-01;14:19;0011;SHIFT/No;0.00;0.00
Z002_01_112023_MASSENA.CSV;;MC#01;TRANSACTION;FILE002;Z;0019;2023-12-01;14:19;0012;DWN;0.00;0.00
Z002_01_112023_MASSENA.CSV;;MC#01;TRANSACTION;FILE002;Z;0019;2023-12-01;14:19;0013;REMISE %-;0.00;0.00
Z002_01_112023_MASSENA.CSV;;MC#01;TRANSACTION;FILE002;Z;0019;2023-12-01;14:19;0014;REMISE -;0.00;0.00
Z002_01_112023_MASSENA.CSV;;MC#01;TRANSACTION;FILE002;Z;0019;2023-12-01;14:19;0015;PLU;0.00;0.00
Z002_01_112023_MASSENA.CSV;;MC#01;TRANSACTION;FILE002;Z;0019;2023-12-01;14:19;0016;PRIX;0.00;0.00
Z002_01_112023_MASSENA.CSV;;MC#01;TRANSACTION;FILE002;Z;0019;2023-12-01;14:19;0017;TICKETON/OFF;0.00;0.00
Z002_01_112023_MASSENA.CSV;;MC#01;TRANSACTION;FILE002;Z;0019;2023-12-01;14:19;0018;CORRECTION;4.00;360.90
Z002_01_112023_MASSENA.CSV;;MC#01;TRANSACTION;FILE002;Z;0019;2023-12-01;14:19;0019;RETOUR;0.00;0.00
Z002_01_112023_MASSENA.CSV;;MC#01;TRANSACTION;FILE002;Z;0019;2023-12-01;14:19;0020;OUVERTURE;0.00;0.00
Z002_01_112023_MASSENA.CSV;;MC#01;TRANSACTION;FILE002;Z;0019;2023-12-01;14:19;0021;RAPPELTICKET;0.00;0.00
Z002_01_112023_MASSENA.CSV;;MC#01;TRANSACTION;FILE002;Z;0019;2023-12-01;14:19;0022;00;0.00;0.00
Z002_01_112023_MASSENA.CSV;;MC#01;TRANSACTION;FILE002;Z;0019;2023-12-01;14:19;0023;.;0.00;0.00
Z002_01_112023_MASSENA.CSV;;MC#01;TRANSACTION;FILE002;Z;0019;2023-12-01;14:19;0024;IMPRIME TVA;0.00;0.00
Z002_01_112023_MASSENA.CSV;;MC#01;TRANSACTION;FILE002;Z;0019;2023-12-01;14:19;0025;TIROIR;0.00;0.00
Z002_01_112023_MASSENA.CSV;;MC#01;TRANSACTION;FILE002;Z;0019;2023-12-01;14:19;0026;COUPON;0.00;0.00
Z002_01_112023_MASSENA.CSV;;MC#01;TRANSACTION;FILE002;Z;0019;2023-12-01;14:19;0027;UP;0.00;0.00
Z002_01_112023_MASSENA.CSV;;MC#01;TRANSACTION;FILE002;Z;0019;2023-12-01;14:19;0028;CHANGE;0.00;0.00
Z002_01_112023_MASSENA.CSV;;MC#01;TRANSACTION;FILE002;Z;0019;2023-12-01;14:19;0029;X;0.00;0.00
Z002_01_112023_MASSENA.CSV;;MC#01;TRANSACTION;FILE002;Z;0019;2023-12-01;14:19;0030;REFERENCE;0.00;0.00
Z002_01_112023_MASSENA.CSV;;MC#01;TRANSACTION;FILE002;Z;0019;2023-12-01;14:19;0031;REF./TIROIR;5.00;0.00
Z002_01_112023_MASSENA.CSV;;MC#01;TRANSACTION;FILE002;Z;0019;2023-12-01;14:19;0032;ANNULATION;0.00;0.00
Z002_01_112023_MASSENA.CSV;;MC#01;TRANSACTION;FILE002;Z;0019;2023-12-01;14:19;0033;;0.00;0.00
Z002_01_112023_MASSENA.CSV;;MC#01;TRANSACTION;FILE002;Z;0019;2023-12-01;14:19;0034;;0.00;0.00
Z002_01_112023_MASSENA.CSV;;MC#01;TRANSACTION;FILE002;Z;0019;2023-12-01;14:19;0035;;0.00;0.00
Z002_01_112023_MASSENA.CSV;;MC#01;TRANSACTION;FILE002;Z;0019;2023-12-01;14:19;0036;;0.00;0.00
Z002_01_112023_MASSENA.CSV;;MC#01;TRANSACTION;FILE002;Z;0019;2023-12-01;14:19;0037;;0.00;0.00
Z002_01_112023_MASSENA.CSV;;MC#01;TRANSACTION;FILE002;Z;0019;2023-12-01;14:19;0038;;0.00;0.00
Z002_01_112023_MASSENA.CSV;;MC#01;TRANSACTION;FILE002;Z;0019;2023-12-01;14:19;0039;;0.00;0.00
Z002_01_112023_MASSENA.CSV;;MC#01;TRANSACTION;FILE002;Z;0019;2023-12-01;14:19;0040;;0.00;0.00
Z002_01_112023_MASSENA.CSV;;MC#01;TRANSACTION;FILE002;Z;0019;2023-12-01;14:19;0041;;0.00;0.00
Z002_01_112023_MASSENA.CSV;;MC#01;TRANSACTION;FILE002;Z;0019;2023-12-01;14:19;0042;;0.00;0.00
Z002_01_112023_MASSENA.CSV;;MC#01;TRANSACTION;FILE002;Z;0019;2023-12-01;14:19;0043;;0.00;0.00
Z002_01_112023_MASSENA.CSV;;MC#01;TRANSACTION;FILE002;Z;0019;2023-12-01;14:19;0044;;0.00;0.00
Z002_01_112023_MASSENA.CSV;;MC#01;TRANSACTION;FILE002;Z;0019;2023-12-01;14:19;0045;;0.00;0.00
Z002_01_112023_MASSENA.CSV;;MC#01;TRANSACTION;FILE002;Z;0019;2023-12-01;14:19;0046;;0.00;0.00
Z002_01_112023_MASSENA.CSV;;MC#01;TRANSACTION;FILE002;Z;0019;2023-12-01;14:19;0047;;0.00;0.00
Z002_01_112023_MASSENA.CSV;;MC#01;TRANSACTION;FILE002;Z;0019;2023-12-01;14:19;0048;;0.00;0.00
Z002_01_112023_MASSENA.CSV;;MC#01;TRANSACTION;FILE002;Z;0019;2023-12-01;14:19;0049;;0.00;0.00
Z002_01_112023_MASSENA.CSV;;MC#01;TRANSACTION;FILE002;Z;0019;2023-12-01;14:19;0050;;0.00;0.00
Z102_01A_112023_MASSENA.CSV;;MC#01;TRANSACTION;FILE102;ZZ1;0071;2023-12-01;14:21;0001;ESPECES;4.00;1186.00
Z102_01A_112023_MASSENA.CSV;;MC#01;TRANSACTION;FILE102;ZZ1;0071;2023-12-01;14:21;0002;SOUS-TOTAL;0.00;0.00
Z102_01A_112023_MASSENA.CSV;;MC#01;TRANSACTION;FILE102;ZZ1;0071;2023-12-01;14:21;0003;CARTES;2.00;5204.00
Z102_01A_112023_MASSENA.CSV;;MC#01;TRANSACTION;FILE102;ZZ1;0071;2023-12-01;14:21;0004;CHEQUES;0.00;0.00
Z102_01A_112023_MASSENA.CSV;;MC#01;TRANSACTION;FILE102;ZZ1;0071;2023-12-01;14:21;0005;AIDE;0.00;0.00
Z102_01A_112023_MASSENA.CSV;;MC#01;TRANSACTION;FILE102;ZZ1;0071;2023-12-01;14:21;0006;TAX PGM;0.00;0.00
Z102_01A_112023_MASSENA.CSV;;MC#01;TRANSACTION;FILE102;ZZ1;0071;2023-12-01;14:21;0007;SORTIECAISSE;0.00;0.00
Z102_01A_112023_MASSENA.CSV;;MC#01;TRANSACTION;FILE102;ZZ1;0071;2023-12-01;14:21;0008;REC&ACCOMPTE;0.00;0.00
Z102_01A_112023_MASSENA.CSV;;MC#01;TRANSACTION;FILE102;ZZ1;0071;2023-12-01;14:21;0009;SIGN-OFF;0.00;0.00
Z102_01A_112023_MASSENA.CSV;;MC#01;TRANSACTION;FILE102;ZZ1;0071;2023-12-01;14:21;0010;NUM CAISSIER;0.00;0.00
Z102_01A_112023_MASSENA.CSV;;MC#01;TRANSACTION;FILE102;ZZ1;0071;2023-12-01;14:21;0011;SHIFT/No;0.00;0.00
Z102_01A_112023_MASSENA.CSV;;MC#01;TRANSACTION;FILE102;ZZ1;0071;2023-12-01;14:21;0012;DWN;0.00;0.00
Z102_01A_112023_MASSENA.CSV;;MC#01;TRANSACTION;FILE102;ZZ1;0071;2023-12-01;14:21;0013;REMISE %-;0.00;0.00
Z102_01A_112023_MASSENA.CSV;;MC#01;TRANSACTION;FILE102;ZZ1;0071;2023-12-01;14:21;0014;REMISE -;0.00;0.00
Z102_01A_112023_MASSENA.CSV;;MC#01;TRANSACTION;FILE102;ZZ1;0071;2023-12-01;14:21;0015;PLU;0.00;0.00
Z102_01A_112023_MASSENA.CSV;;MC#01;TRANSACTION;FILE102;ZZ1;0071;2023-12-01;14:21;0016;PRIX;0.00;0.00
Z102_01A_112023_MASSENA.CSV;;MC#01;TRANSACTION;FILE102;ZZ1;0071;2023-12-01;14:21;0017;TICKETON/OFF;0.00;0.00
Z102_01A_112023_MASSENA.CSV;;MC#01;TRANSACTION;FILE102;ZZ1;0071;2023-12-01;14:21;0018;CORRECTION;0.00;0.00
Z102_01A_112023_MASSENA.CSV;;MC#01;TRANSACTION;FILE102;ZZ1;0071;2023-12-01;14:21;0019;RETOUR;0.00;0.00
Z102_01A_112023_MASSENA.CSV;;MC#01;TRANSACTION;FILE102;ZZ1;0071;2023-12-01;14:21;0020;OUVERTURE;0.00;0.00
Z102_01A_112023_MASSENA.CSV;;MC#01;TRANSACTION;FILE102;ZZ1;0071;2023-12-01;14:21;0021;RAPPELTICKET;0.00;0.00
Z102_01A_112023_MASSENA.CSV;;MC#01;TRANSACTION;FILE102;ZZ1;0071;2023-12-01;14:21;0022;00;0.00;0.00
Z102_01A_112023_MASSENA.CSV;;MC#01;TRANSACTION;FILE102;ZZ1;0071;2023-12-01;14:21;0023;.;0.00;0.00
Z102_01A_112023_MASSENA.CSV;;MC#01;TRANSACTION;FILE102;ZZ1;0071;2023-12-01;14:21;0024;IMPRIME TVA;0.00;0.00
Z102_01A_112023_MASSENA.CSV;;MC#01;TRANSACTION;FILE102;ZZ1;0071;2023-12-01;14:21;0025;TIROIR;0.00;0.00
Z102_01A_112023_MASSENA.CSV;;MC#01;TRANSACTION;FILE102;ZZ1;0071;2023-12-01;14:21;0026;COUPON;0.00;0.00
Z102_01A_112023_MASSENA.CSV;;MC#01;TRANSACTION;FILE102;ZZ1;0071;2023-12-01;14:21;0027;UP;0.00;0.00
Z102_01A_112023_MASSENA.CSV;;MC#01;TRANSACTION;FILE102;ZZ1;0071;2023-12-01;14:21;0028;CHANGE;0.00;0.00
Z102_01A_112023_MASSENA.CSV;;MC#01;TRANSACTION;FILE102;ZZ1;0071;2023-12-01;14:21;0029;X;0.00;0.00
Z102_01A_112023_MASSENA.CSV;;MC#01;TRANSACTION;FILE102;ZZ1;0071;2023-12-01;14:21;0030;REFERENCE;0.00;0.00
Z102_01A_112023_MASSENA.CSV;;MC#01;TRANSACTION;FILE102;ZZ1;0071;2023-12-01;14:21;0031;REF./TIROIR;0.00;0.00
Z102_01A_112023_MASSENA.CSV;;MC#01;TRANSACTION;FILE102;ZZ1;0071;2023-12-01;14:21;0032;ANNULATION;0.00;0.00
Z102_01A_112023_MASSENA.CSV;;MC#01;TRANSACTION;FILE102;ZZ1;0071;2023-12-01;14:21;0033;;0.00;0.00
Z102_01A_112023_MASSENA.CSV;;MC#01;TRANSACTION;FILE102;ZZ1;0071;2023-12-01;14:21;0034;;0.00;0.00
Z102_01A_112023_MASSENA.CSV;;MC#01;TRANSACTION;FILE102;ZZ1;0071;2023-12-01;14:21;0035;;0.00;0.00
Z102_01A_112023_MASSENA.CSV;;MC#01;TRANSACTION;FILE102;ZZ1;0071;2023-12-01;14:21;0036;;0.00;0.00
Z102_01A_112023_MASSENA.CSV;;MC#01;TRANSACTION;FILE102;ZZ1;0071;2023-12-01;14:21;0037;;0.00;0.00
Z102_01A_112023_MASSENA.CSV;;MC#01;TRANSACTION;FILE102;ZZ1;0071;2023-12-01;14:21;0038;;0.00;0.00
Z102_01A_112023_MASSENA.CSV;;MC#01;TRANSACTION;FILE102;ZZ1;0071;2023-12-01;14:21;0039;;0.00;0.00
Z102_01A_112023_MASSENA.CSV;;MC#01;TRANSACTION;FILE102;ZZ1;0071;2023-12-01;14:21;0040;;0.00;0.00
Z102_01A_112023_MASSENA.CSV;;MC#01;TRANSACTION;FILE102;ZZ1;0071;2023-12-01;14:21;0041;;0.00;0.00
Z102_01A_112023_MASSENA.CSV;;MC#01;TRANSACTION;FILE102;ZZ1;0071;2023-12-01;14:21;0042;;0.00;0.00
Z102_01A_112023_MASSENA.CSV;;MC#01;TRANSACTION;FILE102;ZZ1;0071;2023-12-01;14:21;0043;;0.00;0.00
Z102_01A_112023_MASSENA.CSV;;MC#01;TRANSACTION;FILE102;ZZ1;0071;2023-12-01;14:21;0044;;0.00;0.00
Z102_01A_112023_MASSENA.CSV;;MC#01;TRANSACTION;FILE102;ZZ1;0071;2023-12-01;14:21;0045;;0.00;0.00
Z102_01A_112023_MASSENA.CSV;;MC#01;TRANSACTION;FILE102;ZZ1;0071;2023-12-01;14:21;0046;;0.00;0.00
Z102_01A_112023_MASSENA.CSV;;MC#01;TRANSACTION;FILE102;ZZ1;0071;2023-12-01;14:21;0047;;0.00;0.00
Z102_01A_112023_MASSENA.CSV;;MC#01;TRANSACTION;FILE102;ZZ1;0071;2023-12-01;14:21;0048;;0.00;0.00
Z102_01A_112023_MASSENA.CSV;;MC#01;TRANSACTION;FILE102;ZZ1;0071;2023-12-01;14:21;0049;;0.00;0.00
Z102_01A_112023_MASSENA.CSV;;MC#01;TRANSACTION;FILE102;ZZ1;0071;2023-12-01;14:21;0050;;0.00;0.00
Z102_01_032023_MASSENA.CSV;;MC#01;TRANSACTION;FILE102;ZZ1;0063;2023-04-01;10:35;0001;ESPECES;42.00;28212.00
Z102_01_032023_MASSENA.CSV;;MC#01;TRANSACTION;FILE102;ZZ1;0063;2023-04-01;10:35;0002;SOUS-TOTAL;0.00;0.00
Z102_01_032023_MASSENA.CSV;;MC#01;TRANSACTION;FILE102;ZZ1;0063;2023-04-01;10:35;0003;CARTES;10.00;4414.00
Z102_01_032023_MASSENA.CSV;;MC#01;TRANSACTION;FILE102;ZZ1;0063;2023-04-01;10:35;0004;CHEQUES;1.00;987.00
Z102_01_032023_MASSENA.CSV;;MC#01;TRANSACTION;FILE102;ZZ1;0063;2023-04-01;10:35;0005;AIDE;0.00;0.00
Z102_01_032023_MASSENA.CSV;;MC#01;TRANSACTION;FILE102;ZZ1;0063;2023-04-01;10:35;0006;TAX PGM;0.00;0.00
Z102_01_032023_MASSENA.CSV;;MC#01;TRANSACTION;FILE102;ZZ1;0063;2023-04-01;10:35;0007;SORTIECAISSE;0.00;0.00
Z102_01_032023_MASSENA.CSV;;MC#01;TRANSACTION;FILE102;ZZ1;0063;2023-04-01;10:35;0008;REC&ACCOMPTE;0.00;0.00
Z102_01_032023_MASSENA.CSV;;MC#01;TRANSACTION;FILE102;ZZ1;0063;2023-04-01;10:35;0009;SIGN-OFF;0.00;0.00
Z102_01_032023_MASSENA.CSV;;MC#01;TRANSACTION;FILE102;ZZ1;0063;2023-04-01;10:35;0010;NUM CAISSIER;0.00;0.00
Z102_01_032023_MASSENA.CSV;;MC#01;TRANSACTION;FILE102;ZZ1;0063;2023-04-01;10:35;0011;SHIFT/No;0.00;0.00
Z102_01_032023_MASSENA.CSV;;MC#01;TRANSACTION;FILE102;ZZ1;0063;2023-04-01;10:35;0012;DWN;0.00;0.00
Z102_01_032023_MASSENA.CSV;;MC#01;TRANSACTION;FILE102;ZZ1;0063;2023-04-01;10:35;0013;REMISE %-;0.00;0.00
Z102_01_032023_MASSENA.CSV;;MC#01;TRANSACTION;FILE102;ZZ1;0063;2023-04-01;10:35;0014;REMISE -;0.00;0.00
Z102_01_032023_MASSENA.CSV;;MC#01;TRANSACTION;FILE102;ZZ1;0063;2023-04-01;10:35;0015;PLU;0.00;0.00
Z102_01_032023_MASSENA.CSV;;MC#01;TRANSACTION;FILE102;ZZ1;0063;2023-04-01;10:35;0016;PRIX;0.00;0.00
Z102_01_032023_MASSENA.CSV;;MC#01;TRANSACTION;FILE102;ZZ1;0063;2023-04-01;10:35;0017;TICKETON/OFF;0.00;0.00
Z102_01_032023_MASSENA.CSV;;MC#01;TRANSACTION;FILE102;ZZ1;0063;2023-04-01;10:35;0018;CORRECTION;1.00;2.00
Z102_01_032023_MASSENA.CSV;;MC#01;TRANSACTION;FILE102;ZZ1;0063;2023-04-01;10:35;0019;RETOUR;0.00;0.00
Z102_01_032023_MASSENA.CSV;;MC#01;TRANSACTION;FILE102;ZZ1;0063;2023-04-01;10:35;0020;OUVERTURE;0.00;0.00
Z102_01_032023_MASSENA.CSV;;MC#01;TRANSACTION;FILE102;ZZ1;0063;2023-04-01;10:35;0021;RAPPELTICKET;0.00;0.00
Z102_01_032023_MASSENA.CSV;;MC#01;TRANSACTION;FILE102;ZZ1;0063;2023-04-01;10:35;0022;00;0.00;0.00
Z102_01_032023_MASSENA.CSV;;MC#01;TRANSACTION;FILE102;ZZ1;0063;2023-04-01;10:35;0023;.;0.00;0.00
Z102_01_032023_MASSENA.CSV;;MC#01;TRANSACTION;FILE102;ZZ1;0063;2023-04-01;10:35;0024;IMPRIME TVA;0.00;0.00
Z102_01_032023_MASSENA.CSV;;MC#01;TRANSACTION;FILE102;ZZ1;0063;2023-04-01;10:35;0025;TIROIR;0.00;0.00
Z102_01_032023_MASSENA.CSV;;MC#01;TRANSACTION;FILE102;ZZ1;0063;2023-04-01;10:35;0026;COUPON;0.00;0.00
Z102_01_032023_MASSENA.CSV;;MC#01;TRANSACTION;FILE102;ZZ1;0063;2023-04-01;10:35;0027;UP;0.00;0.00
Z102_01_032023_MASSENA.CSV;;MC#01;TRANSACTION;FILE102;ZZ1;0063;2023-04-01;10:35;0028;CHANGE;0.00;0.00
Z102_01_032023_MASSENA.CSV;;MC#01;TRANSACTION;FILE102;ZZ1;0063;2023-04-01;10:35;0029;X;0.00;0.00
Z102_01_032023_MASSENA.CSV;;MC#01;TRANSACTION;FILE102;ZZ1;0063;2023-04-01;10:35;0030;REFERENCE;0.00;0.00
Z102_01_032023_MASSENA.CSV;;MC#01;TRANSACTION;FILE102;ZZ1;0063;2023-04-01;10:35;0031;REF./TIROIR;0.00;0.00
Z102_01_032023_MASSENA.CSV;;MC#01;TRANSACTION;FILE102;ZZ1;0063;2023-04-01;10:35;0032;ANNULATION;0.00;0.00
Z102_01_032023_MASSENA.CSV;;MC#01;TRANSACTION;FILE102;ZZ1;0063;2023-04-01;10:35;0033;;0.00;0.00
Z102_01_032023_MASSENA.CSV;;MC#01;TRANSACTION;FILE102;ZZ1;0063;2023-04-01;10:35;0034;;0.00;0.00
Z102_01_032023_MASSENA.CSV;;MC#01;TRANSACTION;FILE102;ZZ1;0063;2023-04-01;10:35;0035;;0.00;0.00
Z102_01_032023_MASSENA.CSV;;MC#01;TRANSACTION;FILE102;ZZ1;0063;2023-04-01;10:35;0036;;0.00;0.00
Z102_01_032023_MASSENA.CSV;;MC#01;TRANSACTION;FILE102;ZZ1;0063;2023-04-01;10:35;0037;;0.00;0.00
Z102_01_032023_MASSENA.CSV;;MC#01;TRANSACTION;FILE102;ZZ1;0063;2023-04-01;10:35;0038;;0.00;0.00
Z102_01_032023_MASSENA.CSV;;MC#01;TRANSACTION;FILE102;ZZ1;0063;2023-04-01;10:35;0039;;0.00;0.00
Z102_01_032023_MASSENA.CSV;;MC#01;TRANSACTION;FILE102;ZZ1;0063;2023-04-01;10:35;0040;;0.00;0.00
Z102_01_032023_MASSENA.CSV;;MC#01;TRANSACTION;FILE102;ZZ1;0063;2023-04-01;10:35;0041;;0.00;0.00
Z102_01_032023_MASSENA.CSV;;MC#01;TRANSACTION;FILE102;ZZ1;0063;2023-04-01;10:35;0042;;0.00;0.00
Z102_01_032023_MASSENA.CSV;;MC#01;TRANSACTION;FILE102;ZZ1;0063;2023-04-01;10:35;0043;;0.00;0.00
Z102_01_032023_MASSENA.CSV;;MC#01;TRANSACTION;FILE102;ZZ1;0063;2023-04-01;10:35;0044;;0.00;0.00
Z102_01_032023_MASSENA.CSV;;MC#01;TRANSACTION;FILE102;ZZ1;0063;2023-04-01;10:35;0045;;0.00;0.00
Z102_01_032023_MASSENA.CSV;;MC#01;TRANSACTION;FILE102;ZZ1;0063;2023-04-01;10:35;0046;;0.00;0.00
Z102_01_032023_MASSENA.CSV;;MC#01;TRANSACTION;FILE102;ZZ1;0063;2023-04-01;10:35;0047;;0.00;0.00
Z102_01_032023_MASSENA.CSV;;MC#01;TRANSACTION;FILE102;ZZ1;0063;2023-04-01;10:35;0048;;0.00;0.00
Z102_01_032023_MASSENA.CSV;;MC#01;TRANSACTION;FILE102;ZZ1;0063;2023-04-01;10:35;0049;;0.00;0.00
Z102_01_032023_MASSENA.CSV;;MC#01;TRANSACTION;FILE102;ZZ1;0063;2023-04-01;10:35;0050;;0.00;0.00
Z102_01_052023_MASSENA.CSV;;MC#01;TRANSACTION;FILE102;ZZ1;0065;2023-06-01;10:11;0001;ESPECES;28.00;16910.00
Z102_01_052023_MASSENA.CSV;;MC#01;TRANSACTION;FILE102;ZZ1;0065;2023-06-01;10:11;0002;SOUS-TOTAL;0.00;0.00
Z102_01_052023_MASSENA.CSV;;MC#01;TRANSACTION;FILE102;ZZ1;0065;2023-06-01;10:11;0003;CARTES;19.00;23452.00
Z102_01_052023_MASSENA.CSV;;MC#01;TRANSACTION;FILE102;ZZ1;0065;2023-06-01;10:11;0004;CHEQUES;0.00;0.00
Z102_01_052023_MASSENA.CSV;;MC#01;TRANSACTION;FILE102;ZZ1;0065;2023-06-01;10:11;0005;AIDE;0.00;0.00
Z102_01_052023_MASSENA.CSV;;MC#01;TRANSACTION;FILE102;ZZ1;0065;2023-06-01;10:11;0006;TAX PGM;0.00;0.00
Z102_01_052023_MASSENA.CSV;;MC#01;TRANSACTION;FILE102;ZZ1;0065;2023-06-01;10:11;0007;SORTIECAISSE;0.00;0.00
Z102_01_052023_MASSENA.CSV;;MC#01;TRANSACTION;FILE102;ZZ1;0065;2023-06-01;10:11;0008;REC&ACCOMPTE;0.00;0.00
Z102_01_052023_MASSENA.CSV;;MC#01;TRANSACTION;FILE102;ZZ1;0065;2023-06-01;10:11;0009;SIGN-OFF;0.00;0.00
Z102_01_052023_MASSENA.CSV;;MC#01;TRANSACTION;FILE102;ZZ1;0065;2023-06-01;10:11;0010;NUM CAISSIER;0.00;0.00
Z102_01_052023_MASSENA.CSV;;MC#01;TRANSACTION;FILE102;ZZ1;0065;2023-06-01;10:11;0011;SHIFT/No;0.00;0.00
Z102_01_052023_MASSENA.CSV;;MC#01;TRANSACTION;FILE102;ZZ1;0065;2023-06-01;10:11;0012;DWN;0.00;0.00
Z102_01_052023_MASSENA.CSV;;MC#01;TRANSACTION;FILE102;ZZ1;0065;2023-06-01;10:11;0013;REMISE %-;0.00;0.00
Z102_01_052023_MASSENA.CSV;;MC#01;TRANSACTION;FILE102;ZZ1;0065;2023-06-01;10:11;0014;REMISE -;0.00;0.00
Z102_01_052023_MASSENA.CSV;;MC#01;TRANSACTION;FILE102;ZZ1;0065;2023-06-01;10:11;0015;PLU;0.00;0.00
Z102_01_052023_MASSENA.CSV;;MC#01;TRANSACTION;FILE102;ZZ1;0065;2023-06-01;10:11;0016;PRIX;0.00;0.00
Z102_01_052023_MASSENA.CSV;;MC#01;TRANSACTION;FILE102;ZZ1;0065;2023-06-01;10:11;0017;TICKETON/OFF;0.00;0.00
Z102_01_052023_MASSENA.CSV;;MC#01;TRANSACTION;FILE102;ZZ1;0065;2023-06-01;10:11;0018;CORRECTION;0.00;0.00
Z102_01_052023_MASSENA.CSV;;MC#01;TRANSACTION;FILE102;ZZ1;0065;2023-06-01;10:11;0019;RETOUR;0.00;0.00
Z102_01_052023_MASSENA.CSV;;MC#01;TRANSACTION;FILE102;ZZ1;0065;2023-06-01;10:11;0020;OUVERTURE;0.00;0.00
Z102_01_052023_MASSENA.CSV;;MC#01;TRANSACTION;FILE102;ZZ1;0065;2023-06-01;10:11;0021;RAPPELTICKET;0.00;0.00
Z102_01_052023_MASSENA.CSV;;MC#01;TRANSACTION;FILE102;ZZ1;0065;2023-06-01;10:11;0022;00;0.00;0.00
Z102_01_052023_MASSENA.CSV;;MC#01;TRANSACTION;FILE102;ZZ1;0065;2023-06-01;10:11;0023;.;0.00;0.00
Z102_01_052023_MASSENA.CSV;;MC#01;TRANSACTION;FILE102;ZZ1;0065;2023-06-01;10:11;0024;IMPRIME TVA;0.00;0.00
Z102_01_052023_MASSENA.CSV;;MC#01;TRANSACTION;FILE102;ZZ1;0065;2023-06-01;10:11;0025;TIROIR;0.00;0.00
Z102_01_052023_MASSENA.CSV;;MC#01;TRANSACTION;FILE102;ZZ1;0065;2023-06-01;10:11;0026;COUPON;0.00;0.00
Z102_01_052023_MASSENA.CSV;;MC#01;TRANSACTION;FILE102;ZZ1;0065;2023-06-01;10:11;0027;UP;0.00;0.00
Z102_01_052023_MASSENA.CSV;;MC#01;TRANSACTION;FILE102;ZZ1;0065;2023-06-01;10:11;0028;CHANGE;0.00;0.00
Z102_01_052023_MASSENA.CSV;;MC#01;TRANSACTION;FILE102;ZZ1;0065;2023-06-01;10:11;0029;X;0.00;0.00
Z102_01_052023_MASSENA.CSV;;MC#01;TRANSACTION;FILE102;ZZ1;0065;2023-06-01;10:11;0030;REFERENCE;0.00;0.00
Z102_01_052023_MASSENA.CSV;;MC#01;TRANSACTION;FILE102;ZZ1;0065;2023-06-01;10:11;0031;REF./TIROIR;0.00;0.00
Z102_01_052023_MASSENA.CSV;;MC#01;TRANSACTION;FILE102;ZZ1;0065;2023-06-01;10:11;0032;ANNULATION;0.00;0.00
Z102_01_052023_MASSENA.CSV;;MC#01;TRANSACTION;FILE102;ZZ1;0065;2023-06-01;10:11;0033;;0.00;0.00
Z102_01_052023_MASSENA.CSV;;MC#01;TRANSACTION;FILE102;ZZ1;0065;2023-06-01;10:11;0034;;0.00;0.00
Z102_01_052023_MASSENA.CSV;;MC#01;TRANSACTION;FILE102;ZZ1;0065;2023-06-01;10:11;0035;;0.00;0.00
Z102_01_052023_MASSENA.CSV;;MC#01;TRANSACTION;FILE102;ZZ1;0065;2023-06-01;10:11;0036;;0.00;0.00
Z102_01_052023_MASSENA.CSV;;MC#01;TRANSACTION;FILE102;ZZ1;0065;2023-06-01;10:11;0037;;0.00;0.00
Z102_01_052023_MASSENA.CSV;;MC#01;TRANSACTION;FILE102;ZZ1;0065;2023-06-01;10:11;0038;;0.00;0.00
Z102_01_052023_MASSENA.CSV;;MC#01;TRANSACTION;FILE102;ZZ1;0065;2023-06-01;10:11;0039;;0.00;0.00
Z102_01_052023_MASSENA.CSV;;MC#01;TRANSACTION;FILE102;ZZ1;0065;2023-06-01;10:11;0040;;0.00;0.00
Z102_01_052023_MASSENA.CSV;;MC#01;TRANSACTION;FILE102;ZZ1;0065;2023-06-01;10:11;0041;;0.00;0.00
Z102_01_052023_MASSENA.CSV;;MC#01;TRANSACTION;FILE102;ZZ1;0065;2023-06-01;10:11;0042;;0.00;0.00
Z102_01_052023_MASSENA.CSV;;MC#01;TRANSACTION;FILE102;ZZ1;0065;2023-06-01;10:11;0043;;0.00;0.00
Z102_01_052023_MASSENA.CSV;;MC#01;TRANSACTION;FILE102;ZZ1;0065;2023-06-01;10:11;0044;;0.00;0.00
Z102_01_052023_MASSENA.CSV;;MC#01;TRANSACTION;FILE102;ZZ1;0065;2023-06-01;10:11;0045;;0.00;0.00
Z102_01_052023_MASSENA.CSV;;MC#01;TRANSACTION;FILE102;ZZ1;0065;2023-06-01;10:11;0046;;0.00;0.00
Z102_01_052023_MASSENA.CSV;;MC#01;TRANSACTION;FILE102;ZZ1;0065;2023-06-01;10:11;0047;;0.00;0.00
Z102_01_052023_MASSENA.CSV;;MC#01;TRANSACTION;FILE102;ZZ1;0065;2023-06-01;10:11;0048;;0.00;0.00
Z102_01_052023_MASSENA.CSV;;MC#01;TRANSACTION;FILE102;ZZ1;0065;2023-06-01;10:11;0049;;0.00;0.00
Z102_01_052023_MASSENA.CSV;;MC#01;TRANSACTION;FILE102;ZZ1;0065;2023-06-01;10:11;0050;;0.00;0.00
Z102_01_062023_MASSENA.CSV;;MC#01;TRANSACTION;FILE102;ZZ1;0066;2023-07-01;14:49;0001;ESPECES;32.00;20192.00
Z102_01_062023_MASSENA.CSV;;MC#01;TRANSACTION;FILE102;ZZ1;0066;2023-07-01;14:49;0002;SOUS-TOTAL;0.00;0.00
Z102_01_062023_MASSENA.CSV;;MC#01;TRANSACTION;FILE102;ZZ1;0066;2023-07-01;14:49;0003;CARTES;15.00;6499.00
Z102_01_062023_MASSENA.CSV;;MC#01;TRANSACTION;FILE102;ZZ1;0066;2023-07-01;14:49;0004;CHEQUES;0.00;0.00
Z102_01_062023_MASSENA.CSV;;MC#01;TRANSACTION;FILE102;ZZ1;0066;2023-07-01;14:49;0005;AIDE;0.00;0.00
Z102_01_062023_MASSENA.CSV;;MC#01;TRANSACTION;FILE102;ZZ1;0066;2023-07-01;14:49;0006;TAX PGM;0.00;0.00
Z102_01_062023_MASSENA.CSV;;MC#01;TRANSACTION;FILE102;ZZ1;0066;2023-07-01;14:49;0007;SORTIECAISSE;0.00;0.00
Z102_01_062023_MASSENA.CSV;;MC#01;TRANSACTION;FILE102;ZZ1;0066;2023-07-01;14:49;0008;REC&ACCOMPTE;0.00;0.00
Z102_01_062023_MASSENA.CSV;;MC#01;TRANSACTION;FILE102;ZZ1;0066;2023-07-01;14:49;0009;SIGN-OFF;0.00;0.00
Z102_01_062023_MASSENA.CSV;;MC#01;TRANSACTION;FILE102;ZZ1;0066;2023-07-01;14:49;0010;NUM CAISSIER;0.00;0.00
Z102_01_062023_MASSENA.CSV;;MC#01;TRANSACTION;FILE102;ZZ1;0066;2023-07-01;14:49;0011;SHIFT/No;0.00;0.00
Z102_01_062023_MASSENA.CSV;;MC#01;TRANSACTION;FILE102;ZZ1;0066;2023-07-01;14:49;0012;DWN;0.00;0.00
Z102_01_062023_MASSENA.CSV;;MC#01;TRANSACTION;FILE102;ZZ1;0066;2023-07-01;14:49;0013;REMISE %-;0.00;0.00
Z102_01_062023_MASSENA.CSV;;MC#01;TRANSACTION;FILE102;ZZ1;0066;2023-07-01;14:49;0014;REMISE -;0.00;0.00
Z102_01_062023_MASSENA.CSV;;MC#01;TRANSACTION;FILE102;ZZ1;0066;2023-07-01;14:49;0015;PLU;0.00;0.00
Z102_01_062023_MASSENA.CSV;;MC#01;TRANSACTION;FILE102;ZZ1;0066;2023-07-01;14:49;0016;PRIX;0.00;0.00
Z102_01_062023_MASSENA.CSV;;MC#01;TRANSACTION;FILE102;ZZ1;0066;2023-07-01;14:49;0017;TICKETON/OFF;0.00;0.00
Z102_01_062023_MASSENA.CSV;;MC#01;TRANSACTION;FILE102;ZZ1;0066;2023-07-01;14:49;0018;CORRECTION;0.00;0.00
Z102_01_062023_MASSENA.CSV;;MC#01;TRANSACTION;FILE102;ZZ1;0066;2023-07-01;14:49;0019;RETOUR;0.00;0.00
Z102_01_062023_MASSENA.CSV;;MC#01;TRANSACTION;FILE102;ZZ1;0066;2023-07-01;14:49;0020;OUVERTURE;0.00;0.00
Z102_01_062023_MASSENA.CSV;;MC#01;TRANSACTION;FILE102;ZZ1;0066;2023-07-01;14:49;0021;RAPPELTICKET;0.00;0.00
Z102_01_062023_MASSENA.CSV;;MC#01;TRANSACTION;FILE102;ZZ1;0066;2023-07-01;14:49;0022;00;0.00;0.00
Z102_01_062023_MASSENA.CSV;;MC#01;TRANSACTION;FILE102;ZZ1;0066;2023-07-01;14:49;0023;.;0.00;0.00
Z102_01_062023_MASSENA.CSV;;MC#01;TRANSACTION;FILE102;ZZ1;0066;2023-07-01;14:49;0024;IMPRIME TVA;0.00;0.00
Z102_01_062023_MASSENA.CSV;;MC#01;TRANSACTION;FILE102;ZZ1;0066;2023-07-01;14:49;0025;TIROIR;0.00;0.00
Z102_01_062023_MASSENA.CSV;;MC#01;TRANSACTION;FILE102;ZZ1;0066;2023-07-01;14:49;0026;COUPON;0.00;0.00
Z102_01_062023_MASSENA.CSV;;MC#01;TRANSACTION;FILE102;ZZ1;0066;2023-07-01;14:49;0027;UP;0.00;0.00
Z102_01_062023_MASSENA.CSV;;MC#01;TRANSACTION;FILE102;ZZ1;0066;2023-07-01;14:49;0028;CHANGE;0.00;0.00
Z102_01_062023_MASSENA.CSV;;MC#01;TRANSACTION;FILE102;ZZ1;0066;2023-07-01;14:49;0029;X;0.00;0.00
Z102_01_062023_MASSENA.CSV;;MC#01;TRANSACTION;FILE102;ZZ1;0066;2023-07-01;14:49;0030;REFERENCE;0.00;0.00
Z102_01_062023_MASSENA.CSV;;MC#01;TRANSACTION;FILE102;ZZ1;0066;2023-07-01;14:49;0031;REF./TIROIR;0.00;0.00
Z102_01_062023_MASSENA.CSV;;MC#01;TRANSACTION;FILE102;ZZ1;0066;2023-07-01;14:49;0032;ANNULATION;0.00;0.00
Z102_01_062023_MASSENA.CSV;;MC#01;TRANSACTION;FILE102;ZZ1;0066;2023-07-01;14:49;0033;;0.00;0.00
Z102_01_062023_MASSENA.CSV;;MC#01;TRANSACTION;FILE102;ZZ1;0066;2023-07-01;14:49;0034;;0.00;0.00
Z102_01_062023_MASSENA.CSV;;MC#01;TRANSACTION;FILE102;ZZ1;0066;2023-07-01;14:49;0035;;0.00;0.00
Z102_01_062023_MASSENA.CSV;;MC#01;TRANSACTION;FILE102;ZZ1;0066;2023-07-01;14:49;0036;;0.00;0.00
Z102_01_062023_MASSENA.CSV;;MC#01;TRANSACTION;FILE102;ZZ1;0066;2023-07-01;14:49;0037;;0.00;0.00
Z102_01_062023_MASSENA.CSV;;MC#01;TRANSACTION;FILE102;ZZ1;0066;2023-07-01;14:49;0038;;0.00;0.00
Z102_01_062023_MASSENA.CSV;;MC#01;TRANSACTION;FILE102;ZZ1;0066;2023-07-01;14:49;0039;;0.00;0.00
Z102_01_062023_MASSENA.CSV;;MC#01;TRANSACTION;FILE102;ZZ1;0066;2023-07-01;14:49;0040;;0.00;0.00
Z102_01_062023_MASSENA.CSV;;MC#01;TRANSACTION;FILE102;ZZ1;0066;2023-07-01;14:49;0041;;0.00;0.00
Z102_01_062023_MASSENA.CSV;;MC#01;TRANSACTION;FILE102;ZZ1;0066;2023-07-01;14:49;0042;;0.00;0.00
Z102_01_062023_MASSENA.CSV;;MC#01;TRANSACTION;FILE102;ZZ1;0066;2023-07-01;14:49;0043;;0.00;0.00
Z102_01_062023_MASSENA.CSV;;MC#01;TRANSACTION;FILE102;ZZ1;0066;2023-07-01;14:49;0044;;0.00;0.00
Z102_01_062023_MASSENA.CSV;;MC#01;TRANSACTION;FILE102;ZZ1;0066;2023-07-01;14:49;0045;;0.00;0.00
Z102_01_062023_MASSENA.CSV;;MC#01;TRANSACTION;FILE102;ZZ1;0066;2023-07-01;14:49;0046;;0.00;0.00
Z102_01_062023_MASSENA.CSV;;MC#01;TRANSACTION;FILE102;ZZ1;0066;2023-07-01;14:49;0047;;0.00;0.00
Z102_01_062023_MASSENA.CSV;;MC#01;TRANSACTION;FILE102;ZZ1;0066;2023-07-01;14:49;0048;;0.00;0.00
Z102_01_062023_MASSENA.CSV;;MC#01;TRANSACTION;FILE102;ZZ1;0066;2023-07-01;14:49;0049;;0.00;0.00
Z102_01_062023_MASSENA.CSV;;MC#01;TRANSACTION;FILE102;ZZ1;0066;2023-07-01;14:49;0050;;0.00;0.00
Z102_01_072023_MASSENA.CSV;;MC#01;TRANSACTION;FILE102;ZZ1;0067;2023-08-01;13:05;0001;ESPECES;26.00;18659.00
Z102_01_072023_MASSENA.CSV;;MC#01;TRANSACTION;FILE102;ZZ1;0067;2023-08-01;13:05;0002;SOUS-TOTAL;0.00;0.00
Z102_01_072023_MASSENA.CSV;;MC#01;TRANSACTION;FILE102;ZZ1;0067;2023-08-01;13:05;0003;CARTES;12.00;12773.00
Z102_01_072023_MASSENA.CSV;;MC#01;TRANSACTION;FILE102;ZZ1;0067;2023-08-01;13:05;0004;CHEQUES;0.00;0.00
Z102_01_072023_MASSENA.CSV;;MC#01;TRANSACTION;FILE102;ZZ1;0067;2023-08-01;13:05;0005;AIDE;0.00;0.00
Z102_01_072023_MASSENA.CSV;;MC#01;TRANSACTION;FILE102;ZZ1;0067;2023-08-01;13:05;0006;TAX PGM;0.00;0.00
Z102_01_072023_MASSENA.CSV;;MC#01;TRANSACTION;FILE102;ZZ1;0067;2023-08-01;13:05;0007;SORTIECAISSE;0.00;0.00
Z102_01_072023_MASSENA.CSV;;MC#01;TRANSACTION;FILE102;ZZ1;0067;2023-08-01;13:05;0008;REC&ACCOMPTE;0.00;0.00
Z102_01_072023_MASSENA.CSV;;MC#01;TRANSACTION;FILE102;ZZ1;0067;2023-08-01;13:05;0009;SIGN-OFF;0.00;0.00
Z102_01_072023_MASSENA.CSV;;MC#01;TRANSACTION;FILE102;ZZ1;0067;2023-08-01;13:05;0010;NUM CAISSIER;0.00;0.00
Z102_01_072023_MASSENA.CSV;;MC#01;TRANSACTION;FILE102;ZZ1;0067;2023-08-01;13:05;0011;SHIFT/No;0.00;0.00
Z102_01_072023_MASSENA.CSV;;MC#01;TRANSACTION;FILE102;ZZ1;0067;2023-08-01;13:05;0012;DWN;0.00;0.00
Z102_01_072023_MASSENA.CSV;;MC#01;TRANSACTION;FILE102;ZZ1;0067;2023-08-01;13:05;0013;REMISE %-;0.00;0.00
Z102_01_072023_MASSENA.CSV;;MC#01;TRANSACTION;FILE102;ZZ1;0067;2023-08-01;13:05;0014;REMISE -;0.00;0.00
Z102_01_072023_MASSENA.CSV;;MC#01;TRANSACTION;FILE102;ZZ1;0067;2023-08-01;13:05;0015;PLU;0.00;0.00
Z102_01_072023_MASSENA.CSV;;MC#01;TRANSACTION;FILE102;ZZ1;0067;2023-08-01;13:05;0016;PRIX;0.00;0.00
Z102_01_072023_MASSENA.CSV;;MC#01;TRANSACTION;FILE102;ZZ1;0067;2023-08-01;13:05;0017;TICKETON/OFF;0.00;0.00
Z102_01_072023_MASSENA.CSV;;MC#01;TRANSACTION;FILE102;ZZ1;0067;2023-08-01;13:05;0018;CORRECTION;0.00;0.00
Z102_01_072023_MASSENA.CSV;;MC#01;TRANSACTION;FILE102;ZZ1;0067;2023-08-01;13:05;0019;RETOUR;0.00;0.00
Z102_01_072023_MASSENA.CSV;;MC#01;TRANSACTION;FILE102;ZZ1;0067;2023-08-01;13:05;0020;OUVERTURE;0.00;0.00
Z102_01_072023_MASSENA.CSV;;MC#01;TRANSACTION;FILE102;ZZ1;0067;2023-08-01;13:05;0021;RAPPELTICKET;0.00;0.00
Z102_01_072023_MASSENA.CSV;;MC#01;TRANSACTION;FILE102;ZZ1;0067;2023-08-01;13:05;0022;00;0.00;0.00
Z102_01_072023_MASSENA.CSV;;MC#01;TRANSACTION;FILE102;ZZ1;0067;2023-08-01;13:05;0023;.;0.00;0.00
Z102_01_072023_MASSENA.CSV;;MC#01;TRANSACTION;FILE102;ZZ1;0067;2023-08-01;13:05;0024;IMPRIME TVA;0.00;0.00
Z102_01_072023_MASSENA.CSV;;MC#01;TRANSACTION;FILE102;ZZ1;0067;2023-08-01;13:05;0025;TIROIR;0.00;0.00
Z102_01_072023_MASSENA.CSV;;MC#01;TRANSACTION;FILE102;ZZ1;0067;2023-08-01;13:05;0026;COUPON;0.00;0.00
Z102_01_072023_MASSENA.CSV;;MC#01;TRANSACTION;FILE102;ZZ1;0067;2023-08-01;13:05;0027;UP;0.00;0.00
Z102_01_072023_MASSENA.CSV;;MC#01;TRANSACTION;FILE102;ZZ1;0067;2023-08-01;13:05;0028;CHANGE;0.00;0.00
Z102_01_072023_MASSENA.CSV;;MC#01;TRANSACTION;FILE102;ZZ1;0067;2023-08-01;13:05;0029;X;0.00;0.00
Z102_01_072023_MASSENA.CSV;;MC#01;TRANSACTION;FILE102;ZZ1;0067;2023-08-01;13:05;0030;REFERENCE;0.00;0.00
Z102_01_072023_MASSENA.CSV;;MC#01;TRANSACTION;FILE102;ZZ1;0067;2023-08-01;13:05;0031;REF./TIROIR;0.00;0.00
Z102_01_072023_MASSENA.CSV;;MC#01;TRANSACTION;FILE102;ZZ1;0067;2023-08-01;13:05;0032;ANNULATION;0.00;0.00
Z102_01_072023_MASSENA.CSV;;MC#01;TRANSACTION;FILE102;ZZ1;0067;2023-08-01;13:05;0033;;0.00;0.00
Z102_01_072023_MASSENA.CSV;;MC#01;TRANSACTION;FILE102;ZZ1;0067;2023-08-01;13:05;0034;;0.00;0.00
Z102_01_072023_MASSENA.CSV;;MC#01;TRANSACTION;FILE102;ZZ1;0067;2023-08-01;13:05;0035;;0.00;0.00
Z102_01_072023_MASSENA.CSV;;MC#01;TRANSACTION;FILE102;ZZ1;0067;2023-08-01;13:05;0036;;0.00;0.00
Z102_01_072023_MASSENA.CSV;;MC#01;TRANSACTION;FILE102;ZZ1;0067;2023-08-01;13:05;0037;;0.00;0.00
Z102_01_072023_MASSENA.CSV;;MC#01;TRANSACTION;FILE102;ZZ1;0067;2023-08-01;13:05;0038;;0.00;0.00
Z102_01_072023_MASSENA.CSV;;MC#01;TRANSACTION;FILE102;ZZ1;0067;2023-08-01;13:05;0039;;0.00;0.00
Z102_01_072023_MASSENA.CSV;;MC#01;TRANSACTION;FILE102;ZZ1;0067;2023-08-01;13:05;0040;;0.00;0.00
Z102_01_072023_MASSENA.CSV;;MC#01;TRANSACTION;FILE102;ZZ1;0067;2023-08-01;13:05;0041;;0.00;0.00
Z102_01_072023_MASSENA.CSV;;MC#01;TRANSACTION;FILE102;ZZ1;0067;2023-08-01;13:05;0042;;0.00;0.00
Z102_01_072023_MASSENA.CSV;;MC#01;TRANSACTION;FILE102;ZZ1;0067;2023-08-01;13:05;0043;;0.00;0.00
Z102_01_072023_MASSENA.CSV;;MC#01;TRANSACTION;FILE102;ZZ1;0067;2023-08-01;13:05;0044;;0.00;0.00
Z102_01_072023_MASSENA.CSV;;MC#01;TRANSACTION;FILE102;ZZ1;0067;2023-08-01;13:05;0045;;0.00;0.00
Z102_01_072023_MASSENA.CSV;;MC#01;TRANSACTION;FILE102;ZZ1;0067;2023-08-01;13:05;0046;;0.00;0.00
Z102_01_072023_MASSENA.CSV;;MC#01;TRANSACTION;FILE102;ZZ1;0067;2023-08-01;13:05;0047;;0.00;0.00
Z102_01_072023_MASSENA.CSV;;MC#01;TRANSACTION;FILE102;ZZ1;0067;2023-08-01;13:05;0048;;0.00;0.00
Z102_01_072023_MASSENA.CSV;;MC#01;TRANSACTION;FILE102;ZZ1;0067;2023-08-01;13:05;0049;;0.00;0.00
Z102_01_072023_MASSENA.CSV;;MC#01;TRANSACTION;FILE102;ZZ1;0067;2023-08-01;13:05;0050;;0.00;0.00
Z102_01_082023_MASSENA.CSV;;MC#01;TRANSACTION;FILE102;ZZ1;0068;2023-09-01;18:14;0001;ESPECES;32.00;20909.00
Z102_01_082023_MASSENA.CSV;;MC#01;TRANSACTION;FILE102;ZZ1;0068;2023-09-01;18:14;0002;SOUS-TOTAL;0.00;0.00
Z102_01_082023_MASSENA.CSV;;MC#01;TRANSACTION;FILE102;ZZ1;0068;2023-09-01;18:14;0003;CARTES;7.00;5315.00
Z102_01_082023_MASSENA.CSV;;MC#01;TRANSACTION;FILE102;ZZ1;0068;2023-09-01;18:14;0004;CHEQUES;0.00;0.00
Z102_01_082023_MASSENA.CSV;;MC#01;TRANSACTION;FILE102;ZZ1;0068;2023-09-01;18:14;0005;AIDE;0.00;0.00
Z102_01_082023_MASSENA.CSV;;MC#01;TRANSACTION;FILE102;ZZ1;0068;2023-09-01;18:14;0006;TAX PGM;0.00;0.00
Z102_01_082023_MASSENA.CSV;;MC#01;TRANSACTION;FILE102;ZZ1;0068;2023-09-01;18:14;0007;SORTIECAISSE;0.00;0.00
Z102_01_082023_MASSENA.CSV;;MC#01;TRANSACTION;FILE102;ZZ1;0068;2023-09-01;18:14;0008;REC&ACCOMPTE;0.00;0.00
Z102_01_082023_MASSENA.CSV;;MC#01;TRANSACTION;FILE102;ZZ1;0068;2023-09-01;18:14;0009;SIGN-OFF;0.00;0.00
Z102_01_082023_MASSENA.CSV;;MC#01;TRANSACTION;FILE102;ZZ1;0068;2023-09-01;18:14;0010;NUM CAISSIER;0.00;0.00
Z102_01_082023_MASSENA.CSV;;MC#01;TRANSACTION;FILE102;ZZ1;0068;2023-09-01;18:14;0011;SHIFT/No;0.00;0.00
Z102_01_082023_MASSENA.CSV;;MC#01;TRANSACTION;FILE102;ZZ1;0068;2023-09-01;18:14;0012;DWN;0.00;0.00
Z102_01_082023_MASSENA.CSV;;MC#01;TRANSACTION;FILE102;ZZ1;0068;2023-09-01;18:14;0013;REMISE %-;0.00;0.00
Z102_01_082023_MASSENA.CSV;;MC#01;TRANSACTION;FILE102;ZZ1;0068;2023-09-01;18:14;0014;REMISE -;0.00;0.00
Z102_01_082023_MASSENA.CSV;;MC#01;TRANSACTION;FILE102;ZZ1;0068;2023-09-01;18:14;0015;PLU;0.00;0.00
Z102_01_082023_MASSENA.CSV;;MC#01;TRANSACTION;FILE102;ZZ1;0068;2023-09-01;18:14;0016;PRIX;0.00;0.00
Z102_01_082023_MASSENA.CSV;;MC#01;TRANSACTION;FILE102;ZZ1;0068;2023-09-01;18:14;0017;TICKETON/OFF;0.00;0.00
Z102_01_082023_MASSENA.CSV;;MC#01;TRANSACTION;FILE102;ZZ1;0068;2023-09-01;18:14;0018;CORRECTION;0.00;0.00
Z102_01_082023_MASSENA.CSV;;MC#01;TRANSACTION;FILE102;ZZ1;0068;2023-09-01;18:14;0019;RETOUR;0.00;0.00
Z102_01_082023_MASSENA.CSV;;MC#01;TRANSACTION;FILE102;ZZ1;0068;2023-09-01;18:14;0020;OUVERTURE;0.00;0.00
Z102_01_082023_MASSENA.CSV;;MC#01;TRANSACTION;FILE102;ZZ1;0068;2023-09-01;18:14;0021;RAPPELTICKET;0.00;0.00
Z102_01_082023_MASSENA.CSV;;MC#01;TRANSACTION;FILE102;ZZ1;0068;2023-09-01;18:14;0022;00;0.00;0.00
Z102_01_082023_MASSENA.CSV;;MC#01;TRANSACTION;FILE102;ZZ1;0068;2023-09-01;18:14;0023;.;0.00;0.00
Z102_01_082023_MASSENA.CSV;;MC#01;TRANSACTION;FILE102;ZZ1;0068;2023-09-01;18:14;0024;IMPRIME TVA;0.00;0.00
Z102_01_082023_MASSENA.CSV;;MC#01;TRANSACTION;FILE102;ZZ1;0068;2023-09-01;18:14;0025;TIROIR;0.00;0.00
Z102_01_082023_MASSENA.CSV;;MC#01;TRANSACTION;FILE102;ZZ1;0068;2023-09-01;18:14;0026;COUPON;0.00;0.00
Z102_01_082023_MASSENA.CSV;;MC#01;TRANSACTION;FILE102;ZZ1;0068;2023-09-01;18:14;0027;UP;0.00;0.00
Z102_01_082023_MASSENA.CSV;;MC#01;TRANSACTION;FILE102;ZZ1;0068;2023-09-01;18:14;0028;CHANGE;0.00;0.00
Z102_01_082023_MASSENA.CSV;;MC#01;TRANSACTION;FILE102;ZZ1;0068;2023-09-01;18:14;0029;X;0.00;0.00
Z102_01_082023_MASSENA.CSV;;MC#01;TRANSACTION;FILE102;ZZ1;0068;2023-09-01;18:14;0030;REFERENCE;0.00;0.00
Z102_01_082023_MASSENA.CSV;;MC#01;TRANSACTION;FILE102;ZZ1;0068;2023-09-01;18:14;0031;REF./TIROIR;0.00;0.00
Z102_01_082023_MASSENA.CSV;;MC#01;TRANSACTION;FILE102;ZZ1;0068;2023-09-01;18:14;0032;ANNULATION;0.00;0.00
Z102_01_082023_MASSENA.CSV;;MC#01;TRANSACTION;FILE102;ZZ1;0068;2023-09-01;18:14;0033;;0.00;0.00
Z102_01_082023_MASSENA.CSV;;MC#01;TRANSACTION;FILE102;ZZ1;0068;2023-09-01;18:14;0034;;0.00;0.00
Z102_01_082023_MASSENA.CSV;;MC#01;TRANSACTION;FILE102;ZZ1;0068;2023-09-01;18:14;0035;;0.00;0.00
Z102_01_082023_MASSENA.CSV;;MC#01;TRANSACTION;FILE102;ZZ1;0068;2023-09-01;18:14;0036;;0.00;0.00
Z102_01_082023_MASSENA.CSV;;MC#01;TRANSACTION;FILE102;ZZ1;0068;2023-09-01;18:14;0037;;0.00;0.00
Z102_01_082023_MASSENA.CSV;;MC#01;TRANSACTION;FILE102;ZZ1;0068;2023-09-01;18:14;0038;;0.00;0.00
Z102_01_082023_MASSENA.CSV;;MC#01;TRANSACTION;FILE102;ZZ1;0068;2023-09-01;18:14;0039;;0.00;0.00
Z102_01_082023_MASSENA.CSV;;MC#01;TRANSACTION;FILE102;ZZ1;0068;2023-09-01;18:14;0040;;0.00;0.00
Z102_01_082023_MASSENA.CSV;;MC#01;TRANSACTION;FILE102;ZZ1;0068;2023-09-01;18:14;0041;;0.00;0.00
Z102_01_082023_MASSENA.CSV;;MC#01;TRANSACTION;FILE102;ZZ1;0068;2023-09-01;18:14;0042;;0.00;0.00
Z102_01_082023_MASSENA.CSV;;MC#01;TRANSACTION;FILE102;ZZ1;0068;2023-09-01;18:14;0043;;0.00;0.00
Z102_01_082023_MASSENA.CSV;;MC#01;TRANSACTION;FILE102;ZZ1;0068;2023-09-01;18:14;0044;;0.00;0.00
Z102_01_082023_MASSENA.CSV;;MC#01;TRANSACTION;FILE102;ZZ1;0068;2023-09-01;18:14;0045;;0.00;0.00
Z102_01_082023_MASSENA.CSV;;MC#01;TRANSACTION;FILE102;ZZ1;0068;2023-09-01;18:14;0046;;0.00;0.00
Z102_01_082023_MASSENA.CSV;;MC#01;TRANSACTION;FILE102;ZZ1;0068;2023-09-01;18:14;0047;;0.00;0.00
Z102_01_082023_MASSENA.CSV;;MC#01;TRANSACTION;FILE102;ZZ1;0068;2023-09-01;18:14;0048;;0.00;0.00
Z102_01_082023_MASSENA.CSV;;MC#01;TRANSACTION;FILE102;ZZ1;0068;2023-09-01;18:14;0049;;0.00;0.00
Z102_01_082023_MASSENA.CSV;;MC#01;TRANSACTION;FILE102;ZZ1;0068;2023-09-01;18:14;0050;;0.00;0.00
Z102_01_092023_MASSENA.CSV;;MC#01;TRANSACTION;FILE102;ZZ1;0069;2023-10-01;17:53;0001;ESPECES;40.00;20724.50
Z102_01_092023_MASSENA.CSV;;MC#01;TRANSACTION;FILE102;ZZ1;0069;2023-10-01;17:53;0002;SOUS-TOTAL;0.00;0.00
Z102_01_092023_MASSENA.CSV;;MC#01;TRANSACTION;FILE102;ZZ1;0069;2023-10-01;17:53;0003;CARTES;20.00;13209.00
Z102_01_092023_MASSENA.CSV;;MC#01;TRANSACTION;FILE102;ZZ1;0069;2023-10-01;17:53;0004;CHEQUES;0.00;0.00
Z102_01_092023_MASSENA.CSV;;MC#01;TRANSACTION;FILE102;ZZ1;0069;2023-10-01;17:53;0005;AIDE;0.00;0.00
Z102_01_092023_MASSENA.CSV;;MC#01;TRANSACTION;FILE102;ZZ1;0069;2023-10-01;17:53;0006;TAX PGM;0.00;0.00
Z102_01_092023_MASSENA.CSV;;MC#01;TRANSACTION;FILE102;ZZ1;0069;2023-10-01;17:53;0007;SORTIECAISSE;0.00;0.00
Z102_01_092023_MASSENA.CSV;;MC#01;TRANSACTION;FILE102;ZZ1;0069;2023-10-01;17:53;0008;REC&ACCOMPTE;0.00;0.00
Z102_01_092023_MASSENA.CSV;;MC#01;TRANSACTION;FILE102;ZZ1;0069;2023-10-01;17:53;0009;SIGN-OFF;0.00;0.00
Z102_01_092023_MASSENA.CSV;;MC#01;TRANSACTION;FILE102;ZZ1;0069;2023-10-01;17:53;0010;NUM CAISSIER;0.00;0.00
Z102_01_092023_MASSENA.CSV;;MC#01;TRANSACTION;FILE102;ZZ1;0069;2023-10-01;17:53;0011;SHIFT/No;0.00;0.00
Z102_01_092023_MASSENA.CSV;;MC#01;TRANSACTION;FILE102;ZZ1;0069;2023-10-01;17:53;0012;DWN;0.00;0.00
Z102_01_092023_MASSENA.CSV;;MC#01;TRANSACTION;FILE102;ZZ1;0069;2023-10-01;17:53;0013;REMISE %-;0.00;0.00
Z102_01_092023_MASSENA.CSV;;MC#01;TRANSACTION;FILE102;ZZ1;0069;2023-10-01;17:53;0014;REMISE -;0.00;0.00
Z102_01_092023_MASSENA.CSV;;MC#01;TRANSACTION;FILE102;ZZ1;0069;2023-10-01;17:53;0015;PLU;0.00;0.00
Z102_01_092023_MASSENA.CSV;;MC#01;TRANSACTION;FILE102;ZZ1;0069;2023-10-01;17:53;0016;PRIX;0.00;0.00
Z102_01_092023_MASSENA.CSV;;MC#01;TRANSACTION;FILE102;ZZ1;0069;2023-10-01;17:53;0017;TICKETON/OFF;0.00;0.00
Z102_01_092023_MASSENA.CSV;;MC#01;TRANSACTION;FILE102;ZZ1;0069;2023-10-01;17:53;0018;CORRECTION;0.00;0.00
Z102_01_092023_MASSENA.CSV;;MC#01;TRANSACTION;FILE102;ZZ1;0069;2023-10-01;17:53;0019;RETOUR;0.00;0.00
Z102_01_092023_MASSENA.CSV;;MC#01;TRANSACTION;FILE102;ZZ1;0069;2023-10-01;17:53;0020;OUVERTURE;0.00;0.00
Z102_01_092023_MASSENA.CSV;;MC#01;TRANSACTION;FILE102;ZZ1;0069;2023-10-01;17:53;0021;RAPPELTICKET;0.00;0.00
Z102_01_092023_MASSENA.CSV;;MC#01;TRANSACTION;FILE102;ZZ1;0069;2023-10-01;17:53;0022;00;0.00;0.00
Z102_01_092023_MASSENA.CSV;;MC#01;TRANSACTION;FILE102;ZZ1;0069;2023-10-01;17:53;0023;.;0.00;0.00
Z102_01_092023_MASSENA.CSV;;MC#01;TRANSACTION;FILE102;ZZ1;0069;2023-10-01;17:53;0024;IMPRIME TVA;0.00;0.00
Z102_01_092023_MASSENA.CSV;;MC#01;TRANSACTION;FILE102;ZZ1;0069;2023-10-01;17:53;0025;TIROIR;0.00;0.00
Z102_01_092023_MASSENA.CSV;;MC#01;TRANSACTION;FILE102;ZZ1;0069;2023-10-01;17:53;0026;COUPON;0.00;0.00
Z102_01_092023_MASSENA.CSV;;MC#01;TRANSACTION;FILE102;ZZ1;0069;2023-10-01;17:53;0027;UP;0.00;0.00
Z102_01_092023_MASSENA.CSV;;MC#01;TRANSACTION;FILE102;ZZ1;0069;2023-10-01;17:53;0028;CHANGE;0.00;0.00
Z102_01_092023_MASSENA.CSV;;MC#01;TRANSACTION;FILE102;ZZ1;0069;2023-10-01;17:53;0029;X;0.00;0.00
Z102_01_092023_MASSENA.CSV;;MC#01;TRANSACTION;FILE102;ZZ1;0069;2023-10-01;17:53;0030;REFERENCE;0.00;0.00
Z102_01_092023_MASSENA.CSV;;MC#01;TRANSACTION;FILE102;ZZ1;0069;2023-10-01;17:53;0031;REF./TIROIR;0.00;0.00
Z102_01_092023_MASSENA.CSV;;MC#01;TRANSACTION;FILE102;ZZ1;0069;2023-10-01;17:53;0032;ANNULATION;0.00;0.00
Z102_01_092023_MASSENA.CSV;;MC#01;TRANSACTION;FILE102;ZZ1;0069;2023-10-01;17:53;0033;;0.00;0.00
Z102_01_092023_MASSENA.CSV;;MC#01;TRANSACTION;FILE102;ZZ1;0069;2023-10-01;17:53;0034;;0.00;0.00
Z102_01_092023_MASSENA.CSV;;MC#01;TRANSACTION;FILE102;ZZ1;0069;2023-10-01;17:53;0035;;0.00;0.00
Z102_01_092023_MASSENA.CSV;;MC#01;TRANSACTION;FILE102;ZZ1;0069;2023-10-01;17:53;0036;;0.00;0.00
Z102_01_092023_MASSENA.CSV;;MC#01;TRANSACTION;FILE102;ZZ1;0069;2023-10-01;17:53;0037;;0.00;0.00
Z102_01_092023_MASSENA.CSV;;MC#01;TRANSACTION;FILE102;ZZ1;0069;2023-10-01;17:53;0038;;0.00;0.00
Z102_01_092023_MASSENA.CSV;;MC#01;TRANSACTION;FILE102;ZZ1;0069;2023-10-01;17:53;0039;;0.00;0.00
Z102_01_092023_MASSENA.CSV;;MC#01;TRANSACTION;FILE102;ZZ1;0069;2023-10-01;17:53;0040;;0.00;0.00
Z102_01_092023_MASSENA.CSV;;MC#01;TRANSACTION;FILE102;ZZ1;0069;2023-10-01;17:53;0041;;0.00;0.00
Z102_01_092023_MASSENA.CSV;;MC#01;TRANSACTION;FILE102;ZZ1;0069;2023-10-01;17:53;0042;;0.00;0.00
Z102_01_092023_MASSENA.CSV;;MC#01;TRANSACTION;FILE102;ZZ1;0069;2023-10-01;17:53;0043;;0.00;0.00
Z102_01_092023_MASSENA.CSV;;MC#01;TRANSACTION;FILE102;ZZ1;0069;2023-10-01;17:53;0044;;0.00;0.00
Z102_01_092023_MASSENA.CSV;;MC#01;TRANSACTION;FILE102;ZZ1;0069;2023-10-01;17:53;0045;;0.00;0.00
Z102_01_092023_MASSENA.CSV;;MC#01;TRANSACTION;FILE102;ZZ1;0069;2023-10-01;17:53;0046;;0.00;0.00
Z102_01_092023_MASSENA.CSV;;MC#01;TRANSACTION;FILE102;ZZ1;0069;2023-10-01;17:53;0047;;0.00;0.00
Z102_01_092023_MASSENA.CSV;;MC#01;TRANSACTION;FILE102;ZZ1;0069;2023-10-01;17:53;0048;;0.00;0.00
Z102_01_092023_MASSENA.CSV;;MC#01;TRANSACTION;FILE102;ZZ1;0069;2023-10-01;17:53;0049;;0.00;0.00
Z102_01_092023_MASSENA.CSV;;MC#01;TRANSACTION;FILE102;ZZ1;0069;2023-10-01;17:53;0050;;0.00;0.00
Z102_01_122023_MASSENA.CSV;;MC#01;TRANSACTION;FILE102;ZZ1;0072;2024-01-01;17:14;0001;ESPECES;26.00;18329.00
Z102_01_122023_MASSENA.CSV;;MC#01;TRANSACTION;FILE102;ZZ1;0072;2024-01-01;17:14;0002;SOUS-TOTAL;0.00;0.00
Z102_01_122023_MASSENA.CSV;;MC#01;TRANSACTION;FILE102;ZZ1;0072;2024-01-01;17:14;0003;CARTES;10.00;9809.00
Z102_01_122023_MASSENA.CSV;;MC#01;TRANSACTION;FILE102;ZZ1;0072;2024-01-01;17:14;0004;CHEQUES;0.00;0.00
Z102_01_122023_MASSENA.CSV;;MC#01;TRANSACTION;FILE102;ZZ1;0072;2024-01-01;17:14;0005;AIDE;0.00;0.00
Z102_01_122023_MASSENA.CSV;;MC#01;TRANSACTION;FILE102;ZZ1;0072;2024-01-01;17:14;0006;TAX PGM;0.00;0.00
Z102_01_122023_MASSENA.CSV;;MC#01;TRANSACTION;FILE102;ZZ1;0072;2024-01-01;17:14;0007;SORTIECAISSE;0.00;0.00
Z102_01_122023_MASSENA.CSV;;MC#01;TRANSACTION;FILE102;ZZ1;0072;2024-01-01;17:14;0008;REC&ACCOMPTE;0.00;0.00
Z102_01_122023_MASSENA.CSV;;MC#01;TRANSACTION;FILE102;ZZ1;0072;2024-01-01;17:14;0009;SIGN-OFF;0.00;0.00
Z102_01_122023_MASSENA.CSV;;MC#01;TRANSACTION;FILE102;ZZ1;0072;2024-01-01;17:14;0010;NUM CAISSIER;0.00;0.00
Z102_01_122023_MASSENA.CSV;;MC#01;TRANSACTION;FILE102;ZZ1;0072;2024-01-01;17:14;0011;SHIFT/No;0.00;0.00
Z102_01_122023_MASSENA.CSV;;MC#01;TRANSACTION;FILE102;ZZ1;0072;2024-01-01;17:14;0012;DWN;0.00;0.00
Z102_01_122023_MASSENA.CSV;;MC#01;TRANSACTION;FILE102;ZZ1;0072;2024-01-01;17:14;0013;REMISE %-;0.00;0.00
Z102_01_122023_MASSENA.CSV;;MC#01;TRANSACTION;FILE102;ZZ1;0072;2024-01-01;17:14;0014;REMISE -;0.00;0.00
Z102_01_122023_MASSENA.CSV;;MC#01;TRANSACTION;FILE102;ZZ1;0072;2024-01-01;17:14;0015;PLU;0.00;0.00
Z102_01_122023_MASSENA.CSV;;MC#01;TRANSACTION;FILE102;ZZ1;0072;2024-01-01;17:14;0016;PRIX;0.00;0.00
Z102_01_122023_MASSENA.CSV;;MC#01;TRANSACTION;FILE102;ZZ1;0072;2024-01-01;17:14;0017;TICKETON/OFF;0.00;0.00
Z102_01_122023_MASSENA.CSV;;MC#01;TRANSACTION;FILE102;ZZ1;0072;2024-01-01;17:14;0018;CORRECTION;0.00;0.00
Z102_01_122023_MASSENA.CSV;;MC#01;TRANSACTION;FILE102;ZZ1;0072;2024-01-01;17:14;0019;RETOUR;0.00;0.00
Z102_01_122023_MASSENA.CSV;;MC#01;TRANSACTION;FILE102;ZZ1;0072;2024-01-01;17:14;0020;OUVERTURE;0.00;0.00
Z102_01_122023_MASSENA.CSV;;MC#01;TRANSACTION;FILE102;ZZ1;0072;2024-01-01;17:14;0021;RAPPELTICKET;0.00;0.00
Z102_01_122023_MASSENA.CSV;;MC#01;TRANSACTION;FILE102;ZZ1;0072;2024-01-01;17:14;0022;00;0.00;0.00
Z102_01_122023_MASSENA.CSV;;MC#01;TRANSACTION;FILE102;ZZ1;0072;2024-01-01;17:14;0023;.;0.00;0.00
Z102_01_122023_MASSENA.CSV;;MC#01;TRANSACTION;FILE102;ZZ1;0072;2024-01-01;17:14;0024;IMPRIME TVA;0.00;0.00
Z102_01_122023_MASSENA.CSV;;MC#01;TRANSACTION;FILE102;ZZ1;0072;2024-01-01;17:14;0025;TIROIR;0.00;0.00
Z102_01_122023_MASSENA.CSV;;MC#01;TRANSACTION;FILE102;ZZ1;0072;2024-01-01;17:14;0026;COUPON;0.00;0.00
Z102_01_122023_MASSENA.CSV;;MC#01;TRANSACTION;FILE102;ZZ1;0072;2024-01-01;17:14;0027;UP;0.00;0.00
Z102_01_122023_MASSENA.CSV;;MC#01;TRANSACTION;FILE102;ZZ1;0072;2024-01-01;17:14;0028;CHANGE;0.00;0.00
Z102_01_122023_MASSENA.CSV;;MC#01;TRANSACTION;FILE102;ZZ1;0072;2024-01-01;17:14;0029;X;0.00;0.00
Z102_01_122023_MASSENA.CSV;;MC#01;TRANSACTION;FILE102;ZZ1;0072;2024-01-01;17:14;0030;REFERENCE;0.00;0.00
Z102_01_122023_MASSENA.CSV;;MC#01;TRANSACTION;FILE102;ZZ1;0072;2024-01-01;17:14;0031;REF./TIROIR;0.00;0.00
Z102_01_122023_MASSENA.CSV;;MC#01;TRANSACTION;FILE102;ZZ1;0072;2024-01-01;17:14;0032;ANNULATION;0.00;0.00
Z102_01_122023_MASSENA.CSV;;MC#01;TRANSACTION;FILE102;ZZ1;0072;2024-01-01;17:14;0033;;0.00;0.00
Z102_01_122023_MASSENA.CSV;;MC#01;TRANSACTION;FILE102;ZZ1;0072;2024-01-01;17:14;0034;;0.00;0.00
Z102_01_122023_MASSENA.CSV;;MC#01;TRANSACTION;FILE102;ZZ1;0072;2024-01-01;17:14;0035;;0.00;0.00
Z102_01_122023_MASSENA.CSV;;MC#01;TRANSACTION;FILE102;ZZ1;0072;2024-01-01;17:14;0036;;0.00;0.00
Z102_01_122023_MASSENA.CSV;;MC#01;TRANSACTION;FILE102;ZZ1;0072;2024-01-01;17:14;0037;;0.00;0.00
Z102_01_122023_MASSENA.CSV;;MC#01;TRANSACTION;FILE102;ZZ1;0072;2024-01-01;17:14;0038;;0.00;0.00
Z102_01_122023_MASSENA.CSV;;MC#01;TRANSACTION;FILE102;ZZ1;0072;2024-01-01;17:14;0039;;0.00;0.00
Z102_01_122023_MASSENA.CSV;;MC#01;TRANSACTION;FILE102;ZZ1;0072;2024-01-01;17:14;0040;;0.00;0.00
Z102_01_122023_MASSENA.CSV;;MC#01;TRANSACTION;FILE102;ZZ1;0072;2024-01-01;17:14;0041;;0.00;0.00
Z102_01_122023_MASSENA.CSV;;MC#01;TRANSACTION;FILE102;ZZ1;0072;2024-01-01;17:14;0042;;0.00;0.00
Z102_01_122023_MASSENA.CSV;;MC#01;TRANSACTION;FILE102;ZZ1;0072;2024-01-01;17:14;0043;;0.00;0.00
Z102_01_122023_MASSENA.CSV;;MC#01;TRANSACTION;FILE102;ZZ1;0072;2024-01-01;17:14;0044;;0.00;0.00
Z102_01_122023_MASSENA.CSV;;MC#01;TRANSACTION;FILE102;ZZ1;0072;2024-01-01;17:14;0045;;0.00;0.00
Z102_01_122023_MASSENA.CSV;;MC#01;TRANSACTION;FILE102;ZZ1;0072;2024-01-01;17:14;0046;;0.00;0.00
Z102_01_122023_MASSENA.CSV;;MC#01;TRANSACTION;FILE102;ZZ1;0072;2024-01-01;17:14;0047;;0.00;0.00
Z102_01_122023_MASSENA.CSV;;MC#01;TRANSACTION;FILE102;ZZ1;0072;2024-01-01;17:14;0048;;0.00;0.00
Z102_01_122023_MASSENA.CSV;;MC#01;TRANSACTION;FILE102;ZZ1;0072;2024-01-01;17:14;0049;;0.00;0.00
Z102_01_122023_MASSENA.CSV;;MC#01;TRANSACTION;FILE102;ZZ1;0072;2024-01-01;17:14;0050;;0.00;0.00
Z102_02_042023_MASSENA.CSV;;MC#01;TRANSACTION;FILE102;ZZ1;0064;2023-05-02;08:33;0001;ESPECES;52.00;35596.00
Z102_02_042023_MASSENA.CSV;;MC#01;TRANSACTION;FILE102;ZZ1;0064;2023-05-02;08:33;0002;SOUS-TOTAL;0.00;0.00
Z102_02_042023_MASSENA.CSV;;MC#01;TRANSACTION;FILE102;ZZ1;0064;2023-05-02;08:33;0003;CARTES;20.00;20500.00
Z102_02_042023_MASSENA.CSV;;MC#01;TRANSACTION;FILE102;ZZ1;0064;2023-05-02;08:33;0004;CHEQUES;0.00;0.00
Z102_02_042023_MASSENA.CSV;;MC#01;TRANSACTION;FILE102;ZZ1;0064;2023-05-02;08:33;0005;AIDE;0.00;0.00
Z102_02_042023_MASSENA.CSV;;MC#01;TRANSACTION;FILE102;ZZ1;0064;2023-05-02;08:33;0006;TAX PGM;0.00;0.00
Z102_02_042023_MASSENA.CSV;;MC#01;TRANSACTION;FILE102;ZZ1;0064;2023-05-02;08:33;0007;SORTIECAISSE;0.00;0.00
Z102_02_042023_MASSENA.CSV;;MC#01;TRANSACTION;FILE102;ZZ1;0064;2023-05-02;08:33;0008;REC&ACCOMPTE;0.00;0.00
Z102_02_042023_MASSENA.CSV;;MC#01;TRANSACTION;FILE102;ZZ1;0064;2023-05-02;08:33;0009;SIGN-OFF;0.00;0.00
Z102_02_042023_MASSENA.CSV;;MC#01;TRANSACTION;FILE102;ZZ1;0064;2023-05-02;08:33;0010;NUM CAISSIER;0.00;0.00
Z102_02_042023_MASSENA.CSV;;MC#01;TRANSACTION;FILE102;ZZ1;0064;2023-05-02;08:33;0011;SHIFT/No;0.00;0.00
Z102_02_042023_MASSENA.CSV;;MC#01;TRANSACTION;FILE102;ZZ1;0064;2023-05-02;08:33;0012;DWN;0.00;0.00
Z102_02_042023_MASSENA.CSV;;MC#01;TRANSACTION;FILE102;ZZ1;0064;2023-05-02;08:33;0013;REMISE %-;0.00;0.00
Z102_02_042023_MASSENA.CSV;;MC#01;TRANSACTION;FILE102;ZZ1;0064;2023-05-02;08:33;0014;REMISE -;0.00;0.00
Z102_02_042023_MASSENA.CSV;;MC#01;TRANSACTION;FILE102;ZZ1;0064;2023-05-02;08:33;0015;PLU;0.00;0.00
Z102_02_042023_MASSENA.CSV;;MC#01;TRANSACTION;FILE102;ZZ1;0064;2023-05-02;08:33;0016;PRIX;0.00;0.00
Z102_02_042023_MASSENA.CSV;;MC#01;TRANSACTION;FILE102;ZZ1;0064;2023-05-02;08:33;0017;TICKETON/OFF;0.00;0.00
Z102_02_042023_MASSENA.CSV;;MC#01;TRANSACTION;FILE102;ZZ1;0064;2023-05-02;08:33;0018;CORRECTION;0.00;0.00
Z102_02_042023_MASSENA.CSV;;MC#01;TRANSACTION;FILE102;ZZ1;0064;2023-05-02;08:33;0019;RETOUR;0.00;0.00
Z102_02_042023_MASSENA.CSV;;MC#01;TRANSACTION;FILE102;ZZ1;0064;2023-05-02;08:33;0020;OUVERTURE;0.00;0.00
Z102_02_042023_MASSENA.CSV;;MC#01;TRANSACTION;FILE102;ZZ1;0064;2023-05-02;08:33;0021;RAPPELTICKET;0.00;0.00
Z102_02_042023_MASSENA.CSV;;MC#01;TRANSACTION;FILE102;ZZ1;0064;2023-05-02;08:33;0022;00;0.00;0.00
Z102_02_042023_MASSENA.CSV;;MC#01;TRANSACTION;FILE102;ZZ1;0064;2023-05-02;08:33;0023;.;0.00;0.00
Z102_02_042023_MASSENA.CSV;;MC#01;TRANSACTION;FILE102;ZZ1;0064;2023-05-02;08:33;0024;IMPRIME TVA;0.00;0.00
Z102_02_042023_MASSENA.CSV;;MC#01;TRANSACTION;FILE102;ZZ1;0064;2023-05-02;08:33;0025;TIROIR;0.00;0.00
Z102_02_042023_MASSENA.CSV;;MC#01;TRANSACTION;FILE102;ZZ1;0064;2023-05-02;08:33;0026;COUPON;0.00;0.00
Z102_02_042023_MASSENA.CSV;;MC#01;TRANSACTION;FILE102;ZZ1;0064;2023-05-02;08:33;0027;UP;0.00;0.00
Z102_02_042023_MASSENA.CSV;;MC#01;TRANSACTION;FILE102;ZZ1;0064;2023-05-02;08:33;0028;CHANGE;0.00;0.00
Z102_02_042023_MASSENA.CSV;;MC#01;TRANSACTION;FILE102;ZZ1;0064;2023-05-02;08:33;0029;X;0.00;0.00
Z102_02_042023_MASSENA.CSV;;MC#01;TRANSACTION;FILE102;ZZ1;0064;2023-05-02;08:33;0030;REFERENCE;0.00;0.00
Z102_02_042023_MASSENA.CSV;;MC#01;TRANSACTION;FILE102;ZZ1;0064;2023-05-02;08:33;0031;REF./TIROIR;0.00;0.00
Z102_02_042023_MASSENA.CSV;;MC#01;TRANSACTION;FILE102;ZZ1;0064;2023-05-02;08:33;0032;ANNULATION;0.00;0.00
Z102_02_042023_MASSENA.CSV;;MC#01;TRANSACTION;FILE102;ZZ1;0064;2023-05-02;08:33;0033;;0.00;0.00
Z102_02_042023_MASSENA.CSV;;MC#01;TRANSACTION;FILE102;ZZ1;0064;2023-05-02;08:33;0034;;0.00;0.00
Z102_02_042023_MASSENA.CSV;;MC#01;TRANSACTION;FILE102;ZZ1;0064;2023-05-02;08:33;0035;;0.00;0.00
Z102_02_042023_MASSENA.CSV;;MC#01;TRANSACTION;FILE102;ZZ1;0064;2023-05-02;08:33;0036;;0.00;0.00
Z102_02_042023_MASSENA.CSV;;MC#01;TRANSACTION;FILE102;ZZ1;0064;2023-05-02;08:33;0037;;0.00;0.00
Z102_02_042023_MASSENA.CSV;;MC#01;TRANSACTION;FILE102;ZZ1;0064;2023-05-02;08:33;0038;;0.00;0.00
Z102_02_042023_MASSENA.CSV;;MC#01;TRANSACTION;FILE102;ZZ1;0064;2023-05-02;08:33;0039;;0.00;0.00
Z102_02_042023_MASSENA.CSV;;MC#01;TRANSACTION;FILE102;ZZ1;0064;2023-05-02;08:33;0040;;0.00;0.00
Z102_02_042023_MASSENA.CSV;;MC#01;TRANSACTION;FILE102;ZZ1;0064;2023-05-02;08:33;0041;;0.00;0.00
Z102_02_042023_MASSENA.CSV;;MC#01;TRANSACTION;FILE102;ZZ1;0064;2023-05-02;08:33;0042;;0.00;0.00
Z102_02_042023_MASSENA.CSV;;MC#01;TRANSACTION;FILE102;ZZ1;0064;2023-05-02;08:33;0043;;0.00;0.00
Z102_02_042023_MASSENA.CSV;;MC#01;TRANSACTION;FILE102;ZZ1;0064;2023-05-02;08:33;0044;;0.00;0.00
Z102_02_042023_MASSENA.CSV;;MC#01;TRANSACTION;FILE102;ZZ1;0064;2023-05-02;08:33;0045;;0.00;0.00
Z102_02_042023_MASSENA.CSV;;MC#01;TRANSACTION;FILE102;ZZ1;0064;2023-05-02;08:33;0046;;0.00;0.00
Z102_02_042023_MASSENA.CSV;;MC#01;TRANSACTION;FILE102;ZZ1;0064;2023-05-02;08:33;0047;;0.00;0.00
Z102_02_042023_MASSENA.CSV;;MC#01;TRANSACTION;FILE102;ZZ1;0064;2023-05-02;08:33;0048;;0.00;0.00
Z102_02_042023_MASSENA.CSV;;MC#01;TRANSACTION;FILE102;ZZ1;0064;2023-05-02;08:33;0049;;0.00;0.00
Z102_02_042023_MASSENA.CSV;;MC#01;TRANSACTION;FILE102;ZZ1;0064;2023-05-02;08:33;0050;;0.00;0.00
Z102_03_022023_MASSENA.CSV;;MC#01;TRANSACTION;FILE102;ZZ1;0062;2023-03-03;19:13;0001;ESPECES;55.00;30060.00
Z102_03_022023_MASSENA.CSV;;MC#01;TRANSACTION;FILE102;ZZ1;0062;2023-03-03;19:13;0002;SOUS-TOTAL;0.00;0.00
Z102_03_022023_MASSENA.CSV;;MC#01;TRANSACTION;FILE102;ZZ1;0062;2023-03-03;19:13;0003;CARTES;17.00;22705.00
Z102_03_022023_MASSENA.CSV;;MC#01;TRANSACTION;FILE102;ZZ1;0062;2023-03-03;19:13;0004;CHEQUES;0.00;0.00
Z102_03_022023_MASSENA.CSV;;MC#01;TRANSACTION;FILE102;ZZ1;0062;2023-03-03;19:13;0005;AIDE;0.00;0.00
Z102_03_022023_MASSENA.CSV;;MC#01;TRANSACTION;FILE102;ZZ1;0062;2023-03-03;19:13;0006;TAX PGM;0.00;0.00
Z102_03_022023_MASSENA.CSV;;MC#01;TRANSACTION;FILE102;ZZ1;0062;2023-03-03;19:13;0007;SORTIECAISSE;0.00;0.00
Z102_03_022023_MASSENA.CSV;;MC#01;TRANSACTION;FILE102;ZZ1;0062;2023-03-03;19:13;0008;REC&ACCOMPTE;0.00;0.00
Z102_03_022023_MASSENA.CSV;;MC#01;TRANSACTION;FILE102;ZZ1;0062;2023-03-03;19:13;0009;SIGN-OFF;0.00;0.00
Z102_03_022023_MASSENA.CSV;;MC#01;TRANSACTION;FILE102;ZZ1;0062;2023-03-03;19:13;0010;NUM CAISSIER;0.00;0.00
Z102_03_022023_MASSENA.CSV;;MC#01;TRANSACTION;FILE102;ZZ1;0062;2023-03-03;19:13;0011;SHIFT/No;0.00;0.00
Z102_03_022023_MASSENA.CSV;;MC#01;TRANSACTION;FILE102;ZZ1;0062;2023-03-03;19:13;0012;DWN;0.00;0.00
Z102_03_022023_MASSENA.CSV;;MC#01;TRANSACTION;FILE102;ZZ1;0062;2023-03-03;19:13;0013;REMISE %-;0.00;0.00
Z102_03_022023_MASSENA.CSV;;MC#01;TRANSACTION;FILE102;ZZ1;0062;2023-03-03;19:13;0014;REMISE -;0.00;0.00
Z102_03_022023_MASSENA.CSV;;MC#01;TRANSACTION;FILE102;ZZ1;0062;2023-03-03;19:13;0015;PLU;0.00;0.00
Z102_03_022023_MASSENA.CSV;;MC#01;TRANSACTION;FILE102;ZZ1;0062;2023-03-03;19:13;0016;PRIX;0.00;0.00
Z102_03_022023_MASSENA.CSV;;MC#01;TRANSACTION;FILE102;ZZ1;0062;2023-03-03;19:13;0017;TICKETON/OFF;0.00;0.00
Z102_03_022023_MASSENA.CSV;;MC#01;TRANSACTION;FILE102;ZZ1;0062;2023-03-03;19:13;0018;CORRECTION;1.00;14.90
Z102_03_022023_MASSENA.CSV;;MC#01;TRANSACTION;FILE102;ZZ1;0062;2023-03-03;19:13;0019;RETOUR;0.00;0.00
Z102_03_022023_MASSENA.CSV;;MC#01;TRANSACTION;FILE102;ZZ1;0062;2023-03-03;19:13;0020;OUVERTURE;0.00;0.00
Z102_03_022023_MASSENA.CSV;;MC#01;TRANSACTION;FILE102;ZZ1;0062;2023-03-03;19:13;0021;RAPPELTICKET;0.00;0.00
Z102_03_022023_MASSENA.CSV;;MC#01;TRANSACTION;FILE102;ZZ1;0062;2023-03-03;19:13;0022;00;0.00;0.00
Z102_03_022023_MASSENA.CSV;;MC#01;TRANSACTION;FILE102;ZZ1;0062;2023-03-03;19:13;0023;.;0.00;0.00
Z102_03_022023_MASSENA.CSV;;MC#01;TRANSACTION;FILE102;ZZ1;0062;2023-03-03;19:13;0024;IMPRIME TVA;0.00;0.00
Z102_03_022023_MASSENA.CSV;;MC#01;TRANSACTION;FILE102;ZZ1;0062;2023-03-03;19:13;0025;TIROIR;0.00;0.00
Z102_03_022023_MASSENA.CSV;;MC#01;TRANSACTION;FILE102;ZZ1;0062;2023-03-03;19:13;0026;COUPON;0.00;0.00
Z102_03_022023_MASSENA.CSV;;MC#01;TRANSACTION;FILE102;ZZ1;0062;2023-03-03;19:13;0027;UP;0.00;0.00
Z102_03_022023_MASSENA.CSV;;MC#01;TRANSACTION;FILE102;ZZ1;0062;2023-03-03;19:13;0028;CHANGE;0.00;0.00
Z102_03_022023_MASSENA.CSV;;MC#01;TRANSACTION;FILE102;ZZ1;0062;2023-03-03;19:13;0029;X;0.00;0.00
Z102_03_022023_MASSENA.CSV;;MC#01;TRANSACTION;FILE102;ZZ1;0062;2023-03-03;19:13;0030;REFERENCE;0.00;0.00
Z102_03_022023_MASSENA.CSV;;MC#01;TRANSACTION;FILE102;ZZ1;0062;2023-03-03;19:13;0031;REF./TIROIR;0.00;0.00
Z102_03_022023_MASSENA.CSV;;MC#01;TRANSACTION;FILE102;ZZ1;0062;2023-03-03;19:13;0032;ANNULATION;0.00;0.00
Z102_03_022023_MASSENA.CSV;;MC#01;TRANSACTION;FILE102;ZZ1;0062;2023-03-03;19:13;0033;;0.00;0.00
Z102_03_022023_MASSENA.CSV;;MC#01;TRANSACTION;FILE102;ZZ1;0062;2023-03-03;19:13;0034;;0.00;0.00
Z102_03_022023_MASSENA.CSV;;MC#01;TRANSACTION;FILE102;ZZ1;0062;2023-03-03;19:13;0035;;0.00;0.00
Z102_03_022023_MASSENA.CSV;;MC#01;TRANSACTION;FILE102;ZZ1;0062;2023-03-03;19:13;0036;;0.00;0.00
Z102_03_022023_MASSENA.CSV;;MC#01;TRANSACTION;FILE102;ZZ1;0062;2023-03-03;19:13;0037;;0.00;0.00
Z102_03_022023_MASSENA.CSV;;MC#01;TRANSACTION;FILE102;ZZ1;0062;2023-03-03;19:13;0038;;0.00;0.00
Z102_03_022023_MASSENA.CSV;;MC#01;TRANSACTION;FILE102;ZZ1;0062;2023-03-03;19:13;0039;;0.00;0.00
Z102_03_022023_MASSENA.CSV;;MC#01;TRANSACTION;FILE102;ZZ1;0062;2023-03-03;19:13;0040;;0.00;0.00
Z102_03_022023_MASSENA.CSV;;MC#01;TRANSACTION;FILE102;ZZ1;0062;2023-03-03;19:13;0041;;0.00;0.00
Z102_03_022023_MASSENA.CSV;;MC#01;TRANSACTION;FILE102;ZZ1;0062;2023-03-03;19:13;0042;;0.00;0.00
Z102_03_022023_MASSENA.CSV;;MC#01;TRANSACTION;FILE102;ZZ1;0062;2023-03-03;19:13;0043;;0.00;0.00
Z102_03_022023_MASSENA.CSV;;MC#01;TRANSACTION;FILE102;ZZ1;0062;2023-03-03;19:13;0044;;0.00;0.00
Z102_03_022023_MASSENA.CSV;;MC#01;TRANSACTION;FILE102;ZZ1;0062;2023-03-03;19:13;0045;;0.00;0.00
Z102_03_022023_MASSENA.CSV;;MC#01;TRANSACTION;FILE102;ZZ1;0062;2023-03-03;19:13;0046;;0.00;0.00
Z102_03_022023_MASSENA.CSV;;MC#01;TRANSACTION;FILE102;ZZ1;0062;2023-03-03;19:13;0047;;0.00;0.00
Z102_03_022023_MASSENA.CSV;;MC#01;TRANSACTION;FILE102;ZZ1;0062;2023-03-03;19:13;0048;;0.00;0.00
Z102_03_022023_MASSENA.CSV;;MC#01;TRANSACTION;FILE102;ZZ1;0062;2023-03-03;19:13;0049;;0.00;0.00
Z102_03_022023_MASSENA.CSV;;MC#01;TRANSACTION;FILE102;ZZ1;0062;2023-03-03;19:13;0050;;0.00;0.00
Z102_10_102023_MASSENA.CSV;;MC#01;TRANSACTION;FILE102;ZZ1;0070;2023-11-10;16:03;0001;ESPECES;21.00;11347.80
Z102_10_102023_MASSENA.CSV;;MC#01;TRANSACTION;FILE102;ZZ1;0070;2023-11-10;16:03;0002;SOUS-TOTAL;0.00;0.00
Z102_10_102023_MASSENA.CSV;;MC#01;TRANSACTION;FILE102;ZZ1;0070;2023-11-10;16:03;0003;CARTES;16.00;20776.00
Z102_10_102023_MASSENA.CSV;;MC#01;TRANSACTION;FILE102;ZZ1;0070;2023-11-10;16:03;0004;CHEQUES;0.00;0.00
Z102_10_102023_MASSENA.CSV;;MC#01;TRANSACTION;FILE102;ZZ1;0070;2023-11-10;16:03;0005;AIDE;0.00;0.00
Z102_10_102023_MASSENA.CSV;;MC#01;TRANSACTION;FILE102;ZZ1;0070;2023-11-10;16:03;0006;TAX PGM;0.00;0.00
Z102_10_102023_MASSENA.CSV;;MC#01;TRANSACTION;FILE102;ZZ1;0070;2023-11-10;16:03;0007;SORTIECAISSE;0.00;0.00
Z102_10_102023_MASSENA.CSV;;MC#01;TRANSACTION;FILE102;ZZ1;0070;2023-11-10;16:03;0008;REC&ACCOMPTE;0.00;0.00
Z102_10_102023_MASSENA.CSV;;MC#01;TRANSACTION;FILE102;ZZ1;0070;2023-11-10;16:03;0009;SIGN-OFF;0.00;0.00
Z102_10_102023_MASSENA.CSV;;MC#01;TRANSACTION;FILE102;ZZ1;0070;2023-11-10;16:03;0010;NUM CAISSIER;0.00;0.00
Z102_10_102023_MASSENA.CSV;;MC#01;TRANSACTION;FILE102;ZZ1;0070;2023-11-10;16:03;0011;SHIFT/No;0.00;0.00
Z102_10_102023_MASSENA.CSV;;MC#01;TRANSACTION;FILE102;ZZ1;0070;2023-11-10;16:03;0012;DWN;0.00;0.00
Z102_10_102023_MASSENA.CSV;;MC#01;TRANSACTION;FILE102;ZZ1;0070;2023-11-10;16:03;0013;REMISE %-;0.00;0.00
Z102_10_102023_MASSENA.CSV;;MC#01;TRANSACTION;FILE102;ZZ1;0070;2023-11-10;16:03;0014;REMISE -;0.00;0.00
Z102_10_102023_MASSENA.CSV;;MC#01;TRANSACTION;FILE102;ZZ1;0070;2023-11-10;16:03;0015;PLU;0.00;0.00
Z102_10_102023_MASSENA.CSV;;MC#01;TRANSACTION;FILE102;ZZ1;0070;2023-11-10;16:03;0016;PRIX;0.00;0.00
Z102_10_102023_MASSENA.CSV;;MC#01;TRANSACTION;FILE102;ZZ1;0070;2023-11-10;16:03;0017;TICKETON/OFF;0.00;0.00
Z102_10_102023_MASSENA.CSV;;MC#01;TRANSACTION;FILE102;ZZ1;0070;2023-11-10;16:03;0018;CORRECTION;0.00;0.00
Z102_10_102023_MASSENA.CSV;;MC#01;TRANSACTION;FILE102;ZZ1;0070;2023-11-10;16:03;0019;RETOUR;0.00;0.00
Z102_10_102023_MASSENA.CSV;;MC#01;TRANSACTION;FILE102;ZZ1;0070;2023-11-10;16:03;0020;OUVERTURE;0.00;0.00
Z102_10_102023_MASSENA.CSV;;MC#01;TRANSACTION;FILE102;ZZ1;0070;2023-11-10;16:03;0021;RAPPELTICKET;0.00;0.00
Z102_10_102023_MASSENA.CSV;;MC#01;TRANSACTION;FILE102;ZZ1;0070;2023-11-10;16:03;0022;00;0.00;0.00
Z102_10_102023_MASSENA.CSV;;MC#01;TRANSACTION;FILE102;ZZ1;0070;2023-11-10;16:03;0023;.;0.00;0.00
Z102_10_102023_MASSENA.CSV;;MC#01;TRANSACTION;FILE102;ZZ1;0070;2023-11-10;16:03;0024;IMPRIME TVA;0.00;0.00
Z102_10_102023_MASSENA.CSV;;MC#01;TRANSACTION;FILE102;ZZ1;0070;2023-11-10;16:03;0025;TIROIR;0.00;0.00
Z102_10_102023_MASSENA.CSV;;MC#01;TRANSACTION;FILE102;ZZ1;0070;2023-11-10;16:03;0026;COUPON;0.00;0.00
Z102_10_102023_MASSENA.CSV;;MC#01;TRANSACTION;FILE102;ZZ1;0070;2023-11-10;16:03;0027;UP;0.00;0.00
Z102_10_102023_MASSENA.CSV;;MC#01;TRANSACTION;FILE102;ZZ1;0070;2023-11-10;16:03;0028;CHANGE;0.00;0.00
Z102_10_102023_MASSENA.CSV;;MC#01;TRANSACTION;FILE102;ZZ1;0070;2023-11-10;16:03;0029;X;0.00;0.00
Z102_10_102023_MASSENA.CSV;;MC#01;TRANSACTION;FILE102;ZZ1;0070;2023-11-10;16:03;0030;REFERENCE;0.00;0.00
Z102_10_102023_MASSENA.CSV;;MC#01;TRANSACTION;FILE102;ZZ1;0070;2023-11-10;16:03;0031;REF./TIROIR;0.00;0.00
Z102_10_102023_MASSENA.CSV;;MC#01;TRANSACTION;FILE102;ZZ1;0070;2023-11-10;16:03;0032;ANNULATION;0.00;0.00
Z102_10_102023_MASSENA.CSV;;MC#01;TRANSACTION;FILE102;ZZ1;0070;2023-11-10;16:03;0033;;0.00;0.00
Z102_10_102023_MASSENA.CSV;;MC#01;TRANSACTION;FILE102;ZZ1;0070;2023-11-10;16:03;0034;;0.00;0.00
Z102_10_102023_MASSENA.CSV;;MC#01;TRANSACTION;FILE102;ZZ1;0070;2023-11-10;16:03;0035;;0.00;0.00
Z102_10_102023_MASSENA.CSV;;MC#01;TRANSACTION;FILE102;ZZ1;0070;2023-11-10;16:03;0036;;0.00;0.00
Z102_10_102023_MASSENA.CSV;;MC#01;TRANSACTION;FILE102;ZZ1;0070;2023-11-10;16:03;0037;;0.00;0.00
Z102_10_102023_MASSENA.CSV;;MC#01;TRANSACTION;FILE102;ZZ1;0070;2023-11-10;16:03;0038;;0.00;0.00
Z102_10_102023_MASSENA.CSV;;MC#01;TRANSACTION;FILE102;ZZ1;0070;2023-11-10;16:03;0039;;0.00;0.00
Z102_10_102023_MASSENA.CSV;;MC#01;TRANSACTION;FILE102;ZZ1;0070;2023-11-10;16:03;0040;;0.00;0.00
Z102_10_102023_MASSENA.CSV;;MC#01;TRANSACTION;FILE102;ZZ1;0070;2023-11-10;16:03;0041;;0.00;0.00
Z102_10_102023_MASSENA.CSV;;MC#01;TRANSACTION;FILE102;ZZ1;0070;2023-11-10;16:03;0042;;0.00;0.00
Z102_10_102023_MASSENA.CSV;;MC#01;TRANSACTION;FILE102;ZZ1;0070;2023-11-10;16:03;0043;;0.00;0.00
Z102_10_102023_MASSENA.CSV;;MC#01;TRANSACTION;FILE102;ZZ1;0070;2023-11-10;16:03;0044;;0.00;0.00
Z102_10_102023_MASSENA.CSV;;MC#01;TRANSACTION;FILE102;ZZ1;0070;2023-11-10;16:03;0045;;0.00;0.00
Z102_10_102023_MASSENA.CSV;;MC#01;TRANSACTION;FILE102;ZZ1;0070;2023-11-10;16:03;0046;;0.00;0.00
Z102_10_102023_MASSENA.CSV;;MC#01;TRANSACTION;FILE102;ZZ1;0070;2023-11-10;16:03;0047;;0.00;0.00
Z102_10_102023_MASSENA.CSV;;MC#01;TRANSACTION;FILE102;ZZ1;0070;2023-11-10;16:03;0048;;0.00;0.00
Z102_10_102023_MASSENA.CSV;;MC#01;TRANSACTION;FILE102;ZZ1;0070;2023-11-10;16:03;0049;;0.00;0.00
Z102_10_102023_MASSENA.CSV;;MC#01;TRANSACTION;FILE102;ZZ1;0070;2023-11-10;16:03;0050;;0.00;0.00
Z102_31_012023_MASSENA.CSV;;MC#01;TRANSACTION;FILE102;ZZ1;0061;2023-01-31;18:44;0001;ESPECES;97.00;54942.80
Z102_31_012023_MASSENA.CSV;;MC#01;TRANSACTION;FILE102;ZZ1;0061;2023-01-31;18:44;0002;SOUS-TOTAL;0.00;0.00
Z102_31_012023_MASSENA.CSV;;MC#01;TRANSACTION;FILE102;ZZ1;0061;2023-01-31;18:44;0003;CARTES;23.00;15385.00
Z102_31_012023_MASSENA.CSV;;MC#01;TRANSACTION;FILE102;ZZ1;0061;2023-01-31;18:44;0004;CHEQUES;1.00;6042.00
Z102_31_012023_MASSENA.CSV;;MC#01;TRANSACTION;FILE102;ZZ1;0061;2023-01-31;18:44;0005;AIDE;0.00;0.00
Z102_31_012023_MASSENA.CSV;;MC#01;TRANSACTION;FILE102;ZZ1;0061;2023-01-31;18:44;0006;TAX PGM;0.00;0.00
Z102_31_012023_MASSENA.CSV;;MC#01;TRANSACTION;FILE102;ZZ1;0061;2023-01-31;18:44;0007;SORTIECAISSE;0.00;0.00
Z102_31_012023_MASSENA.CSV;;MC#01;TRANSACTION;FILE102;ZZ1;0061;2023-01-31;18:44;0008;REC&ACCOMPTE;0.00;0.00
Z102_31_012023_MASSENA.CSV;;MC#01;TRANSACTION;FILE102;ZZ1;0061;2023-01-31;18:44;0009;SIGN-OFF;0.00;0.00
Z102_31_012023_MASSENA.CSV;;MC#01;TRANSACTION;FILE102;ZZ1;0061;2023-01-31;18:44;0010;NUM CAISSIER;0.00;0.00
Z102_31_012023_MASSENA.CSV;;MC#01;TRANSACTION;FILE102;ZZ1;0061;2023-01-31;18:44;0011;SHIFT/No;0.00;0.00
Z102_31_012023_MASSENA.CSV;;MC#01;TRANSACTION;FILE102;ZZ1;0061;2023-01-31;18:44;0012;DWN;0.00;0.00
Z102_31_012023_MASSENA.CSV;;MC#01;TRANSACTION;FILE102;ZZ1;0061;2023-01-31;18:44;0013;REMISE %-;0.00;0.00
Z102_31_012023_MASSENA.CSV;;MC#01;TRANSACTION;FILE102;ZZ1;0061;2023-01-31;18:44;0014;REMISE -;0.00;0.00
Z102_31_012023_MASSENA.CSV;;MC#01;TRANSACTION;FILE102;ZZ1;0061;2023-01-31;18:44;0015;PLU;0.00;0.00
Z102_31_012023_MASSENA.CSV;;MC#01;TRANSACTION;FILE102;ZZ1;0061;2023-01-31;18:44;0016;PRIX;0.00;0.00
Z102_31_012023_MASSENA.CSV;;MC#01;TRANSACTION;FILE102;ZZ1;0061;2023-01-31;18:44;0017;TICKETON/OFF;0.00;0.00
Z102_31_012023_MASSENA.CSV;;MC#01;TRANSACTION;FILE102;ZZ1;0061;2023-01-31;18:44;0018;CORRECTION;2.00;344.00
Z102_31_012023_MASSENA.CSV;;MC#01;TRANSACTION;FILE102;ZZ1;0061;2023-01-31;18:44;0019;RETOUR;0.00;0.00
Z102_31_012023_MASSENA.CSV;;MC#01;TRANSACTION;FILE102;ZZ1;0061;2023-01-31;18:44;0020;OUVERTURE;0.00;0.00
Z102_31_012023_MASSENA.CSV;;MC#01;TRANSACTION;FILE102;ZZ1;0061;2023-01-31;18:44;0021;RAPPELTICKET;0.00;0.00
Z102_31_012023_MASSENA.CSV;;MC#01;TRANSACTION;FILE102;ZZ1;0061;2023-01-31;18:44;0022;00;0.00;0.00
Z102_31_012023_MASSENA.CSV;;MC#01;TRANSACTION;FILE102;ZZ1;0061;2023-01-31;18:44;0023;.;0.00;0.00
Z102_31_012023_MASSENA.CSV;;MC#01;TRANSACTION;FILE102;ZZ1;0061;2023-01-31;18:44;0024;IMPRIME TVA;0.00;0.00
Z102_31_012023_MASSENA.CSV;;MC#01;TRANSACTION;FILE102;ZZ1;0061;2023-01-31;18:44;0025;TIROIR;0.00;0.00
Z102_31_012023_MASSENA.CSV;;MC#01;TRANSACTION;FILE102;ZZ1;0061;2023-01-31;18:44;0026;COUPON;0.00;0.00
Z102_31_012023_MASSENA.CSV;;MC#01;TRANSACTION;FILE102;ZZ1;0061;2023-01-31;18:44;0027;UP;0.00;0.00
Z102_31_012023_MASSENA.CSV;;MC#01;TRANSACTION;FILE102;ZZ1;0061;2023-01-31;18:44;0028;CHANGE;0.00;0.00
Z102_31_012023_MASSENA.CSV;;MC#01;TRANSACTION;FILE102;ZZ1;0061;2023-01-31;18:44;0029;X;0.00;0.00
Z102_31_012023_MASSENA.CSV;;MC#01;TRANSACTION;FILE102;ZZ1;0061;2023-01-31;18:44;0030;REFERENCE;0.00;0.00
Z102_31_012023_MASSENA.CSV;;MC#01;TRANSACTION;FILE102;ZZ1;0061;2023-01-31;18:44;0031;REF./TIROIR;0.00;0.00
Z102_31_012023_MASSENA.CSV;;MC#01;TRANSACTION;FILE102;ZZ1;0061;2023-01-31;18:44;0032;ANNULATION;0.00;0.00
Z102_31_012023_MASSENA.CSV;;MC#01;TRANSACTION;FILE102;ZZ1;0061;2023-01-31;18:44;0033;;0.00;0.00
Z102_31_012023_MASSENA.CSV;;MC#01;TRANSACTION;FILE102;ZZ1;0061;2023-01-31;18:44;0034;;0.00;0.00
Z102_31_012023_MASSENA.CSV;;MC#01;TRANSACTION;FILE102;ZZ1;0061;2023-01-31;18:44;0035;;0.00;0.00
Z102_31_012023_MASSENA.CSV;;MC#01;TRANSACTION;FILE102;ZZ1;0061;2023-01-31;18:44;0036;;0.00;0.00
Z102_31_012023_MASSENA.CSV;;MC#01;TRANSACTION;FILE102;ZZ1;0061;2023-01-31;18:44;0037;;0.00;0.00
Z102_31_012023_MASSENA.CSV;;MC#01;TRANSACTION;FILE102;ZZ1;0061;2023-01-31;18:44;0038;;0.00;0.00
Z102_31_012023_MASSENA.CSV;;MC#01;TRANSACTION;FILE102;ZZ1;0061;2023-01-31;18:44;0039;;0.00;0.00
Z102_31_012023_MASSENA.CSV;;MC#01;TRANSACTION;FILE102;ZZ1;0061;2023-01-31;18:44;0040;;0.00;0.00
Z102_31_012023_MASSENA.CSV;;MC#01;TRANSACTION;FILE102;ZZ1;0061;2023-01-31;18:44;0041;;0.00;0.00
Z102_31_012023_MASSENA.CSV;;MC#01;TRANSACTION;FILE102;ZZ1;0061;2023-01-31;18:44;0042;;0.00;0.00
Z102_31_012023_MASSENA.CSV;;MC#01;TRANSACTION;FILE102;ZZ1;0061;2023-01-31;18:44;0043;;0.00;0.00
Z102_31_012023_MASSENA.CSV;;MC#01;TRANSACTION;FILE102;ZZ1;0061;2023-01-31;18:44;0044;;0.00;0.00
Z102_31_012023_MASSENA.CSV;;MC#01;TRANSACTION;FILE102;ZZ1;0061;2023-01-31;18:44;0045;;0.00;0.00
Z102_31_012023_MASSENA.CSV;;MC#01;TRANSACTION;FILE102;ZZ1;0061;2023-01-31;18:44;0046;;0.00;0.00
Z102_31_012023_MASSENA.CSV;;MC#01;TRANSACTION;FILE102;ZZ1;0061;2023-01-31;18:44;0047;;0.00;0.00
Z102_31_012023_MASSENA.CSV;;MC#01;TRANSACTION;FILE102;ZZ1;0061;2023-01-31;18:44;0048;;0.00;0.00
Z102_31_012023_MASSENA.CSV;;MC#01;TRANSACTION;FILE102;ZZ1;0061;2023-01-31;18:44;0049;;0.00;0.00
Z102_31_012023_MASSENA.CSV;;MC#01;TRANSACTION;FILE102;ZZ1;0061;2023-01-31;18:44;0050;;0.00;0.00
Z202_01A_032023_MASSENA.CSV;;MC#01;TRANSACTION;FILE202;ZZ2;0059;2023-04-01;10:36;0001;ESPECES;42.00;28212.00
Z202_01A_032023_MASSENA.CSV;;MC#01;TRANSACTION;FILE202;ZZ2;0059;2023-04-01;10:36;0002;SOUS-TOTAL;0.00;0.00
Z202_01A_032023_MASSENA.CSV;;MC#01;TRANSACTION;FILE202;ZZ2;0059;2023-04-01;10:36;0003;CARTES;10.00;4414.00
Z202_01A_032023_MASSENA.CSV;;MC#01;TRANSACTION;FILE202;ZZ2;0059;2023-04-01;10:36;0004;CHEQUES;1.00;987.00
Z202_01A_032023_MASSENA.CSV;;MC#01;TRANSACTION;FILE202;ZZ2;0059;2023-04-01;10:36;0005;AIDE;0.00;0.00
Z202_01A_032023_MASSENA.CSV;;MC#01;TRANSACTION;FILE202;ZZ2;0059;2023-04-01;10:36;0006;TAX PGM;0.00;0.00
Z202_01A_032023_MASSENA.CSV;;MC#01;TRANSACTION;FILE202;ZZ2;0059;2023-04-01;10:36;0007;SORTIECAISSE;0.00;0.00
Z202_01A_032023_MASSENA.CSV;;MC#01;TRANSACTION;FILE202;ZZ2;0059;2023-04-01;10:36;0008;REC&ACCOMPTE;0.00;0.00
Z202_01A_032023_MASSENA.CSV;;MC#01;TRANSACTION;FILE202;ZZ2;0059;2023-04-01;10:36;0009;SIGN-OFF;0.00;0.00
Z202_01A_032023_MASSENA.CSV;;MC#01;TRANSACTION;FILE202;ZZ2;0059;2023-04-01;10:36;0010;NUM CAISSIER;0.00;0.00
Z202_01A_032023_MASSENA.CSV;;MC#01;TRANSACTION;FILE202;ZZ2;0059;2023-04-01;10:36;0011;SHIFT/No;0.00;0.00
Z202_01A_032023_MASSENA.CSV;;MC#01;TRANSACTION;FILE202;ZZ2;0059;2023-04-01;10:36;0012;DWN;0.00;0.00
Z202_01A_032023_MASSENA.CSV;;MC#01;TRANSACTION;FILE202;ZZ2;0059;2023-04-01;10:36;0013;REMISE %-;0.00;0.00
Z202_01A_032023_MASSENA.CSV;;MC#01;TRANSACTION;FILE202;ZZ2;0059;2023-04-01;10:36;0014;REMISE -;0.00;0.00
Z202_01A_032023_MASSENA.CSV;;MC#01;TRANSACTION;FILE202;ZZ2;0059;2023-04-01;10:36;0015;PLU;0.00;0.00
Z202_01A_032023_MASSENA.CSV;;MC#01;TRANSACTION;FILE202;ZZ2;0059;2023-04-01;10:36;0016;PRIX;0.00;0.00
Z202_01A_032023_MASSENA.CSV;;MC#01;TRANSACTION;FILE202;ZZ2;0059;2023-04-01;10:36;0017;TICKETON/OFF;0.00;0.00
Z202_01A_032023_MASSENA.CSV;;MC#01;TRANSACTION;FILE202;ZZ2;0059;2023-04-01;10:36;0018;CORRECTION;1.00;2.00
Z202_01A_032023_MASSENA.CSV;;MC#01;TRANSACTION;FILE202;ZZ2;0059;2023-04-01;10:36;0019;RETOUR;0.00;0.00
Z202_01A_032023_MASSENA.CSV;;MC#01;TRANSACTION;FILE202;ZZ2;0059;2023-04-01;10:36;0020;OUVERTURE;0.00;0.00
Z202_01A_032023_MASSENA.CSV;;MC#01;TRANSACTION;FILE202;ZZ2;0059;2023-04-01;10:36;0021;RAPPELTICKET;0.00;0.00
Z202_01A_032023_MASSENA.CSV;;MC#01;TRANSACTION;FILE202;ZZ2;0059;2023-04-01;10:36;0022;00;0.00;0.00
Z202_01A_032023_MASSENA.CSV;;MC#01;TRANSACTION;FILE202;ZZ2;0059;2023-04-01;10:36;0023;.;0.00;0.00
Z202_01A_032023_MASSENA.CSV;;MC#01;TRANSACTION;FILE202;ZZ2;0059;2023-04-01;10:36;0024;IMPRIME TVA;0.00;0.00
Z202_01A_032023_MASSENA.CSV;;MC#01;TRANSACTION;FILE202;ZZ2;0059;2023-04-01;10:36;0025;TIROIR;0.00;0.00
Z202_01A_032023_MASSENA.CSV;;MC#01;TRANSACTION;FILE202;ZZ2;0059;2023-04-01;10:36;0026;COUPON;0.00;0.00
Z202_01A_032023_MASSENA.CSV;;MC#01;TRANSACTION;FILE202;ZZ2;0059;2023-04-01;10:36;0027;UP;0.00;0.00
Z202_01A_032023_MASSENA.CSV;;MC#01;TRANSACTION;FILE202;ZZ2;0059;2023-04-01;10:36;0028;CHANGE;0.00;0.00
Z202_01A_032023_MASSENA.CSV;;MC#01;TRANSACTION;FILE202;ZZ2;0059;2023-04-01;10:36;0029;X;0.00;0.00
Z202_01A_032023_MASSENA.CSV;;MC#01;TRANSACTION;FILE202;ZZ2;0059;2023-04-01;10:36;0030;REFERENCE;0.00;0.00
Z202_01A_032023_MASSENA.CSV;;MC#01;TRANSACTION;FILE202;ZZ2;0059;2023-04-01;10:36;0031;REF./TIROIR;0.00;0.00
Z202_01A_032023_MASSENA.CSV;;MC#01;TRANSACTION;FILE202;ZZ2;0059;2023-04-01;10:36;0032;ANNULATION;0.00;0.00
Z202_01A_032023_MASSENA.CSV;;MC#01;TRANSACTION;FILE202;ZZ2;0059;2023-04-01;10:36;0033;;0.00;0.00
Z202_01A_032023_MASSENA.CSV;;MC#01;TRANSACTION;FILE202;ZZ2;0059;2023-04-01;10:36;0034;;0.00;0.00
Z202_01A_032023_MASSENA.CSV;;MC#01;TRANSACTION;FILE202;ZZ2;0059;2023-04-01;10:36;0035;;0.00;0.00
Z202_01A_032023_MASSENA.CSV;;MC#01;TRANSACTION;FILE202;ZZ2;0059;2023-04-01;10:36;0036;;0.00;0.00
Z202_01A_032023_MASSENA.CSV;;MC#01;TRANSACTION;FILE202;ZZ2;0059;2023-04-01;10:36;0037;;0.00;0.00
Z202_01A_032023_MASSENA.CSV;;MC#01;TRANSACTION;FILE202;ZZ2;0059;2023-04-01;10:36;0038;;0.00;0.00
Z202_01A_032023_MASSENA.CSV;;MC#01;TRANSACTION;FILE202;ZZ2;0059;2023-04-01;10:36;0039;;0.00;0.00
Z202_01A_032023_MASSENA.CSV;;MC#01;TRANSACTION;FILE202;ZZ2;0059;2023-04-01;10:36;0040;;0.00;0.00
Z202_01A_032023_MASSENA.CSV;;MC#01;TRANSACTION;FILE202;ZZ2;0059;2023-04-01;10:36;0041;;0.00;0.00
Z202_01A_032023_MASSENA.CSV;;MC#01;TRANSACTION;FILE202;ZZ2;0059;2023-04-01;10:36;0042;;0.00;0.00
Z202_01A_032023_MASSENA.CSV;;MC#01;TRANSACTION;FILE202;ZZ2;0059;2023-04-01;10:36;0043;;0.00;0.00
Z202_01A_032023_MASSENA.CSV;;MC#01;TRANSACTION;FILE202;ZZ2;0059;2023-04-01;10:36;0044;;0.00;0.00
Z202_01A_032023_MASSENA.CSV;;MC#01;TRANSACTION;FILE202;ZZ2;0059;2023-04-01;10:36;0045;;0.00;0.00
Z202_01A_032023_MASSENA.CSV;;MC#01;TRANSACTION;FILE202;ZZ2;0059;2023-04-01;10:36;0046;;0.00;0.00
Z202_01A_032023_MASSENA.CSV;;MC#01;TRANSACTION;FILE202;ZZ2;0059;2023-04-01;10:36;0047;;0.00;0.00
Z202_01A_032023_MASSENA.CSV;;MC#01;TRANSACTION;FILE202;ZZ2;0059;2023-04-01;10:36;0048;;0.00;0.00
Z202_01A_032023_MASSENA.CSV;;MC#01;TRANSACTION;FILE202;ZZ2;0059;2023-04-01;10:36;0049;;0.00;0.00
Z202_01A_032023_MASSENA.CSV;;MC#01;TRANSACTION;FILE202;ZZ2;0059;2023-04-01;10:36;0050;;0.00;0.00
Z202_01A_052023_MASSENA.CSV;;MC#01;TRANSACTION;FILE202;ZZ2;0061;2023-06-01;10:17;0001;ESPECES;28.00;16910.00
Z202_01A_052023_MASSENA.CSV;;MC#01;TRANSACTION;FILE202;ZZ2;0061;2023-06-01;10:17;0002;SOUS-TOTAL;0.00;0.00
Z202_01A_052023_MASSENA.CSV;;MC#01;TRANSACTION;FILE202;ZZ2;0061;2023-06-01;10:17;0003;CARTES;19.00;23452.00
Z202_01A_052023_MASSENA.CSV;;MC#01;TRANSACTION;FILE202;ZZ2;0061;2023-06-01;10:17;0004;CHEQUES;0.00;0.00
Z202_01A_052023_MASSENA.CSV;;MC#01;TRANSACTION;FILE202;ZZ2;0061;2023-06-01;10:17;0005;AIDE;0.00;0.00
Z202_01A_052023_MASSENA.CSV;;MC#01;TRANSACTION;FILE202;ZZ2;0061;2023-06-01;10:17;0006;TAX PGM;0.00;0.00
Z202_01A_052023_MASSENA.CSV;;MC#01;TRANSACTION;FILE202;ZZ2;0061;2023-06-01;10:17;0007;SORTIECAISSE;0.00;0.00
Z202_01A_052023_MASSENA.CSV;;MC#01;TRANSACTION;FILE202;ZZ2;0061;2023-06-01;10:17;0008;REC&ACCOMPTE;0.00;0.00
Z202_01A_052023_MASSENA.CSV;;MC#01;TRANSACTION;FILE202;ZZ2;0061;2023-06-01;10:17;0009;SIGN-OFF;0.00;0.00
Z202_01A_052023_MASSENA.CSV;;MC#01;TRANSACTION;FILE202;ZZ2;0061;2023-06-01;10:17;0010;NUM CAISSIER;0.00;0.00
Z202_01A_052023_MASSENA.CSV;;MC#01;TRANSACTION;FILE202;ZZ2;0061;2023-06-01;10:17;0011;SHIFT/No;0.00;0.00
Z202_01A_052023_MASSENA.CSV;;MC#01;TRANSACTION;FILE202;ZZ2;0061;2023-06-01;10:17;0012;DWN;0.00;0.00
Z202_01A_052023_MASSENA.CSV;;MC#01;TRANSACTION;FILE202;ZZ2;0061;2023-06-01;10:17;0013;REMISE %-;0.00;0.00
Z202_01A_052023_MASSENA.CSV;;MC#01;TRANSACTION;FILE202;ZZ2;0061;2023-06-01;10:17;0014;REMISE -;0.00;0.00
Z202_01A_052023_MASSENA.CSV;;MC#01;TRANSACTION;FILE202;ZZ2;0061;2023-06-01;10:17;0015;PLU;0.00;0.00
Z202_01A_052023_MASSENA.CSV;;MC#01;TRANSACTION;FILE202;ZZ2;0061;2023-06-01;10:17;0016;PRIX;0.00;0.00
Z202_01A_052023_MASSENA.CSV;;MC#01;TRANSACTION;FILE202;ZZ2;0061;2023-06-01;10:17;0017;TICKETON/OFF;0.00;0.00
Z202_01A_052023_MASSENA.CSV;;MC#01;TRANSACTION;FILE202;ZZ2;0061;2023-06-01;10:17;0018;CORRECTION;0.00;0.00
Z202_01A_052023_MASSENA.CSV;;MC#01;TRANSACTION;FILE202;ZZ2;0061;2023-06-01;10:17;0019;RETOUR;0.00;0.00
Z202_01A_052023_MASSENA.CSV;;MC#01;TRANSACTION;FILE202;ZZ2;0061;2023-06-01;10:17;0020;OUVERTURE;0.00;0.00
Z202_01A_052023_MASSENA.CSV;;MC#01;TRANSACTION;FILE202;ZZ2;0061;2023-06-01;10:17;0021;RAPPELTICKET;0.00;0.00
Z202_01A_052023_MASSENA.CSV;;MC#01;TRANSACTION;FILE202;ZZ2;0061;2023-06-01;10:17;0022;00;0.00;0.00
Z202_01A_052023_MASSENA.CSV;;MC#01;TRANSACTION;FILE202;ZZ2;0061;2023-06-01;10:17;0023;.;0.00;0.00
Z202_01A_052023_MASSENA.CSV;;MC#01;TRANSACTION;FILE202;ZZ2;0061;2023-06-01;10:17;0024;IMPRIME TVA;0.00;0.00
Z202_01A_052023_MASSENA.CSV;;MC#01;TRANSACTION;FILE202;ZZ2;0061;2023-06-01;10:17;0025;TIROIR;0.00;0.00
Z202_01A_052023_MASSENA.CSV;;MC#01;TRANSACTION;FILE202;ZZ2;0061;2023-06-01;10:17;0026;COUPON;0.00;0.00
Z202_01A_052023_MASSENA.CSV;;MC#01;TRANSACTION;FILE202;ZZ2;0061;2023-06-01;10:17;0027;UP;0.00;0.00
Z202_01A_052023_MASSENA.CSV;;MC#01;TRANSACTION;FILE202;ZZ2;0061;2023-06-01;10:17;0028;CHANGE;0.00;0.00
Z202_01A_052023_MASSENA.CSV;;MC#01;TRANSACTION;FILE202;ZZ2;0061;2023-06-01;10:17;0029;X;0.00;0.00
Z202_01A_052023_MASSENA.CSV;;MC#01;TRANSACTION;FILE202;ZZ2;0061;2023-06-01;10:17;0030;REFERENCE;0.00;0.00
Z202_01A_052023_MASSENA.CSV;;MC#01;TRANSACTION;FILE202;ZZ2;0061;2023-06-01;10:17;0031;REF./TIROIR;0.00;0.00
Z202_01A_052023_MASSENA.CSV;;MC#01;TRANSACTION;FILE202;ZZ2;0061;2023-06-01;10:17;0032;ANNULATION;0.00;0.00
Z202_01A_052023_MASSENA.CSV;;MC#01;TRANSACTION;FILE202;ZZ2;0061;2023-06-01;10:17;0033;;0.00;0.00
Z202_01A_052023_MASSENA.CSV;;MC#01;TRANSACTION;FILE202;ZZ2;0061;2023-06-01;10:17;0034;;0.00;0.00
Z202_01A_052023_MASSENA.CSV;;MC#01;TRANSACTION;FILE202;ZZ2;0061;2023-06-01;10:17;0035;;0.00;0.00
Z202_01A_052023_MASSENA.CSV;;MC#01;TRANSACTION;FILE202;ZZ2;0061;2023-06-01;10:17;0036;;0.00;0.00
Z202_01A_052023_MASSENA.CSV;;MC#01;TRANSACTION;FILE202;ZZ2;0061;2023-06-01;10:17;0037;;0.00;0.00
Z202_01A_052023_MASSENA.CSV;;MC#01;TRANSACTION;FILE202;ZZ2;0061;2023-06-01;10:17;0038;;0.00;0.00
Z202_01A_052023_MASSENA.CSV;;MC#01;TRANSACTION;FILE202;ZZ2;0061;2023-06-01;10:17;0039;;0.00;0.00
Z202_01A_052023_MASSENA.CSV;;MC#01;TRANSACTION;FILE202;ZZ2;0061;2023-06-01;10:17;0040;;0.00;0.00
Z202_01A_052023_MASSENA.CSV;;MC#01;TRANSACTION;FILE202;ZZ2;0061;2023-06-01;10:17;0041;;0.00;0.00
Z202_01A_052023_MASSENA.CSV;;MC#01;TRANSACTION;FILE202;ZZ2;0061;2023-06-01;10:17;0042;;0.00;0.00
Z202_01A_052023_MASSENA.CSV;;MC#01;TRANSACTION;FILE202;ZZ2;0061;2023-06-01;10:17;0043;;0.00;0.00
Z202_01A_052023_MASSENA.CSV;;MC#01;TRANSACTION;FILE202;ZZ2;0061;2023-06-01;10:17;0044;;0.00;0.00
Z202_01A_052023_MASSENA.CSV;;MC#01;TRANSACTION;FILE202;ZZ2;0061;2023-06-01;10:17;0045;;0.00;0.00
Z202_01A_052023_MASSENA.CSV;;MC#01;TRANSACTION;FILE202;ZZ2;0061;2023-06-01;10:17;0046;;0.00;0.00
Z202_01A_052023_MASSENA.CSV;;MC#01;TRANSACTION;FILE202;ZZ2;0061;2023-06-01;10:17;0047;;0.00;0.00
Z202_01A_052023_MASSENA.CSV;;MC#01;TRANSACTION;FILE202;ZZ2;0061;2023-06-01;10:17;0048;;0.00;0.00
Z202_01A_052023_MASSENA.CSV;;MC#01;TRANSACTION;FILE202;ZZ2;0061;2023-06-01;10:17;0049;;0.00;0.00
Z202_01A_052023_MASSENA.CSV;;MC#01;TRANSACTION;FILE202;ZZ2;0061;2023-06-01;10:17;0050;;0.00;0.00
Z202_01A_062023_MASSENA.CSV;;MC#01;TRANSACTION;FILE202;ZZ2;0062;2023-07-01;14:50;0001;ESPECES;32.00;20192.00
Z202_01A_062023_MASSENA.CSV;;MC#01;TRANSACTION;FILE202;ZZ2;0062;2023-07-01;14:50;0002;SOUS-TOTAL;0.00;0.00
Z202_01A_062023_MASSENA.CSV;;MC#01;TRANSACTION;FILE202;ZZ2;0062;2023-07-01;14:50;0003;CARTES;15.00;6499.00
Z202_01A_062023_MASSENA.CSV;;MC#01;TRANSACTION;FILE202;ZZ2;0062;2023-07-01;14:50;0004;CHEQUES;0.00;0.00
Z202_01A_062023_MASSENA.CSV;;MC#01;TRANSACTION;FILE202;ZZ2;0062;2023-07-01;14:50;0005;AIDE;0.00;0.00
Z202_01A_062023_MASSENA.CSV;;MC#01;TRANSACTION;FILE202;ZZ2;0062;2023-07-01;14:50;0006;TAX PGM;0.00;0.00
Z202_01A_062023_MASSENA.CSV;;MC#01;TRANSACTION;FILE202;ZZ2;0062;2023-07-01;14:50;0007;SORTIECAISSE;0.00;0.00
Z202_01A_062023_MASSENA.CSV;;MC#01;TRANSACTION;FILE202;ZZ2;0062;2023-07-01;14:50;0008;REC&ACCOMPTE;0.00;0.00
Z202_01A_062023_MASSENA.CSV;;MC#01;TRANSACTION;FILE202;ZZ2;0062;2023-07-01;14:50;0009;SIGN-OFF;0.00;0.00
Z202_01A_062023_MASSENA.CSV;;MC#01;TRANSACTION;FILE202;ZZ2;0062;2023-07-01;14:50;0010;NUM CAISSIER;0.00;0.00
Z202_01A_062023_MASSENA.CSV;;MC#01;TRANSACTION;FILE202;ZZ2;0062;2023-07-01;14:50;0011;SHIFT/No;0.00;0.00
Z202_01A_062023_MASSENA.CSV;;MC#01;TRANSACTION;FILE202;ZZ2;0062;2023-07-01;14:50;0012;DWN;0.00;0.00
Z202_01A_062023_MASSENA.CSV;;MC#01;TRANSACTION;FILE202;ZZ2;0062;2023-07-01;14:50;0013;REMISE %-;0.00;0.00
Z202_01A_062023_MASSENA.CSV;;MC#01;TRANSACTION;FILE202;ZZ2;0062;2023-07-01;14:50;0014;REMISE -;0.00;0.00
Z202_01A_062023_MASSENA.CSV;;MC#01;TRANSACTION;FILE202;ZZ2;0062;2023-07-01;14:50;0015;PLU;0.00;0.00
Z202_01A_062023_MASSENA.CSV;;MC#01;TRANSACTION;FILE202;ZZ2;0062;2023-07-01;14:50;0016;PRIX;0.00;0.00
Z202_01A_062023_MASSENA.CSV;;MC#01;TRANSACTION;FILE202;ZZ2;0062;2023-07-01;14:50;0017;TICKETON/OFF;0.00;0.00
Z202_01A_062023_MASSENA.CSV;;MC#01;TRANSACTION;FILE202;ZZ2;0062;2023-07-01;14:50;0018;CORRECTION;0.00;0.00
Z202_01A_062023_MASSENA.CSV;;MC#01;TRANSACTION;FILE202;ZZ2;0062;2023-07-01;14:50;0019;RETOUR;0.00;0.00
Z202_01A_062023_MASSENA.CSV;;MC#01;TRANSACTION;FILE202;ZZ2;0062;2023-07-01;14:50;0020;OUVERTURE;0.00;0.00
Z202_01A_062023_MASSENA.CSV;;MC#01;TRANSACTION;FILE202;ZZ2;0062;2023-07-01;14:50;0021;RAPPELTICKET;0.00;0.00
Z202_01A_062023_MASSENA.CSV;;MC#01;TRANSACTION;FILE202;ZZ2;0062;2023-07-01;14:50;0022;00;0.00;0.00
Z202_01A_062023_MASSENA.CSV;;MC#01;TRANSACTION;FILE202;ZZ2;0062;2023-07-01;14:50;0023;.;0.00;0.00
Z202_01A_062023_MASSENA.CSV;;MC#01;TRANSACTION;FILE202;ZZ2;0062;2023-07-01;14:50;0024;IMPRIME TVA;0.00;0.00
Z202_01A_062023_MASSENA.CSV;;MC#01;TRANSACTION;FILE202;ZZ2;0062;2023-07-01;14:50;0025;TIROIR;0.00;0.00
Z202_01A_062023_MASSENA.CSV;;MC#01;TRANSACTION;FILE202;ZZ2;0062;2023-07-01;14:50;0026;COUPON;0.00;0.00
Z202_01A_062023_MASSENA.CSV;;MC#01;TRANSACTION;FILE202;ZZ2;0062;2023-07-01;14:50;0027;UP;0.00;0.00
Z202_01A_062023_MASSENA.CSV;;MC#01;TRANSACTION;FILE202;ZZ2;0062;2023-07-01;14:50;0028;CHANGE;0.00;0.00
Z202_01A_062023_MASSENA.CSV;;MC#01;TRANSACTION;FILE202;ZZ2;0062;2023-07-01;14:50;0029;X;0.00;0.00
Z202_01A_062023_MASSENA.CSV;;MC#01;TRANSACTION;FILE202;ZZ2;0062;2023-07-01;14:50;0030;REFERENCE;0.00;0.00
Z202_01A_062023_MASSENA.CSV;;MC#01;TRANSACTION;FILE202;ZZ2;0062;2023-07-01;14:50;0031;REF./TIROIR;0.00;0.00
Z202_01A_062023_MASSENA.CSV;;MC#01;TRANSACTION;FILE202;ZZ2;0062;2023-07-01;14:50;0032;ANNULATION;0.00;0.00
Z202_01A_062023_MASSENA.CSV;;MC#01;TRANSACTION;FILE202;ZZ2;0062;2023-07-01;14:50;0033;;0.00;0.00
Z202_01A_062023_MASSENA.CSV;;MC#01;TRANSACTION;FILE202;ZZ2;0062;2023-07-01;14:50;0034;;0.00;0.00
Z202_01A_062023_MASSENA.CSV;;MC#01;TRANSACTION;FILE202;ZZ2;0062;2023-07-01;14:50;0035;;0.00;0.00
Z202_01A_062023_MASSENA.CSV;;MC#01;TRANSACTION;FILE202;ZZ2;0062;2023-07-01;14:50;0036;;0.00;0.00
Z202_01A_062023_MASSENA.CSV;;MC#01;TRANSACTION;FILE202;ZZ2;0062;2023-07-01;14:50;0037;;0.00;0.00
Z202_01A_062023_MASSENA.CSV;;MC#01;TRANSACTION;FILE202;ZZ2;0062;2023-07-01;14:50;0038;;0.00;0.00
Z202_01A_062023_MASSENA.CSV;;MC#01;TRANSACTION;FILE202;ZZ2;0062;2023-07-01;14:50;0039;;0.00;0.00
Z202_01A_062023_MASSENA.CSV;;MC#01;TRANSACTION;FILE202;ZZ2;0062;2023-07-01;14:50;0040;;0.00;0.00
Z202_01A_062023_MASSENA.CSV;;MC#01;TRANSACTION;FILE202;ZZ2;0062;2023-07-01;14:50;0041;;0.00;0.00
Z202_01A_062023_MASSENA.CSV;;MC#01;TRANSACTION;FILE202;ZZ2;0062;2023-07-01;14:50;0042;;0.00;0.00
Z202_01A_062023_MASSENA.CSV;;MC#01;TRANSACTION;FILE202;ZZ2;0062;2023-07-01;14:50;0043;;0.00;0.00
Z202_01A_062023_MASSENA.CSV;;MC#01;TRANSACTION;FILE202;ZZ2;0062;2023-07-01;14:50;0044;;0.00;0.00
Z202_01A_062023_MASSENA.CSV;;MC#01;TRANSACTION;FILE202;ZZ2;0062;2023-07-01;14:50;0045;;0.00;0.00
Z202_01A_062023_MASSENA.CSV;;MC#01;TRANSACTION;FILE202;ZZ2;0062;2023-07-01;14:50;0046;;0.00;0.00
Z202_01A_062023_MASSENA.CSV;;MC#01;TRANSACTION;FILE202;ZZ2;0062;2023-07-01;14:50;0047;;0.00;0.00
Z202_01A_062023_MASSENA.CSV;;MC#01;TRANSACTION;FILE202;ZZ2;0062;2023-07-01;14:50;0048;;0.00;0.00
Z202_01A_062023_MASSENA.CSV;;MC#01;TRANSACTION;FILE202;ZZ2;0062;2023-07-01;14:50;0049;;0.00;0.00
Z202_01A_062023_MASSENA.CSV;;MC#01;TRANSACTION;FILE202;ZZ2;0062;2023-07-01;14:50;0050;;0.00;0.00
Z202_01A_072023_MASSENA.CSV;;MC#01;TRANSACTION;FILE202;ZZ2;0063;2023-08-01;13:06;0001;ESPECES;26.00;18659.00
Z202_01A_072023_MASSENA.CSV;;MC#01;TRANSACTION;FILE202;ZZ2;0063;2023-08-01;13:06;0002;SOUS-TOTAL;0.00;0.00
Z202_01A_072023_MASSENA.CSV;;MC#01;TRANSACTION;FILE202;ZZ2;0063;2023-08-01;13:06;0003;CARTES;12.00;12773.00
Z202_01A_072023_MASSENA.CSV;;MC#01;TRANSACTION;FILE202;ZZ2;0063;2023-08-01;13:06;0004;CHEQUES;0.00;0.00
Z202_01A_072023_MASSENA.CSV;;MC#01;TRANSACTION;FILE202;ZZ2;0063;2023-08-01;13:06;0005;AIDE;0.00;0.00
Z202_01A_072023_MASSENA.CSV;;MC#01;TRANSACTION;FILE202;ZZ2;0063;2023-08-01;13:06;0006;TAX PGM;0.00;0.00
Z202_01A_072023_MASSENA.CSV;;MC#01;TRANSACTION;FILE202;ZZ2;0063;2023-08-01;13:06;0007;SORTIECAISSE;0.00;0.00
Z202_01A_072023_MASSENA.CSV;;MC#01;TRANSACTION;FILE202;ZZ2;0063;2023-08-01;13:06;0008;REC&ACCOMPTE;0.00;0.00
Z202_01A_072023_MASSENA.CSV;;MC#01;TRANSACTION;FILE202;ZZ2;0063;2023-08-01;13:06;0009;SIGN-OFF;0.00;0.00
Z202_01A_072023_MASSENA.CSV;;MC#01;TRANSACTION;FILE202;ZZ2;0063;2023-08-01;13:06;0010;NUM CAISSIER;0.00;0.00
Z202_01A_072023_MASSENA.CSV;;MC#01;TRANSACTION;FILE202;ZZ2;0063;2023-08-01;13:06;0011;SHIFT/No;0.00;0.00
Z202_01A_072023_MASSENA.CSV;;MC#01;TRANSACTION;FILE202;ZZ2;0063;2023-08-01;13:06;0012;DWN;0.00;0.00
Z202_01A_072023_MASSENA.CSV;;MC#01;TRANSACTION;FILE202;ZZ2;0063;2023-08-01;13:06;0013;REMISE %-;0.00;0.00
Z202_01A_072023_MASSENA.CSV;;MC#01;TRANSACTION;FILE202;ZZ2;0063;2023-08-01;13:06;0014;REMISE -;0.00;0.00
Z202_01A_072023_MASSENA.CSV;;MC#01;TRANSACTION;FILE202;ZZ2;0063;2023-08-01;13:06;0015;PLU;0.00;0.00
Z202_01A_072023_MASSENA.CSV;;MC#01;TRANSACTION;FILE202;ZZ2;0063;2023-08-01;13:06;0016;PRIX;0.00;0.00
Z202_01A_072023_MASSENA.CSV;;MC#01;TRANSACTION;FILE202;ZZ2;0063;2023-08-01;13:06;0017;TICKETON/OFF;0.00;0.00
Z202_01A_072023_MASSENA.CSV;;MC#01;TRANSACTION;FILE202;ZZ2;0063;2023-08-01;13:06;0018;CORRECTION;0.00;0.00
Z202_01A_072023_MASSENA.CSV;;MC#01;TRANSACTION;FILE202;ZZ2;0063;2023-08-01;13:06;0019;RETOUR;0.00;0.00
Z202_01A_072023_MASSENA.CSV;;MC#01;TRANSACTION;FILE202;ZZ2;0063;2023-08-01;13:06;0020;OUVERTURE;0.00;0.00
Z202_01A_072023_MASSENA.CSV;;MC#01;TRANSACTION;FILE202;ZZ2;0063;2023-08-01;13:06;0021;RAPPELTICKET;0.00;0.00
Z202_01A_072023_MASSENA.CSV;;MC#01;TRANSACTION;FILE202;ZZ2;0063;2023-08-01;13:06;0022;00;0.00;0.00
Z202_01A_072023_MASSENA.CSV;;MC#01;TRANSACTION;FILE202;ZZ2;0063;2023-08-01;13:06;0023;.;0.00;0.00
Z202_01A_072023_MASSENA.CSV;;MC#01;TRANSACTION;FILE202;ZZ2;0063;2023-08-01;13:06;0024;IMPRIME TVA;0.00;0.00
Z202_01A_072023_MASSENA.CSV;;MC#01;TRANSACTION;FILE202;ZZ2;0063;2023-08-01;13:06;0025;TIROIR;0.00;0.00
Z202_01A_072023_MASSENA.CSV;;MC#01;TRANSACTION;FILE202;ZZ2;0063;2023-08-01;13:06;0026;COUPON;0.00;0.00
Z202_01A_072023_MASSENA.CSV;;MC#01;TRANSACTION;FILE202;ZZ2;0063;2023-08-01;13:06;0027;UP;0.00;0.00
Z202_01A_072023_MASSENA.CSV;;MC#01;TRANSACTION;FILE202;ZZ2;0063;2023-08-01;13:06;0028;CHANGE;0.00;0.00
Z202_01A_072023_MASSENA.CSV;;MC#01;TRANSACTION;FILE202;ZZ2;0063;2023-08-01;13:06;0029;X;0.00;0.00
Z202_01A_072023_MASSENA.CSV;;MC#01;TRANSACTION;FILE202;ZZ2;0063;2023-08-01;13:06;0030;REFERENCE;0.00;0.00
Z202_01A_072023_MASSENA.CSV;;MC#01;TRANSACTION;FILE202;ZZ2;0063;2023-08-01;13:06;0031;REF./TIROIR;0.00;0.00
Z202_01A_072023_MASSENA.CSV;;MC#01;TRANSACTION;FILE202;ZZ2;0063;2023-08-01;13:06;0032;ANNULATION;0.00;0.00
Z202_01A_072023_MASSENA.CSV;;MC#01;TRANSACTION;FILE202;ZZ2;0063;2023-08-01;13:06;0033;;0.00;0.00
Z202_01A_072023_MASSENA.CSV;;MC#01;TRANSACTION;FILE202;ZZ2;0063;2023-08-01;13:06;0034;;0.00;0.00
Z202_01A_072023_MASSENA.CSV;;MC#01;TRANSACTION;FILE202;ZZ2;0063;2023-08-01;13:06;0035;;0.00;0.00
Z202_01A_072023_MASSENA.CSV;;MC#01;TRANSACTION;FILE202;ZZ2;0063;2023-08-01;13:06;0036;;0.00;0.00
Z202_01A_072023_MASSENA.CSV;;MC#01;TRANSACTION;FILE202;ZZ2;0063;2023-08-01;13:06;0037;;0.00;0.00
Z202_01A_072023_MASSENA.CSV;;MC#01;TRANSACTION;FILE202;ZZ2;0063;2023-08-01;13:06;0038;;0.00;0.00
Z202_01A_072023_MASSENA.CSV;;MC#01;TRANSACTION;FILE202;ZZ2;0063;2023-08-01;13:06;0039;;0.00;0.00
Z202_01A_072023_MASSENA.CSV;;MC#01;TRANSACTION;FILE202;ZZ2;0063;2023-08-01;13:06;0040;;0.00;0.00
Z202_01A_072023_MASSENA.CSV;;MC#01;TRANSACTION;FILE202;ZZ2;0063;2023-08-01;13:06;0041;;0.00;0.00
Z202_01A_072023_MASSENA.CSV;;MC#01;TRANSACTION;FILE202;ZZ2;0063;2023-08-01;13:06;0042;;0.00;0.00
Z202_01A_072023_MASSENA.CSV;;MC#01;TRANSACTION;FILE202;ZZ2;0063;2023-08-01;13:06;0043;;0.00;0.00
Z202_01A_072023_MASSENA.CSV;;MC#01;TRANSACTION;FILE202;ZZ2;0063;2023-08-01;13:06;0044;;0.00;0.00
Z202_01A_072023_MASSENA.CSV;;MC#01;TRANSACTION;FILE202;ZZ2;0063;2023-08-01;13:06;0045;;0.00;0.00
Z202_01A_072023_MASSENA.CSV;;MC#01;TRANSACTION;FILE202;ZZ2;0063;2023-08-01;13:06;0046;;0.00;0.00
Z202_01A_072023_MASSENA.CSV;;MC#01;TRANSACTION;FILE202;ZZ2;0063;2023-08-01;13:06;0047;;0.00;0.00
Z202_01A_072023_MASSENA.CSV;;MC#01;TRANSACTION;FILE202;ZZ2;0063;2023-08-01;13:06;0048;;0.00;0.00
Z202_01A_072023_MASSENA.CSV;;MC#01;TRANSACTION;FILE202;ZZ2;0063;2023-08-01;13:06;0049;;0.00;0.00
Z202_01A_072023_MASSENA.CSV;;MC#01;TRANSACTION;FILE202;ZZ2;0063;2023-08-01;13:06;0050;;0.00;0.00
Z202_01A_082023_MASSENA.CSV;;MC#01;TRANSACTION;FILE202;ZZ2;0064;2023-09-01;18:28;0001;ESPECES;32.00;20909.00
Z202_01A_082023_MASSENA.CSV;;MC#01;TRANSACTION;FILE202;ZZ2;0064;2023-09-01;18:28;0002;SOUS-TOTAL;0.00;0.00
Z202_01A_082023_MASSENA.CSV;;MC#01;TRANSACTION;FILE202;ZZ2;0064;2023-09-01;18:28;0003;CARTES;7.00;5315.00
Z202_01A_082023_MASSENA.CSV;;MC#01;TRANSACTION;FILE202;ZZ2;0064;2023-09-01;18:28;0004;CHEQUES;0.00;0.00
Z202_01A_082023_MASSENA.CSV;;MC#01;TRANSACTION;FILE202;ZZ2;0064;2023-09-01;18:28;0005;AIDE;0.00;0.00
Z202_01A_082023_MASSENA.CSV;;MC#01;TRANSACTION;FILE202;ZZ2;0064;2023-09-01;18:28;0006;TAX PGM;0.00;0.00
Z202_01A_082023_MASSENA.CSV;;MC#01;TRANSACTION;FILE202;ZZ2;0064;2023-09-01;18:28;0007;SORTIECAISSE;0.00;0.00
Z202_01A_082023_MASSENA.CSV;;MC#01;TRANSACTION;FILE202;ZZ2;0064;2023-09-01;18:28;0008;REC&ACCOMPTE;0.00;0.00
Z202_01A_082023_MASSENA.CSV;;MC#01;TRANSACTION;FILE202;ZZ2;0064;2023-09-01;18:28;0009;SIGN-OFF;0.00;0.00
Z202_01A_082023_MASSENA.CSV;;MC#01;TRANSACTION;FILE202;ZZ2;0064;2023-09-01;18:28;0010;NUM CAISSIER;0.00;0.00
Z202_01A_082023_MASSENA.CSV;;MC#01;TRANSACTION;FILE202;ZZ2;0064;2023-09-01;18:28;0011;SHIFT/No;0.00;0.00
Z202_01A_082023_MASSENA.CSV;;MC#01;TRANSACTION;FILE202;ZZ2;0064;2023-09-01;18:28;0012;DWN;0.00;0.00
Z202_01A_082023_MASSENA.CSV;;MC#01;TRANSACTION;FILE202;ZZ2;0064;2023-09-01;18:28;0013;REMISE %-;0.00;0.00
Z202_01A_082023_MASSENA.CSV;;MC#01;TRANSACTION;FILE202;ZZ2;0064;2023-09-01;18:28;0014;REMISE -;0.00;0.00
Z202_01A_082023_MASSENA.CSV;;MC#01;TRANSACTION;FILE202;ZZ2;0064;2023-09-01;18:28;0015;PLU;0.00;0.00
Z202_01A_082023_MASSENA.CSV;;MC#01;TRANSACTION;FILE202;ZZ2;0064;2023-09-01;18:28;0016;PRIX;0.00;0.00
Z202_01A_082023_MASSENA.CSV;;MC#01;TRANSACTION;FILE202;ZZ2;0064;2023-09-01;18:28;0017;TICKETON/OFF;0.00;0.00
Z202_01A_082023_MASSENA.CSV;;MC#01;TRANSACTION;FILE202;ZZ2;0064;2023-09-01;18:28;0018;CORRECTION;0.00;0.00
Z202_01A_082023_MASSENA.CSV;;MC#01;TRANSACTION;FILE202;ZZ2;0064;2023-09-01;18:28;0019;RETOUR;0.00;0.00
Z202_01A_082023_MASSENA.CSV;;MC#01;TRANSACTION;FILE202;ZZ2;0064;2023-09-01;18:28;0020;OUVERTURE;0.00;0.00
Z202_01A_082023_MASSENA.CSV;;MC#01;TRANSACTION;FILE202;ZZ2;0064;2023-09-01;18:28;0021;RAPPELTICKET;0.00;0.00
Z202_01A_082023_MASSENA.CSV;;MC#01;TRANSACTION;FILE202;ZZ2;0064;2023-09-01;18:28;0022;00;0.00;0.00
Z202_01A_082023_MASSENA.CSV;;MC#01;TRANSACTION;FILE202;ZZ2;0064;2023-09-01;18:28;0023;.;0.00;0.00
Z202_01A_082023_MASSENA.CSV;;MC#01;TRANSACTION;FILE202;ZZ2;0064;2023-09-01;18:28;0024;IMPRIME TVA;0.00;0.00
Z202_01A_082023_MASSENA.CSV;;MC#01;TRANSACTION;FILE202;ZZ2;0064;2023-09-01;18:28;0025;TIROIR;0.00;0.00
Z202_01A_082023_MASSENA.CSV;;MC#01;TRANSACTION;FILE202;ZZ2;0064;2023-09-01;18:28;0026;COUPON;0.00;0.00
Z202_01A_082023_MASSENA.CSV;;MC#01;TRANSACTION;FILE202;ZZ2;0064;2023-09-01;18:28;0027;UP;0.00;0.00
Z202_01A_082023_MASSENA.CSV;;MC#01;TRANSACTION;FILE202;ZZ2;0064;2023-09-01;18:28;0028;CHANGE;0.00;0.00
Z202_01A_082023_MASSENA.CSV;;MC#01;TRANSACTION;FILE202;ZZ2;0064;2023-09-01;18:28;0029;X;0.00;0.00
Z202_01A_082023_MASSENA.CSV;;MC#01;TRANSACTION;FILE202;ZZ2;0064;2023-09-01;18:28;0030;REFERENCE;0.00;0.00
Z202_01A_082023_MASSENA.CSV;;MC#01;TRANSACTION;FILE202;ZZ2;0064;2023-09-01;18:28;0031;REF./TIROIR;0.00;0.00
Z202_01A_082023_MASSENA.CSV;;MC#01;TRANSACTION;FILE202;ZZ2;0064;2023-09-01;18:28;0032;ANNULATION;0.00;0.00
Z202_01A_082023_MASSENA.CSV;;MC#01;TRANSACTION;FILE202;ZZ2;0064;2023-09-01;18:28;0033;;0.00;0.00
Z202_01A_082023_MASSENA.CSV;;MC#01;TRANSACTION;FILE202;ZZ2;0064;2023-09-01;18:28;0034;;0.00;0.00
Z202_01A_082023_MASSENA.CSV;;MC#01;TRANSACTION;FILE202;ZZ2;0064;2023-09-01;18:28;0035;;0.00;0.00
Z202_01A_082023_MASSENA.CSV;;MC#01;TRANSACTION;FILE202;ZZ2;0064;2023-09-01;18:28;0036;;0.00;0.00
Z202_01A_082023_MASSENA.CSV;;MC#01;TRANSACTION;FILE202;ZZ2;0064;2023-09-01;18:28;0037;;0.00;0.00
Z202_01A_082023_MASSENA.CSV;;MC#01;TRANSACTION;FILE202;ZZ2;0064;2023-09-01;18:28;0038;;0.00;0.00
Z202_01A_082023_MASSENA.CSV;;MC#01;TRANSACTION;FILE202;ZZ2;0064;2023-09-01;18:28;0039;;0.00;0.00
Z202_01A_082023_MASSENA.CSV;;MC#01;TRANSACTION;FILE202;ZZ2;0064;2023-09-01;18:28;0040;;0.00;0.00
Z202_01A_082023_MASSENA.CSV;;MC#01;TRANSACTION;FILE202;ZZ2;0064;2023-09-01;18:28;0041;;0.00;0.00
Z202_01A_082023_MASSENA.CSV;;MC#01;TRANSACTION;FILE202;ZZ2;0064;2023-09-01;18:28;0042;;0.00;0.00
Z202_01A_082023_MASSENA.CSV;;MC#01;TRANSACTION;FILE202;ZZ2;0064;2023-09-01;18:28;0043;;0.00;0.00
Z202_01A_082023_MASSENA.CSV;;MC#01;TRANSACTION;FILE202;ZZ2;0064;2023-09-01;18:28;0044;;0.00;0.00
Z202_01A_082023_MASSENA.CSV;;MC#01;TRANSACTION;FILE202;ZZ2;0064;2023-09-01;18:28;0045;;0.00;0.00
Z202_01A_082023_MASSENA.CSV;;MC#01;TRANSACTION;FILE202;ZZ2;0064;2023-09-01;18:28;0046;;0.00;0.00
Z202_01A_082023_MASSENA.CSV;;MC#01;TRANSACTION;FILE202;ZZ2;0064;2023-09-01;18:28;0047;;0.00;0.00
Z202_01A_082023_MASSENA.CSV;;MC#01;TRANSACTION;FILE202;ZZ2;0064;2023-09-01;18:28;0048;;0.00;0.00
Z202_01A_082023_MASSENA.CSV;;MC#01;TRANSACTION;FILE202;ZZ2;0064;2023-09-01;18:28;0049;;0.00;0.00
Z202_01A_082023_MASSENA.CSV;;MC#01;TRANSACTION;FILE202;ZZ2;0064;2023-09-01;18:28;0050;;0.00;0.00
Z202_01A_092023_MASSENA.CSV;;MC#01;TRANSACTION;FILE202;ZZ2;0065;2023-10-01;17:54;0001;ESPECES;40.00;20724.50
Z202_01A_092023_MASSENA.CSV;;MC#01;TRANSACTION;FILE202;ZZ2;0065;2023-10-01;17:54;0002;SOUS-TOTAL;0.00;0.00
Z202_01A_092023_MASSENA.CSV;;MC#01;TRANSACTION;FILE202;ZZ2;0065;2023-10-01;17:54;0003;CARTES;20.00;13209.00
Z202_01A_092023_MASSENA.CSV;;MC#01;TRANSACTION;FILE202;ZZ2;0065;2023-10-01;17:54;0004;CHEQUES;0.00;0.00
Z202_01A_092023_MASSENA.CSV;;MC#01;TRANSACTION;FILE202;ZZ2;0065;2023-10-01;17:54;0005;AIDE;0.00;0.00
Z202_01A_092023_MASSENA.CSV;;MC#01;TRANSACTION;FILE202;ZZ2;0065;2023-10-01;17:54;0006;TAX PGM;0.00;0.00
Z202_01A_092023_MASSENA.CSV;;MC#01;TRANSACTION;FILE202;ZZ2;0065;2023-10-01;17:54;0007;SORTIECAISSE;0.00;0.00
Z202_01A_092023_MASSENA.CSV;;MC#01;TRANSACTION;FILE202;ZZ2;0065;2023-10-01;17:54;0008;REC&ACCOMPTE;0.00;0.00
Z202_01A_092023_MASSENA.CSV;;MC#01;TRANSACTION;FILE202;ZZ2;0065;2023-10-01;17:54;0009;SIGN-OFF;0.00;0.00
Z202_01A_092023_MASSENA.CSV;;MC#01;TRANSACTION;FILE202;ZZ2;0065;2023-10-01;17:54;0010;NUM CAISSIER;0.00;0.00
Z202_01A_092023_MASSENA.CSV;;MC#01;TRANSACTION;FILE202;ZZ2;0065;2023-10-01;17:54;0011;SHIFT/No;0.00;0.00
Z202_01A_092023_MASSENA.CSV;;MC#01;TRANSACTION;FILE202;ZZ2;0065;2023-10-01;17:54;0012;DWN;0.00;0.00
Z202_01A_092023_MASSENA.CSV;;MC#01;TRANSACTION;FILE202;ZZ2;0065;2023-10-01;17:54;0013;REMISE %-;0.00;0.00
Z202_01A_092023_MASSENA.CSV;;MC#01;TRANSACTION;FILE202;ZZ2;0065;2023-10-01;17:54;0014;REMISE -;0.00;0.00
Z202_01A_092023_MASSENA.CSV;;MC#01;TRANSACTION;FILE202;ZZ2;0065;2023-10-01;17:54;0015;PLU;0.00;0.00
Z202_01A_092023_MASSENA.CSV;;MC#01;TRANSACTION;FILE202;ZZ2;0065;2023-10-01;17:54;0016;PRIX;0.00;0.00
Z202_01A_092023_MASSENA.CSV;;MC#01;TRANSACTION;FILE202;ZZ2;0065;2023-10-01;17:54;0017;TICKETON/OFF;0.00;0.00
Z202_01A_092023_MASSENA.CSV;;MC#01;TRANSACTION;FILE202;ZZ2;0065;2023-10-01;17:54;0018;CORRECTION;0.00;0.00
Z202_01A_092023_MASSENA.CSV;;MC#01;TRANSACTION;FILE202;ZZ2;0065;2023-10-01;17:54;0019;RETOUR;0.00;0.00
Z202_01A_092023_MASSENA.CSV;;MC#01;TRANSACTION;FILE202;ZZ2;0065;2023-10-01;17:54;0020;OUVERTURE;0.00;0.00
Z202_01A_092023_MASSENA.CSV;;MC#01;TRANSACTION;FILE202;ZZ2;0065;2023-10-01;17:54;0021;RAPPELTICKET;0.00;0.00
Z202_01A_092023_MASSENA.CSV;;MC#01;TRANSACTION;FILE202;ZZ2;0065;2023-10-01;17:54;0022;00;0.00;0.00
Z202_01A_092023_MASSENA.CSV;;MC#01;TRANSACTION;FILE202;ZZ2;0065;2023-10-01;17:54;0023;.;0.00;0.00
Z202_01A_092023_MASSENA.CSV;;MC#01;TRANSACTION;FILE202;ZZ2;0065;2023-10-01;17:54;0024;IMPRIME TVA;0.00;0.00
Z202_01A_092023_MASSENA.CSV;;MC#01;TRANSACTION;FILE202;ZZ2;0065;2023-10-01;17:54;0025;TIROIR;0.00;0.00
Z202_01A_092023_MASSENA.CSV;;MC#01;TRANSACTION;FILE202;ZZ2;0065;2023-10-01;17:54;0026;COUPON;0.00;0.00
Z202_01A_092023_MASSENA.CSV;;MC#01;TRANSACTION;FILE202;ZZ2;0065;2023-10-01;17:54;0027;UP;0.00;0.00
Z202_01A_092023_MASSENA.CSV;;MC#01;TRANSACTION;FILE202;ZZ2;0065;2023-10-01;17:54;0028;CHANGE;0.00;0.00
Z202_01A_092023_MASSENA.CSV;;MC#01;TRANSACTION;FILE202;ZZ2;0065;2023-10-01;17:54;0029;X;0.00;0.00
Z202_01A_092023_MASSENA.CSV;;MC#01;TRANSACTION;FILE202;ZZ2;0065;2023-10-01;17:54;0030;REFERENCE;0.00;0.00
Z202_01A_092023_MASSENA.CSV;;MC#01;TRANSACTION;FILE202;ZZ2;0065;2023-10-01;17:54;0031;REF./TIROIR;0.00;0.00
Z202_01A_092023_MASSENA.CSV;;MC#01;TRANSACTION;FILE202;ZZ2;0065;2023-10-01;17:54;0032;ANNULATION;0.00;0.00
Z202_01A_092023_MASSENA.CSV;;MC#01;TRANSACTION;FILE202;ZZ2;0065;2023-10-01;17:54;0033;;0.00;0.00
Z202_01A_092023_MASSENA.CSV;;MC#01;TRANSACTION;FILE202;ZZ2;0065;2023-10-01;17:54;0034;;0.00;0.00
Z202_01A_092023_MASSENA.CSV;;MC#01;TRANSACTION;FILE202;ZZ2;0065;2023-10-01;17:54;0035;;0.00;0.00
Z202_01A_092023_MASSENA.CSV;;MC#01;TRANSACTION;FILE202;ZZ2;0065;2023-10-01;17:54;0036;;0.00;0.00
Z202_01A_092023_MASSENA.CSV;;MC#01;TRANSACTION;FILE202;ZZ2;0065;2023-10-01;17:54;0037;;0.00;0.00
Z202_01A_092023_MASSENA.CSV;;MC#01;TRANSACTION;FILE202;ZZ2;0065;2023-10-01;17:54;0038;;0.00;0.00
Z202_01A_092023_MASSENA.CSV;;MC#01;TRANSACTION;FILE202;ZZ2;0065;2023-10-01;17:54;0039;;0.00;0.00
Z202_01A_092023_MASSENA.CSV;;MC#01;TRANSACTION;FILE202;ZZ2;0065;2023-10-01;17:54;0040;;0.00;0.00
Z202_01A_092023_MASSENA.CSV;;MC#01;TRANSACTION;FILE202;ZZ2;0065;2023-10-01;17:54;0041;;0.00;0.00
Z202_01A_092023_MASSENA.CSV;;MC#01;TRANSACTION;FILE202;ZZ2;0065;2023-10-01;17:54;0042;;0.00;0.00
Z202_01A_092023_MASSENA.CSV;;MC#01;TRANSACTION;FILE202;ZZ2;0065;2023-10-01;17:54;0043;;0.00;0.00
Z202_01A_092023_MASSENA.CSV;;MC#01;TRANSACTION;FILE202;ZZ2;0065;2023-10-01;17:54;0044;;0.00;0.00
Z202_01A_092023_MASSENA.CSV;;MC#01;TRANSACTION;FILE202;ZZ2;0065;2023-10-01;17:54;0045;;0.00;0.00
Z202_01A_092023_MASSENA.CSV;;MC#01;TRANSACTION;FILE202;ZZ2;0065;2023-10-01;17:54;0046;;0.00;0.00
Z202_01A_092023_MASSENA.CSV;;MC#01;TRANSACTION;FILE202;ZZ2;0065;2023-10-01;17:54;0047;;0.00;0.00
Z202_01A_092023_MASSENA.CSV;;MC#01;TRANSACTION;FILE202;ZZ2;0065;2023-10-01;17:54;0048;;0.00;0.00
Z202_01A_092023_MASSENA.CSV;;MC#01;TRANSACTION;FILE202;ZZ2;0065;2023-10-01;17:54;0049;;0.00;0.00
Z202_01A_092023_MASSENA.CSV;;MC#01;TRANSACTION;FILE202;ZZ2;0065;2023-10-01;17:54;0050;;0.00;0.00
Z202_01A_122023_MASSENA.CSV;;MC#01;TRANSACTION;FILE202;ZZ2;0068;2024-01-01;17:14;0001;ESPECES;26.00;18329.00
Z202_01A_122023_MASSENA.CSV;;MC#01;TRANSACTION;FILE202;ZZ2;0068;2024-01-01;17:14;0002;SOUS-TOTAL;0.00;0.00
Z202_01A_122023_MASSENA.CSV;;MC#01;TRANSACTION;FILE202;ZZ2;0068;2024-01-01;17:14;0003;CARTES;10.00;9809.00
Z202_01A_122023_MASSENA.CSV;;MC#01;TRANSACTION;FILE202;ZZ2;0068;2024-01-01;17:14;0004;CHEQUES;0.00;0.00
Z202_01A_122023_MASSENA.CSV;;MC#01;TRANSACTION;FILE202;ZZ2;0068;2024-01-01;17:14;0005;AIDE;0.00;0.00
Z202_01A_122023_MASSENA.CSV;;MC#01;TRANSACTION;FILE202;ZZ2;0068;2024-01-01;17:14;0006;TAX PGM;0.00;0.00
Z202_01A_122023_MASSENA.CSV;;MC#01;TRANSACTION;FILE202;ZZ2;0068;2024-01-01;17:14;0007;SORTIECAISSE;0.00;0.00
Z202_01A_122023_MASSENA.CSV;;MC#01;TRANSACTION;FILE202;ZZ2;0068;2024-01-01;17:14;0008;REC&ACCOMPTE;0.00;0.00
Z202_01A_122023_MASSENA.CSV;;MC#01;TRANSACTION;FILE202;ZZ2;0068;2024-01-01;17:14;0009;SIGN-OFF;0.00;0.00
Z202_01A_122023_MASSENA.CSV;;MC#01;TRANSACTION;FILE202;ZZ2;0068;2024-01-01;17:14;0010;NUM CAISSIER;0.00;0.00
Z202_01A_122023_MASSENA.CSV;;MC#01;TRANSACTION;FILE202;ZZ2;0068;2024-01-01;17:14;0011;SHIFT/No;0.00;0.00
Z202_01A_122023_MASSENA.CSV;;MC#01;TRANSACTION;FILE202;ZZ2;0068;2024-01-01;17:14;0012;DWN;0.00;0.00
Z202_01A_122023_MASSENA.CSV;;MC#01;TRANSACTION;FILE202;ZZ2;0068;2024-01-01;17:14;0013;REMISE %-;0.00;0.00
Z202_01A_122023_MASSENA.CSV;;MC#01;TRANSACTION;FILE202;ZZ2;0068;2024-01-01;17:14;0014;REMISE -;0.00;0.00
Z202_01A_122023_MASSENA.CSV;;MC#01;TRANSACTION;FILE202;ZZ2;0068;2024-01-01;17:14;0015;PLU;0.00;0.00
Z202_01A_122023_MASSENA.CSV;;MC#01;TRANSACTION;FILE202;ZZ2;0068;2024-01-01;17:14;0016;PRIX;0.00;0.00
Z202_01A_122023_MASSENA.CSV;;MC#01;TRANSACTION;FILE202;ZZ2;0068;2024-01-01;17:14;0017;TICKETON/OFF;0.00;0.00
Z202_01A_122023_MASSENA.CSV;;MC#01;TRANSACTION;FILE202;ZZ2;0068;2024-01-01;17:14;0018;CORRECTION;0.00;0.00
Z202_01A_122023_MASSENA.CSV;;MC#01;TRANSACTION;FILE202;ZZ2;0068;2024-01-01;17:14;0019;RETOUR;0.00;0.00
Z202_01A_122023_MASSENA.CSV;;MC#01;TRANSACTION;FILE202;ZZ2;0068;2024-01-01;17:14;0020;OUVERTURE;0.00;0.00
Z202_01A_122023_MASSENA.CSV;;MC#01;TRANSACTION;FILE202;ZZ2;0068;2024-01-01;17:14;0021;RAPPELTICKET;0.00;0.00
Z202_01A_122023_MASSENA.CSV;;MC#01;TRANSACTION;FILE202;ZZ2;0068;2024-01-01;17:14;0022;00;0.00;0.00
Z202_01A_122023_MASSENA.CSV;;MC#01;TRANSACTION;FILE202;ZZ2;0068;2024-01-01;17:14;0023;.;0.00;0.00
Z202_01A_122023_MASSENA.CSV;;MC#01;TRANSACTION;FILE202;ZZ2;0068;2024-01-01;17:14;0024;IMPRIME TVA;0.00;0.00
Z202_01A_122023_MASSENA.CSV;;MC#01;TRANSACTION;FILE202;ZZ2;0068;2024-01-01;17:14;0025;TIROIR;0.00;0.00
Z202_01A_122023_MASSENA.CSV;;MC#01;TRANSACTION;FILE202;ZZ2;0068;2024-01-01;17:14;0026;COUPON;0.00;0.00
Z202_01A_122023_MASSENA.CSV;;MC#01;TRANSACTION;FILE202;ZZ2;0068;2024-01-01;17:14;0027;UP;0.00;0.00
Z202_01A_122023_MASSENA.CSV;;MC#01;TRANSACTION;FILE202;ZZ2;0068;2024-01-01;17:14;0028;CHANGE;0.00;0.00
Z202_01A_122023_MASSENA.CSV;;MC#01;TRANSACTION;FILE202;ZZ2;0068;2024-01-01;17:14;0029;X;0.00;0.00
Z202_01A_122023_MASSENA.CSV;;MC#01;TRANSACTION;FILE202;ZZ2;0068;2024-01-01;17:14;0030;REFERENCE;0.00;0.00
Z202_01A_122023_MASSENA.CSV;;MC#01;TRANSACTION;FILE202;ZZ2;0068;2024-01-01;17:14;0031;REF./TIROIR;0.00;0.00
Z202_01A_122023_MASSENA.CSV;;MC#01;TRANSACTION;FILE202;ZZ2;0068;2024-01-01;17:14;0032;ANNULATION;0.00;0.00
Z202_01A_122023_MASSENA.CSV;;MC#01;TRANSACTION;FILE202;ZZ2;0068;2024-01-01;17:14;0033;;0.00;0.00
Z202_01A_122023_MASSENA.CSV;;MC#01;TRANSACTION;FILE202;ZZ2;0068;2024-01-01;17:14;0034;;0.00;0.00
Z202_01A_122023_MASSENA.CSV;;MC#01;TRANSACTION;FILE202;ZZ2;0068;2024-01-01;17:14;0035;;0.00;0.00
Z202_01A_122023_MASSENA.CSV;;MC#01;TRANSACTION;FILE202;ZZ2;0068;2024-01-01;17:14;0036;;0.00;0.00
Z202_01A_122023_MASSENA.CSV;;MC#01;TRANSACTION;FILE202;ZZ2;0068;2024-01-01;17:14;0037;;0.00;0.00
Z202_01A_122023_MASSENA.CSV;;MC#01;TRANSACTION;FILE202;ZZ2;0068;2024-01-01;17:14;0038;;0.00;0.00
Z202_01A_122023_MASSENA.CSV;;MC#01;TRANSACTION;FILE202;ZZ2;0068;2024-01-01;17:14;0039;;0.00;0.00
Z202_01A_122023_MASSENA.CSV;;MC#01;TRANSACTION;FILE202;ZZ2;0068;2024-01-01;17:14;0040;;0.00;0.00
Z202_01A_122023_MASSENA.CSV;;MC#01;TRANSACTION;FILE202;ZZ2;0068;2024-01-01;17:14;0041;;0.00;0.00
Z202_01A_122023_MASSENA.CSV;;MC#01;TRANSACTION;FILE202;ZZ2;0068;2024-01-01;17:14;0042;;0.00;0.00
Z202_01A_122023_MASSENA.CSV;;MC#01;TRANSACTION;FILE202;ZZ2;0068;2024-01-01;17:14;0043;;0.00;0.00
Z202_01A_122023_MASSENA.CSV;;MC#01;TRANSACTION;FILE202;ZZ2;0068;2024-01-01;17:14;0044;;0.00;0.00
Z202_01A_122023_MASSENA.CSV;;MC#01;TRANSACTION;FILE202;ZZ2;0068;2024-01-01;17:14;0045;;0.00;0.00
Z202_01A_122023_MASSENA.CSV;;MC#01;TRANSACTION;FILE202;ZZ2;0068;2024-01-01;17:14;0046;;0.00;0.00
Z202_01A_122023_MASSENA.CSV;;MC#01;TRANSACTION;FILE202;ZZ2;0068;2024-01-01;17:14;0047;;0.00;0.00
Z202_01A_122023_MASSENA.CSV;;MC#01;TRANSACTION;FILE202;ZZ2;0068;2024-01-01;17:14;0048;;0.00;0.00
Z202_01A_122023_MASSENA.CSV;;MC#01;TRANSACTION;FILE202;ZZ2;0068;2024-01-01;17:14;0049;;0.00;0.00
Z202_01A_122023_MASSENA.CSV;;MC#01;TRANSACTION;FILE202;ZZ2;0068;2024-01-01;17:14;0050;;0.00;0.00
Z202_01B_112023_MASSENA.CSV;;MC#01;TRANSACTION;FILE202;ZZ2;0067;2023-12-01;14:22;0001;ESPECES;4.00;1186.00
Z202_01B_112023_MASSENA.CSV;;MC#01;TRANSACTION;FILE202;ZZ2;0067;2023-12-01;14:22;0002;SOUS-TOTAL;0.00;0.00
Z202_01B_112023_MASSENA.CSV;;MC#01;TRANSACTION;FILE202;ZZ2;0067;2023-12-01;14:22;0003;CARTES;2.00;5204.00
Z202_01B_112023_MASSENA.CSV;;MC#01;TRANSACTION;FILE202;ZZ2;0067;2023-12-01;14:22;0004;CHEQUES;0.00;0.00
Z202_01B_112023_MASSENA.CSV;;MC#01;TRANSACTION;FILE202;ZZ2;0067;2023-12-01;14:22;0005;AIDE;0.00;0.00
Z202_01B_112023_MASSENA.CSV;;MC#01;TRANSACTION;FILE202;ZZ2;0067;2023-12-01;14:22;0006;TAX PGM;0.00;0.00
Z202_01B_112023_MASSENA.CSV;;MC#01;TRANSACTION;FILE202;ZZ2;0067;2023-12-01;14:22;0007;SORTIECAISSE;0.00;0.00
Z202_01B_112023_MASSENA.CSV;;MC#01;TRANSACTION;FILE202;ZZ2;0067;2023-12-01;14:22;0008;REC&ACCOMPTE;0.00;0.00
Z202_01B_112023_MASSENA.CSV;;MC#01;TRANSACTION;FILE202;ZZ2;0067;2023-12-01;14:22;0009;SIGN-OFF;0.00;0.00
Z202_01B_112023_MASSENA.CSV;;MC#01;TRANSACTION;FILE202;ZZ2;0067;2023-12-01;14:22;0010;NUM CAISSIER;0.00;0.00
Z202_01B_112023_MASSENA.CSV;;MC#01;TRANSACTION;FILE202;ZZ2;0067;2023-12-01;14:22;0011;SHIFT/No;0.00;0.00
Z202_01B_112023_MASSENA.CSV;;MC#01;TRANSACTION;FILE202;ZZ2;0067;2023-12-01;14:22;0012;DWN;0.00;0.00
Z202_01B_112023_MASSENA.CSV;;MC#01;TRANSACTION;FILE202;ZZ2;0067;2023-12-01;14:22;0013;REMISE %-;0.00;0.00
Z202_01B_112023_MASSENA.CSV;;MC#01;TRANSACTION;FILE202;ZZ2;0067;2023-12-01;14:22;0014;REMISE -;0.00;0.00
Z202_01B_112023_MASSENA.CSV;;MC#01;TRANSACTION;FILE202;ZZ2;0067;2023-12-01;14:22;0015;PLU;0.00;0.00
Z202_01B_112023_MASSENA.CSV;;MC#01;TRANSACTION;FILE202;ZZ2;0067;2023-12-01;14:22;0016;PRIX;0.00;0.00
Z202_01B_112023_MASSENA.CSV;;MC#01;TRANSACTION;FILE202;ZZ2;0067;2023-12-01;14:22;0017;TICKETON/OFF;0.00;0.00
Z202_01B_112023_MASSENA.CSV;;MC#01;TRANSACTION;FILE202;ZZ2;0067;2023-12-01;14:22;0018;CORRECTION;0.00;0.00
Z202_01B_112023_MASSENA.CSV;;MC#01;TRANSACTION;FILE202;ZZ2;0067;2023-12-01;14:22;0019;RETOUR;0.00;0.00
Z202_01B_112023_MASSENA.CSV;;MC#01;TRANSACTION;FILE202;ZZ2;0067;2023-12-01;14:22;0020;OUVERTURE;0.00;0.00
Z202_01B_112023_MASSENA.CSV;;MC#01;TRANSACTION;FILE202;ZZ2;0067;2023-12-01;14:22;0021;RAPPELTICKET;0.00;0.00
Z202_01B_112023_MASSENA.CSV;;MC#01;TRANSACTION;FILE202;ZZ2;0067;2023-12-01;14:22;0022;00;0.00;0.00
Z202_01B_112023_MASSENA.CSV;;MC#01;TRANSACTION;FILE202;ZZ2;0067;2023-12-01;14:22;0023;.;0.00;0.00
Z202_01B_112023_MASSENA.CSV;;MC#01;TRANSACTION;FILE202;ZZ2;0067;2023-12-01;14:22;0024;IMPRIME TVA;0.00;0.00
Z202_01B_112023_MASSENA.CSV;;MC#01;TRANSACTION;FILE202;ZZ2;0067;2023-12-01;14:22;0025;TIROIR;0.00;0.00
Z202_01B_112023_MASSENA.CSV;;MC#01;TRANSACTION;FILE202;ZZ2;0067;2023-12-01;14:22;0026;COUPON;0.00;0.00
Z202_01B_112023_MASSENA.CSV;;MC#01;TRANSACTION;FILE202;ZZ2;0067;2023-12-01;14:22;0027;UP;0.00;0.00
Z202_01B_112023_MASSENA.CSV;;MC#01;TRANSACTION;FILE202;ZZ2;0067;2023-12-01;14:22;0028;CHANGE;0.00;0.00
Z202_01B_112023_MASSENA.CSV;;MC#01;TRANSACTION;FILE202;ZZ2;0067;2023-12-01;14:22;0029;X;0.00;0.00
Z202_01B_112023_MASSENA.CSV;;MC#01;TRANSACTION;FILE202;ZZ2;0067;2023-12-01;14:22;0030;REFERENCE;0.00;0.00
Z202_01B_112023_MASSENA.CSV;;MC#01;TRANSACTION;FILE202;ZZ2;0067;2023-12-01;14:22;0031;REF./TIROIR;0.00;0.00
Z202_01B_112023_MASSENA.CSV;;MC#01;TRANSACTION;FILE202;ZZ2;0067;2023-12-01;14:22;0032;ANNULATION;0.00;0.00
Z202_01B_112023_MASSENA.CSV;;MC#01;TRANSACTION;FILE202;ZZ2;0067;2023-12-01;14:22;0033;;0.00;0.00
Z202_01B_112023_MASSENA.CSV;;MC#01;TRANSACTION;FILE202;ZZ2;0067;2023-12-01;14:22;0034;;0.00;0.00
Z202_01B_112023_MASSENA.CSV;;MC#01;TRANSACTION;FILE202;ZZ2;0067;2023-12-01;14:22;0035;;0.00;0.00
Z202_01B_112023_MASSENA.CSV;;MC#01;TRANSACTION;FILE202;ZZ2;0067;2023-12-01;14:22;0036;;0.00;0.00
Z202_01B_112023_MASSENA.CSV;;MC#01;TRANSACTION;FILE202;ZZ2;0067;2023-12-01;14:22;0037;;0.00;0.00
Z202_01B_112023_MASSENA.CSV;;MC#01;TRANSACTION;FILE202;ZZ2;0067;2023-12-01;14:22;0038;;0.00;0.00
Z202_01B_112023_MASSENA.CSV;;MC#01;TRANSACTION;FILE202;ZZ2;0067;2023-12-01;14:22;0039;;0.00;0.00
Z202_01B_112023_MASSENA.CSV;;MC#01;TRANSACTION;FILE202;ZZ2;0067;2023-12-01;14:22;0040;;0.00;0.00
Z202_01B_112023_MASSENA.CSV;;MC#01;TRANSACTION;FILE202;ZZ2;0067;2023-12-01;14:22;0041;;0.00;0.00
Z202_01B_112023_MASSENA.CSV;;MC#01;TRANSACTION;FILE202;ZZ2;0067;2023-12-01;14:22;0042;;0.00;0.00
Z202_01B_112023_MASSENA.CSV;;MC#01;TRANSACTION;FILE202;ZZ2;0067;2023-12-01;14:22;0043;;0.00;0.00
Z202_01B_112023_MASSENA.CSV;;MC#01;TRANSACTION;FILE202;ZZ2;0067;2023-12-01;14:22;0044;;0.00;0.00
Z202_01B_112023_MASSENA.CSV;;MC#01;TRANSACTION;FILE202;ZZ2;0067;2023-12-01;14:22;0045;;0.00;0.00
Z202_01B_112023_MASSENA.CSV;;MC#01;TRANSACTION;FILE202;ZZ2;0067;2023-12-01;14:22;0046;;0.00;0.00
Z202_01B_112023_MASSENA.CSV;;MC#01;TRANSACTION;FILE202;ZZ2;0067;2023-12-01;14:22;0047;;0.00;0.00
Z202_01B_112023_MASSENA.CSV;;MC#01;TRANSACTION;FILE202;ZZ2;0067;2023-12-01;14:22;0048;;0.00;0.00
Z202_01B_112023_MASSENA.CSV;;MC#01;TRANSACTION;FILE202;ZZ2;0067;2023-12-01;14:22;0049;;0.00;0.00
Z202_01B_112023_MASSENA.CSV;;MC#01;TRANSACTION;FILE202;ZZ2;0067;2023-12-01;14:22;0050;;0.00;0.00
Z202_02A_042023_MASSENA.CSV;;MC#01;TRANSACTION;FILE202;ZZ2;0060;2023-05-02;08:34;0001;ESPECES;52.00;35596.00
Z202_02A_042023_MASSENA.CSV;;MC#01;TRANSACTION;FILE202;ZZ2;0060;2023-05-02;08:34;0002;SOUS-TOTAL;0.00;0.00
Z202_02A_042023_MASSENA.CSV;;MC#01;TRANSACTION;FILE202;ZZ2;0060;2023-05-02;08:34;0003;CARTES;20.00;20500.00
Z202_02A_042023_MASSENA.CSV;;MC#01;TRANSACTION;FILE202;ZZ2;0060;2023-05-02;08:34;0004;CHEQUES;0.00;0.00
Z202_02A_042023_MASSENA.CSV;;MC#01;TRANSACTION;FILE202;ZZ2;0060;2023-05-02;08:34;0005;AIDE;0.00;0.00
Z202_02A_042023_MASSENA.CSV;;MC#01;TRANSACTION;FILE202;ZZ2;0060;2023-05-02;08:34;0006;TAX PGM;0.00;0.00
Z202_02A_042023_MASSENA.CSV;;MC#01;TRANSACTION;FILE202;ZZ2;0060;2023-05-02;08:34;0007;SORTIECAISSE;0.00;0.00
Z202_02A_042023_MASSENA.CSV;;MC#01;TRANSACTION;FILE202;ZZ2;0060;2023-05-02;08:34;0008;REC&ACCOMPTE;0.00;0.00
Z202_02A_042023_MASSENA.CSV;;MC#01;TRANSACTION;FILE202;ZZ2;0060;2023-05-02;08:34;0009;SIGN-OFF;0.00;0.00
Z202_02A_042023_MASSENA.CSV;;MC#01;TRANSACTION;FILE202;ZZ2;0060;2023-05-02;08:34;0010;NUM CAISSIER;0.00;0.00
Z202_02A_042023_MASSENA.CSV;;MC#01;TRANSACTION;FILE202;ZZ2;0060;2023-05-02;08:34;0011;SHIFT/No;0.00;0.00
Z202_02A_042023_MASSENA.CSV;;MC#01;TRANSACTION;FILE202;ZZ2;0060;2023-05-02;08:34;0012;DWN;0.00;0.00
Z202_02A_042023_MASSENA.CSV;;MC#01;TRANSACTION;FILE202;ZZ2;0060;2023-05-02;08:34;0013;REMISE %-;0.00;0.00
Z202_02A_042023_MASSENA.CSV;;MC#01;TRANSACTION;FILE202;ZZ2;0060;2023-05-02;08:34;0014;REMISE -;0.00;0.00
Z202_02A_042023_MASSENA.CSV;;MC#01;TRANSACTION;FILE202;ZZ2;0060;2023-05-02;08:34;0015;PLU;0.00;0.00
Z202_02A_042023_MASSENA.CSV;;MC#01;TRANSACTION;FILE202;ZZ2;0060;2023-05-02;08:34;0016;PRIX;0.00;0.00
Z202_02A_042023_MASSENA.CSV;;MC#01;TRANSACTION;FILE202;ZZ2;0060;2023-05-02;08:34;0017;TICKETON/OFF;0.00;0.00
Z202_02A_042023_MASSENA.CSV;;MC#01;TRANSACTION;FILE202;ZZ2;0060;2023-05-02;08:34;0018;CORRECTION;0.00;0.00
Z202_02A_042023_MASSENA.CSV;;MC#01;TRANSACTION;FILE202;ZZ2;0060;2023-05-02;08:34;0019;RETOUR;0.00;0.00
Z202_02A_042023_MASSENA.CSV;;MC#01;TRANSACTION;FILE202;ZZ2;0060;2023-05-02;08:34;0020;OUVERTURE;0.00;0.00
Z202_02A_042023_MASSENA.CSV;;MC#01;TRANSACTION;FILE202;ZZ2;0060;2023-05-02;08:34;0021;RAPPELTICKET;0.00;0.00
Z202_02A_042023_MASSENA.CSV;;MC#01;TRANSACTION;FILE202;ZZ2;0060;2023-05-02;08:34;0022;00;0.00;0.00
Z202_02A_042023_MASSENA.CSV;;MC#01;TRANSACTION;FILE202;ZZ2;0060;2023-05-02;08:34;0023;.;0.00;0.00
Z202_02A_042023_MASSENA.CSV;;MC#01;TRANSACTION;FILE202;ZZ2;0060;2023-05-02;08:34;0024;IMPRIME TVA;0.00;0.00
Z202_02A_042023_MASSENA.CSV;;MC#01;TRANSACTION;FILE202;ZZ2;0060;2023-05-02;08:34;0025;TIROIR;0.00;0.00
Z202_02A_042023_MASSENA.CSV;;MC#01;TRANSACTION;FILE202;ZZ2;0060;2023-05-02;08:34;0026;COUPON;0.00;0.00
Z202_02A_042023_MASSENA.CSV;;MC#01;TRANSACTION;FILE202;ZZ2;0060;2023-05-02;08:34;0027;UP;0.00;0.00
Z202_02A_042023_MASSENA.CSV;;MC#01;TRANSACTION;FILE202;ZZ2;0060;2023-05-02;08:34;0028;CHANGE;0.00;0.00
Z202_02A_042023_MASSENA.CSV;;MC#01;TRANSACTION;FILE202;ZZ2;0060;2023-05-02;08:34;0029;X;0.00;0.00
Z202_02A_042023_MASSENA.CSV;;MC#01;TRANSACTION;FILE202;ZZ2;0060;2023-05-02;08:34;0030;REFERENCE;0.00;0.00
Z202_02A_042023_MASSENA.CSV;;MC#01;TRANSACTION;FILE202;ZZ2;0060;2023-05-02;08:34;0031;REF./TIROIR;0.00;0.00
Z202_02A_042023_MASSENA.CSV;;MC#01;TRANSACTION;FILE202;ZZ2;0060;2023-05-02;08:34;0032;ANNULATION;0.00;0.00
Z202_02A_042023_MASSENA.CSV;;MC#01;TRANSACTION;FILE202;ZZ2;0060;2023-05-02;08:34;0033;;0.00;0.00
Z202_02A_042023_MASSENA.CSV;;MC#01;TRANSACTION;FILE202;ZZ2;0060;2023-05-02;08:34;0034;;0.00;0.00
Z202_02A_042023_MASSENA.CSV;;MC#01;TRANSACTION;FILE202;ZZ2;0060;2023-05-02;08:34;0035;;0.00;0.00
Z202_02A_042023_MASSENA.CSV;;MC#01;TRANSACTION;FILE202;ZZ2;0060;2023-05-02;08:34;0036;;0.00;0.00
Z202_02A_042023_MASSENA.CSV;;MC#01;TRANSACTION;FILE202;ZZ2;0060;2023-05-02;08:34;0037;;0.00;0.00
Z202_02A_042023_MASSENA.CSV;;MC#01;TRANSACTION;FILE202;ZZ2;0060;2023-05-02;08:34;0038;;0.00;0.00
Z202_02A_042023_MASSENA.CSV;;MC#01;TRANSACTION;FILE202;ZZ2;0060;2023-05-02;08:34;0039;;0.00;0.00
Z202_02A_042023_MASSENA.CSV;;MC#01;TRANSACTION;FILE202;ZZ2;0060;2023-05-02;08:34;0040;;0.00;0.00
Z202_02A_042023_MASSENA.CSV;;MC#01;TRANSACTION;FILE202;ZZ2;0060;2023-05-02;08:34;0041;;0.00;0.00
Z202_02A_042023_MASSENA.CSV;;MC#01;TRANSACTION;FILE202;ZZ2;0060;2023-05-02;08:34;0042;;0.00;0.00
Z202_02A_042023_MASSENA.CSV;;MC#01;TRANSACTION;FILE202;ZZ2;0060;2023-05-02;08:34;0043;;0.00;0.00
Z202_02A_042023_MASSENA.CSV;;MC#01;TRANSACTION;FILE202;ZZ2;0060;2023-05-02;08:34;0044;;0.00;0.00
Z202_02A_042023_MASSENA.CSV;;MC#01;TRANSACTION;FILE202;ZZ2;0060;2023-05-02;08:34;0045;;0.00;0.00
Z202_02A_042023_MASSENA.CSV;;MC#01;TRANSACTION;FILE202;ZZ2;0060;2023-05-02;08:34;0046;;0.00;0.00
Z202_02A_042023_MASSENA.CSV;;MC#01;TRANSACTION;FILE202;ZZ2;0060;2023-05-02;08:34;0047;;0.00;0.00
Z202_02A_042023_MASSENA.CSV;;MC#01;TRANSACTION;FILE202;ZZ2;0060;2023-05-02;08:34;0048;;0.00;0.00
Z202_02A_042023_MASSENA.CSV;;MC#01;TRANSACTION;FILE202;ZZ2;0060;2023-05-02;08:34;0049;;0.00;0.00
Z202_02A_042023_MASSENA.CSV;;MC#01;TRANSACTION;FILE202;ZZ2;0060;2023-05-02;08:34;0050;;0.00;0.00
Z202_03A_022023_MASSENA.CSV;;MC#01;TRANSACTION;FILE202;ZZ2;0058;2023-03-03;19:14;0001;ESPECES;55.00;30060.00
Z202_03A_022023_MASSENA.CSV;;MC#01;TRANSACTION;FILE202;ZZ2;0058;2023-03-03;19:14;0002;SOUS-TOTAL;0.00;0.00
Z202_03A_022023_MASSENA.CSV;;MC#01;TRANSACTION;FILE202;ZZ2;0058;2023-03-03;19:14;0003;CARTES;17.00;22705.00
Z202_03A_022023_MASSENA.CSV;;MC#01;TRANSACTION;FILE202;ZZ2;0058;2023-03-03;19:14;0004;CHEQUES;0.00;0.00
Z202_03A_022023_MASSENA.CSV;;MC#01;TRANSACTION;FILE202;ZZ2;0058;2023-03-03;19:14;0005;AIDE;0.00;0.00
Z202_03A_022023_MASSENA.CSV;;MC#01;TRANSACTION;FILE202;ZZ2;0058;2023-03-03;19:14;0006;TAX PGM;0.00;0.00
Z202_03A_022023_MASSENA.CSV;;MC#01;TRANSACTION;FILE202;ZZ2;0058;2023-03-03;19:14;0007;SORTIECAISSE;0.00;0.00
Z202_03A_022023_MASSENA.CSV;;MC#01;TRANSACTION;FILE202;ZZ2;0058;2023-03-03;19:14;0008;REC&ACCOMPTE;0.00;0.00
Z202_03A_022023_MASSENA.CSV;;MC#01;TRANSACTION;FILE202;ZZ2;0058;2023-03-03;19:14;0009;SIGN-OFF;0.00;0.00
Z202_03A_022023_MASSENA.CSV;;MC#01;TRANSACTION;FILE202;ZZ2;0058;2023-03-03;19:14;0010;NUM CAISSIER;0.00;0.00
Z202_03A_022023_MASSENA.CSV;;MC#01;TRANSACTION;FILE202;ZZ2;0058;2023-03-03;19:14;0011;SHIFT/No;0.00;0.00
Z202_03A_022023_MASSENA.CSV;;MC#01;TRANSACTION;FILE202;ZZ2;0058;2023-03-03;19:14;0012;DWN;0.00;0.00
Z202_03A_022023_MASSENA.CSV;;MC#01;TRANSACTION;FILE202;ZZ2;0058;2023-03-03;19:14;0013;REMISE %-;0.00;0.00
Z202_03A_022023_MASSENA.CSV;;MC#01;TRANSACTION;FILE202;ZZ2;0058;2023-03-03;19:14;0014;REMISE -;0.00;0.00
Z202_03A_022023_MASSENA.CSV;;MC#01;TRANSACTION;FILE202;ZZ2;0058;2023-03-03;19:14;0015;PLU;0.00;0.00
Z202_03A_022023_MASSENA.CSV;;MC#01;TRANSACTION;FILE202;ZZ2;0058;2023-03-03;19:14;0016;PRIX;0.00;0.00
Z202_03A_022023_MASSENA.CSV;;MC#01;TRANSACTION;FILE202;ZZ2;0058;2023-03-03;19:14;0017;TICKETON/OFF;0.00;0.00
Z202_03A_022023_MASSENA.CSV;;MC#01;TRANSACTION;FILE202;ZZ2;0058;2023-03-03;19:14;0018;CORRECTION;1.00;14.90
Z202_03A_022023_MASSENA.CSV;;MC#01;TRANSACTION;FILE202;ZZ2;0058;2023-03-03;19:14;0019;RETOUR;0.00;0.00
Z202_03A_022023_MASSENA.CSV;;MC#01;TRANSACTION;FILE202;ZZ2;0058;2023-03-03;19:14;0020;OUVERTURE;0.00;0.00
Z202_03A_022023_MASSENA.CSV;;MC#01;TRANSACTION;FILE202;ZZ2;0058;2023-03-03;19:14;0021;RAPPELTICKET;0.00;0.00
Z202_03A_022023_MASSENA.CSV;;MC#01;TRANSACTION;FILE202;ZZ2;0058;2023-03-03;19:14;0022;00;0.00;0.00
Z202_03A_022023_MASSENA.CSV;;MC#01;TRANSACTION;FILE202;ZZ2;0058;2023-03-03;19:14;0023;.;0.00;0.00
Z202_03A_022023_MASSENA.CSV;;MC#01;TRANSACTION;FILE202;ZZ2;0058;2023-03-03;19:14;0024;IMPRIME TVA;0.00;0.00
Z202_03A_022023_MASSENA.CSV;;MC#01;TRANSACTION;FILE202;ZZ2;0058;2023-03-03;19:14;0025;TIROIR;0.00;0.00
Z202_03A_022023_MASSENA.CSV;;MC#01;TRANSACTION;FILE202;ZZ2;0058;2023-03-03;19:14;0026;COUPON;0.00;0.00
Z202_03A_022023_MASSENA.CSV;;MC#01;TRANSACTION;FILE202;ZZ2;0058;2023-03-03;19:14;0027;UP;0.00;0.00
Z202_03A_022023_MASSENA.CSV;;MC#01;TRANSACTION;FILE202;ZZ2;0058;2023-03-03;19:14;0028;CHANGE;0.00;0.00
Z202_03A_022023_MASSENA.CSV;;MC#01;TRANSACTION;FILE202;ZZ2;0058;2023-03-03;19:14;0029;X;0.00;0.00
Z202_03A_022023_MASSENA.CSV;;MC#01;TRANSACTION;FILE202;ZZ2;0058;2023-03-03;19:14;0030;REFERENCE;0.00;0.00
Z202_03A_022023_MASSENA.CSV;;MC#01;TRANSACTION;FILE202;ZZ2;0058;2023-03-03;19:14;0031;REF./TIROIR;0.00;0.00
Z202_03A_022023_MASSENA.CSV;;MC#01;TRANSACTION;FILE202;ZZ2;0058;2023-03-03;19:14;0032;ANNULATION;0.00;0.00
Z202_03A_022023_MASSENA.CSV;;MC#01;TRANSACTION;FILE202;ZZ2;0058;2023-03-03;19:14;0033;;0.00;0.00
Z202_03A_022023_MASSENA.CSV;;MC#01;TRANSACTION;FILE202;ZZ2;0058;2023-03-03;19:14;0034;;0.00;0.00
Z202_03A_022023_MASSENA.CSV;;MC#01;TRANSACTION;FILE202;ZZ2;0058;2023-03-03;19:14;0035;;0.00;0.00
Z202_03A_022023_MASSENA.CSV;;MC#01;TRANSACTION;FILE202;ZZ2;0058;2023-03-03;19:14;0036;;0.00;0.00
Z202_03A_022023_MASSENA.CSV;;MC#01;TRANSACTION;FILE202;ZZ2;0058;2023-03-03;19:14;0037;;0.00;0.00
Z202_03A_022023_MASSENA.CSV;;MC#01;TRANSACTION;FILE202;ZZ2;0058;2023-03-03;19:14;0038;;0.00;0.00
Z202_03A_022023_MASSENA.CSV;;MC#01;TRANSACTION;FILE202;ZZ2;0058;2023-03-03;19:14;0039;;0.00;0.00
Z202_03A_022023_MASSENA.CSV;;MC#01;TRANSACTION;FILE202;ZZ2;0058;2023-03-03;19:14;0040;;0.00;0.00
Z202_03A_022023_MASSENA.CSV;;MC#01;TRANSACTION;FILE202;ZZ2;0058;2023-03-03;19:14;0041;;0.00;0.00
Z202_03A_022023_MASSENA.CSV;;MC#01;TRANSACTION;FILE202;ZZ2;0058;2023-03-03;19:14;0042;;0.00;0.00
Z202_03A_022023_MASSENA.CSV;;MC#01;TRANSACTION;FILE202;ZZ2;0058;2023-03-03;19:14;0043;;0.00;0.00
Z202_03A_022023_MASSENA.CSV;;MC#01;TRANSACTION;FILE202;ZZ2;0058;2023-03-03;19:14;0044;;0.00;0.00
Z202_03A_022023_MASSENA.CSV;;MC#01;TRANSACTION;FILE202;ZZ2;0058;2023-03-03;19:14;0045;;0.00;0.00
Z202_03A_022023_MASSENA.CSV;;MC#01;TRANSACTION;FILE202;ZZ2;0058;2023-03-03;19:14;0046;;0.00;0.00
Z202_03A_022023_MASSENA.CSV;;MC#01;TRANSACTION;FILE202;ZZ2;0058;2023-03-03;19:14;0047;;0.00;0.00
Z202_03A_022023_MASSENA.CSV;;MC#01;TRANSACTION;FILE202;ZZ2;0058;2023-03-03;19:14;0048;;0.00;0.00
Z202_03A_022023_MASSENA.CSV;;MC#01;TRANSACTION;FILE202;ZZ2;0058;2023-03-03;19:14;0049;;0.00;0.00
Z202_03A_022023_MASSENA.CSV;;MC#01;TRANSACTION;FILE202;ZZ2;0058;2023-03-03;19:14;0050;;0.00;0.00
Z202_10A_102023_MASSENA.CSV;;MC#01;TRANSACTION;FILE202;ZZ2;0066;2023-11-10;16:04;0001;ESPECES;21.00;11347.80
Z202_10A_102023_MASSENA.CSV;;MC#01;TRANSACTION;FILE202;ZZ2;0066;2023-11-10;16:04;0002;SOUS-TOTAL;0.00;0.00
Z202_10A_102023_MASSENA.CSV;;MC#01;TRANSACTION;FILE202;ZZ2;0066;2023-11-10;16:04;0003;CARTES;16.00;20776.00
Z202_10A_102023_MASSENA.CSV;;MC#01;TRANSACTION;FILE202;ZZ2;0066;2023-11-10;16:04;0004;CHEQUES;0.00;0.00
Z202_10A_102023_MASSENA.CSV;;MC#01;TRANSACTION;FILE202;ZZ2;0066;2023-11-10;16:04;0005;AIDE;0.00;0.00
Z202_10A_102023_MASSENA.CSV;;MC#01;TRANSACTION;FILE202;ZZ2;0066;2023-11-10;16:04;0006;TAX PGM;0.00;0.00
Z202_10A_102023_MASSENA.CSV;;MC#01;TRANSACTION;FILE202;ZZ2;0066;2023-11-10;16:04;0007;SORTIECAISSE;0.00;0.00
Z202_10A_102023_MASSENA.CSV;;MC#01;TRANSACTION;FILE202;ZZ2;0066;2023-11-10;16:04;0008;REC&ACCOMPTE;0.00;0.00
Z202_10A_102023_MASSENA.CSV;;MC#01;TRANSACTION;FILE202;ZZ2;0066;2023-11-10;16:04;0009;SIGN-OFF;0.00;0.00
Z202_10A_102023_MASSENA.CSV;;MC#01;TRANSACTION;FILE202;ZZ2;0066;2023-11-10;16:04;0010;NUM CAISSIER;0.00;0.00
Z202_10A_102023_MASSENA.CSV;;MC#01;TRANSACTION;FILE202;ZZ2;0066;2023-11-10;16:04;0011;SHIFT/No;0.00;0.00
Z202_10A_102023_MASSENA.CSV;;MC#01;TRANSACTION;FILE202;ZZ2;0066;2023-11-10;16:04;0012;DWN;0.00;0.00
Z202_10A_102023_MASSENA.CSV;;MC#01;TRANSACTION;FILE202;ZZ2;0066;2023-11-10;16:04;0013;REMISE %-;0.00;0.00
Z202_10A_102023_MASSENA.CSV;;MC#01;TRANSACTION;FILE202;ZZ2;0066;2023-11-10;16:04;0014;REMISE -;0.00;0.00
Z202_10A_102023_MASSENA.CSV;;MC#01;TRANSACTION;FILE202;ZZ2;0066;2023-11-10;16:04;0015;PLU;0.00;0.00
Z202_10A_102023_MASSENA.CSV;;MC#01;TRANSACTION;FILE202;ZZ2;0066;2023-11-10;16:04;0016;PRIX;0.00;0.00
Z202_10A_102023_MASSENA.CSV;;MC#01;TRANSACTION;FILE202;ZZ2;0066;2023-11-10;16:04;0017;TICKETON/OFF;0.00;0.00
Z202_10A_102023_MASSENA.CSV;;MC#01;TRANSACTION;FILE202;ZZ2;0066;2023-11-10;16:04;0018;CORRECTION;0.00;0.00
Z202_10A_102023_MASSENA.CSV;;MC#01;TRANSACTION;FILE202;ZZ2;0066;2023-11-10;16:04;0019;RETOUR;0.00;0.00
Z202_10A_102023_MASSENA.CSV;;MC#01;TRANSACTION;FILE202;ZZ2;0066;2023-11-10;16:04;0020;OUVERTURE;0.00;0.00
Z202_10A_102023_MASSENA.CSV;;MC#01;TRANSACTION;FILE202;ZZ2;0066;2023-11-10;16:04;0021;RAPPELTICKET;0.00;0.00
Z202_10A_102023_MASSENA.CSV;;MC#01;TRANSACTION;FILE202;ZZ2;0066;2023-11-10;16:04;0022;00;0.00;0.00
Z202_10A_102023_MASSENA.CSV;;MC#01;TRANSACTION;FILE202;ZZ2;0066;2023-11-10;16:04;0023;.;0.00;0.00
Z202_10A_102023_MASSENA.CSV;;MC#01;TRANSACTION;FILE202;ZZ2;0066;2023-11-10;16:04;0024;IMPRIME TVA;0.00;0.00
Z202_10A_102023_MASSENA.CSV;;MC#01;TRANSACTION;FILE202;ZZ2;0066;2023-11-10;16:04;0025;TIROIR;0.00;0.00
Z202_10A_102023_MASSENA.CSV;;MC#01;TRANSACTION;FILE202;ZZ2;0066;2023-11-10;16:04;0026;COUPON;0.00;0.00
Z202_10A_102023_MASSENA.CSV;;MC#01;TRANSACTION;FILE202;ZZ2;0066;2023-11-10;16:04;0027;UP;0.00;0.00
Z202_10A_102023_MASSENA.CSV;;MC#01;TRANSACTION;FILE202;ZZ2;0066;2023-11-10;16:04;0028;CHANGE;0.00;0.00
Z202_10A_102023_MASSENA.CSV;;MC#01;TRANSACTION;FILE202;ZZ2;0066;2023-11-10;16:04;0029;X;0.00;0.00
Z202_10A_102023_MASSENA.CSV;;MC#01;TRANSACTION;FILE202;ZZ2;0066;2023-11-10;16:04;0030;REFERENCE;0.00;0.00
Z202_10A_102023_MASSENA.CSV;;MC#01;TRANSACTION;FILE202;ZZ2;0066;2023-11-10;16:04;0031;REF./TIROIR;0.00;0.00
Z202_10A_102023_MASSENA.CSV;;MC#01;TRANSACTION;FILE202;ZZ2;0066;2023-11-10;16:04;0032;ANNULATION;0.00;0.00
Z202_10A_102023_MASSENA.CSV;;MC#01;TRANSACTION;FILE202;ZZ2;0066;2023-11-10;16:04;0033;;0.00;0.00
Z202_10A_102023_MASSENA.CSV;;MC#01;TRANSACTION;FILE202;ZZ2;0066;2023-11-10;16:04;0034;;0.00;0.00
Z202_10A_102023_MASSENA.CSV;;MC#01;TRANSACTION;FILE202;ZZ2;0066;2023-11-10;16:04;0035;;0.00;0.00
Z202_10A_102023_MASSENA.CSV;;MC#01;TRANSACTION;FILE202;ZZ2;0066;2023-11-10;16:04;0036;;0.00;0.00
Z202_10A_102023_MASSENA.CSV;;MC#01;TRANSACTION;FILE202;ZZ2;0066;2023-11-10;16:04;0037;;0.00;0.00
Z202_10A_102023_MASSENA.CSV;;MC#01;TRANSACTION;FILE202;ZZ2;0066;2023-11-10;16:04;0038;;0.00;0.00
Z202_10A_102023_MASSENA.CSV;;MC#01;TRANSACTION;FILE202;ZZ2;0066;2023-11-10;16:04;0039;;0.00;0.00
Z202_10A_102023_MASSENA.CSV;;MC#01;TRANSACTION;FILE202;ZZ2;0066;2023-11-10;16:04;0040;;0.00;0.00
Z202_10A_102023_MASSENA.CSV;;MC#01;TRANSACTION;FILE202;ZZ2;0066;2023-11-10;16:04;0041;;0.00;0.00
Z202_10A_102023_MASSENA.CSV;;MC#01;TRANSACTION;FILE202;ZZ2;0066;2023-11-10;16:04;0042;;0.00;0.00
Z202_10A_102023_MASSENA.CSV;;MC#01;TRANSACTION;FILE202;ZZ2;0066;2023-11-10;16:04;0043;;0.00;0.00
Z202_10A_102023_MASSENA.CSV;;MC#01;TRANSACTION;FILE202;ZZ2;0066;2023-11-10;16:04;0044;;0.00;0.00
Z202_10A_102023_MASSENA.CSV;;MC#01;TRANSACTION;FILE202;ZZ2;0066;2023-11-10;16:04;0045;;0.00;0.00
Z202_10A_102023_MASSENA.CSV;;MC#01;TRANSACTION;FILE202;ZZ2;0066;2023-11-10;16:04;0046;;0.00;0.00
Z202_10A_102023_MASSENA.CSV;;MC#01;TRANSACTION;FILE202;ZZ2;0066;2023-11-10;16:04;0047;;0.00;0.00
Z202_10A_102023_MASSENA.CSV;;MC#01;TRANSACTION;FILE202;ZZ2;0066;2023-11-10;16:04;0048;;0.00;0.00
Z202_10A_102023_MASSENA.CSV;;MC#01;TRANSACTION;FILE202;ZZ2;0066;2023-11-10;16:04;0049;;0.00;0.00
Z202_10A_102023_MASSENA.CSV;;MC#01;TRANSACTION;FILE202;ZZ2;0066;2023-11-10;16:04;0050;;0.00;0.00
Z202_31A_012023_MASSENA.CSV;;MC#01;TRANSACTION;FILE202;ZZ2;0057;2023-01-31;18:45;0001;ESPECES;97.00;54942.80
Z202_31A_012023_MASSENA.CSV;;MC#01;TRANSACTION;FILE202;ZZ2;0057;2023-01-31;18:45;0002;SOUS-TOTAL;0.00;0.00
Z202_31A_012023_MASSENA.CSV;;MC#01;TRANSACTION;FILE202;ZZ2;0057;2023-01-31;18:45;0003;CARTES;23.00;15385.00
Z202_31A_012023_MASSENA.CSV;;MC#01;TRANSACTION;FILE202;ZZ2;0057;2023-01-31;18:45;0004;CHEQUES;1.00;6042.00
Z202_31A_012023_MASSENA.CSV;;MC#01;TRANSACTION;FILE202;ZZ2;0057;2023-01-31;18:45;0005;AIDE;0.00;0.00
Z202_31A_012023_MASSENA.CSV;;MC#01;TRANSACTION;FILE202;ZZ2;0057;2023-01-31;18:45;0006;TAX PGM;0.00;0.00
Z202_31A_012023_MASSENA.CSV;;MC#01;TRANSACTION;FILE202;ZZ2;0057;2023-01-31;18:45;0007;SORTIECAISSE;0.00;0.00
Z202_31A_012023_MASSENA.CSV;;MC#01;TRANSACTION;FILE202;ZZ2;0057;2023-01-31;18:45;0008;REC&ACCOMPTE;0.00;0.00
Z202_31A_012023_MASSENA.CSV;;MC#01;TRANSACTION;FILE202;ZZ2;0057;2023-01-31;18:45;0009;SIGN-OFF;0.00;0.00
Z202_31A_012023_MASSENA.CSV;;MC#01;TRANSACTION;FILE202;ZZ2;0057;2023-01-31;18:45;0010;NUM CAISSIER;0.00;0.00
Z202_31A_012023_MASSENA.CSV;;MC#01;TRANSACTION;FILE202;ZZ2;0057;2023-01-31;18:45;0011;SHIFT/No;0.00;0.00
Z202_31A_012023_MASSENA.CSV;;MC#01;TRANSACTION;FILE202;ZZ2;0057;2023-01-31;18:45;0012;DWN;0.00;0.00
Z202_31A_012023_MASSENA.CSV;;MC#01;TRANSACTION;FILE202;ZZ2;0057;2023-01-31;18:45;0013;REMISE %-;0.00;0.00
Z202_31A_012023_MASSENA.CSV;;MC#01;TRANSACTION;FILE202;ZZ2;0057;2023-01-31;18:45;0014;REMISE -;0.00;0.00
Z202_31A_012023_MASSENA.CSV;;MC#01;TRANSACTION;FILE202;ZZ2;0057;2023-01-31;18:45;0015;PLU;0.00;0.00
Z202_31A_012023_MASSENA.CSV;;MC#01;TRANSACTION;FILE202;ZZ2;0057;2023-01-31;18:45;0016;PRIX;0.00;0.00
Z202_31A_012023_MASSENA.CSV;;MC#01;TRANSACTION;FILE202;ZZ2;0057;2023-01-31;18:45;0017;TICKETON/OFF;0.00;0.00
Z202_31A_012023_MASSENA.CSV;;MC#01;TRANSACTION;FILE202;ZZ2;0057;2023-01-31;18:45;0018;CORRECTION;2.00;344.00
Z202_31A_012023_MASSENA.CSV;;MC#01;TRANSACTION;FILE202;ZZ2;0057;2023-01-31;18:45;0019;RETOUR;0.00;0.00
Z202_31A_012023_MASSENA.CSV;;MC#01;TRANSACTION;FILE202;ZZ2;0057;2023-01-31;18:45;0020;OUVERTURE;0.00;0.00
Z202_31A_012023_MASSENA.CSV;;MC#01;TRANSACTION;FILE202;ZZ2;0057;2023-01-31;18:45;0021;RAPPELTICKET;0.00;0.00
Z202_31A_012023_MASSENA.CSV;;MC#01;TRANSACTION;FILE202;ZZ2;0057;2023-01-31;18:45;0022;00;0.00;0.00
Z202_31A_012023_MASSENA.CSV;;MC#01;TRANSACTION;FILE202;ZZ2;0057;2023-01-31;18:45;0023;.;0.00;0.00
Z202_31A_012023_MASSENA.CSV;;MC#01;TRANSACTION;FILE202;ZZ2;0057;2023-01-31;18:45;0024;IMPRIME TVA;0.00;0.00
Z202_31A_012023_MASSENA.CSV;;MC#01;TRANSACTION;FILE202;ZZ2;0057;2023-01-31;18:45;0025;TIROIR;0.00;0.00
Z202_31A_012023_MASSENA.CSV;;MC#01;TRANSACTION;FILE202;ZZ2;0057;2023-01-31;18:45;0026;COUPON;0.00;0.00
Z202_31A_012023_MASSENA.CSV;;MC#01;TRANSACTION;FILE202;ZZ2;0057;2023-01-31;18:45;0027;UP;0.00;0.00
Z202_31A_012023_MASSENA.CSV;;MC#01;TRANSACTION;FILE202;ZZ2;0057;2023-01-31;18:45;0028;CHANGE;0.00;0.00
Z202_31A_012023_MASSENA.CSV;;MC#01;TRANSACTION;FILE202;ZZ2;0057;2023-01-31;18:45;0029;X;0.00;0.00
Z202_31A_012023_MASSENA.CSV;;MC#01;TRANSACTION;FILE202;ZZ2;0057;2023-01-31;18:45;0030;REFERENCE;0.00;0.00
Z202_31A_012023_MASSENA.CSV;;MC#01;TRANSACTION;FILE202;ZZ2;0057;2023-01-31;18:45;0031;REF./TIROIR;0.00;0.00
Z202_31A_012023_MASSENA.CSV;;MC#01;TRANSACTION;FILE202;ZZ2;0057;2023-01-31;18:45;0032;ANNULATION;0.00;0.00
Z202_31A_012023_MASSENA.CSV;;MC#01;TRANSACTION;FILE202;ZZ2;0057;2023-01-31;18:45;0033;;0.00;0.00
Z202_31A_012023_MASSENA.CSV;;MC#01;TRANSACTION;FILE202;ZZ2;0057;2023-01-31;18:45;0034;;0.00;0.00
Z202_31A_012023_MASSENA.CSV;;MC#01;TRANSACTION;FILE202;ZZ2;0057;2023-01-31;18:45;0035;;0.00;0.00
Z202_31A_012023_MASSENA.CSV;;MC#01;TRANSACTION;FILE202;ZZ2;0057;2023-01-31;18:45;0036;;0.00;0.00
Z202_31A_012023_MASSENA.CSV;;MC#01;TRANSACTION;FILE202;ZZ2;0057;2023-01-31;18:45;0037;;0.00;0.00
Z202_31A_012023_MASSENA.CSV;;MC#01;TRANSACTION;FILE202;ZZ2;0057;2023-01-31;18:45;0038;;0.00;0.00
Z202_31A_012023_MASSENA.CSV;;MC#01;TRANSACTION;FILE202;ZZ2;0057;2023-01-31;18:45;0039;;0.00;0.00
Z202_31A_012023_MASSENA.CSV;;MC#01;TRANSACTION;FILE202;ZZ2;0057;2023-01-31;18:45;0040;;0.00;0.00
Z202_31A_012023_MASSENA.CSV;;MC#01;TRANSACTION;FILE202;ZZ2;0057;2023-01-31;18:45;0041;;0.00;0.00
Z202_31A_012023_MASSENA.CSV;;MC#01;TRANSACTION;FILE202;ZZ2;0057;2023-01-31;18:45;0042;;0.00;0.00
Z202_31A_012023_MASSENA.CSV;;MC#01;TRANSACTION;FILE202;ZZ2;0057;2023-01-31;18:45;0043;;0.00;0.00
Z202_31A_012023_MASSENA.CSV;;MC#01;TRANSACTION;FILE202;ZZ2;0057;2023-01-31;18:45;0044;;0.00;0.00
Z202_31A_012023_MASSENA.CSV;;MC#01;TRANSACTION;FILE202;ZZ2;0057;2023-01-31;18:45;0045;;0.00;0.00
Z202_31A_012023_MASSENA.CSV;;MC#01;TRANSACTION;FILE202;ZZ2;0057;2023-01-31;18:45;0046;;0.00;0.00
Z202_31A_012023_MASSENA.CSV;;MC#01;TRANSACTION;FILE202;ZZ2;0057;2023-01-31;18:45;0047;;0.00;0.00
Z202_31A_012023_MASSENA.CSV;;MC#01;TRANSACTION;FILE202;ZZ2;0057;2023-01-31;18:45;0048;;0.00;0.00
Z202_31A_012023_MASSENA.CSV;;MC#01;TRANSACTION;FILE202;ZZ2;0057;2023-01-31;18:45;0049;;0.00;0.00
Z202_31A_012023_MASSENA.CSV;;MC#01;TRANSACTION;FILE202;ZZ2;0057;2023-01-31;18:45;0050;;0.00;0.00
