nomfichier|E_MODELE|E_MACHINE|E_RAPPORT|E_FICHIER|E_MODE|E_COMPTEUR_Z|E_DATE|E_HEURE|D_ENREGISTREMENT|D_DESIGNATION|D_QUANTITE|D_MONTANT
Z101_01_052024_MASSENA.CSV||MC#01|FONC FIXES|FILE101|ZZ1|0077|2024-06-01|16:16|0001|CA BRUT|65|19200.20
Z101_01_052024_MASSENA.CSV||MC#01|FONC FIXES|FILE101|ZZ1|0077|2024-06-01|16:16|0002|CA NET|28|19200.20
Z101_01_052024_MASSENA.CSV||MC#01|FONC FIXES|FILE101|ZZ1|0077|2024-06-01|16:16|0003|ESP.TIROIR|0|8967.90
Z101_01_052024_MASSENA.CSV||MC#01|FONC FIXES|FILE101|ZZ1|0077|2024-06-01|16:16|0004|CB.TIROIR|0|10232.30
Z101_01_052024_MASSENA.CSV||MC#01|FONC FIXES|FILE101|ZZ1|0077|2024-06-01|16:16|0005|CHQ.TIROIR|0|0.00
Z101_01_052024_MASSENA.CSV||MC#01|FONC FIXES|FILE101|ZZ1|0077|2024-06-01|16:16|0006|CR.TIROIR(1)|0|0.00
Z101_01_052024_MASSENA.CSV||MC#01|FONC FIXES|FILE101|ZZ1|0077|2024-06-01|16:16|0007|CR.TIROIR(2)|0|0.00
Z101_01_052024_MASSENA.CSV||MC#01|FONC FIXES|FILE101|ZZ1|0077|2024-06-01|16:16|0008|CR.TIROIR(3)|0|0.00
Z101_01_052024_MASSENA.CSV||MC#01|FONC FIXES|FILE101|ZZ1|0077|2024-06-01|16:16|0009|CR.TIROIR(4)|0|0.00
Z101_01_052024_MASSENA.CSV||MC#01|FONC FIXES|FILE101|ZZ1|0077|2024-06-01|16:16|0010|ESP.TIROIR2|0|0.00
Z101_01_052024_MASSENA.CSV||MC#01|FONC FIXES|FILE101|ZZ1|0077|2024-06-01|16:16|0011|CB.TIROIR2|0|0.00
Z101_01_052024_MASSENA.CSV||MC#01|FONC FIXES|FILE101|ZZ1|0077|2024-06-01|16:16|0012|CHQ.TIROIR2|0|0.00
Z101_01_052024_MASSENA.CSV||MC#01|FONC FIXES|FILE101|ZZ1|0077|2024-06-01|16:16|0013|CR.TIROI2(1)|0|0.00
Z101_01_052024_MASSENA.CSV||MC#01|FONC FIXES|FILE101|ZZ1|0077|2024-06-01|16:16|0014|CR.TIROI2(2)|0|0.00
Z101_01_052024_MASSENA.CSV||MC#01|FONC FIXES|FILE101|ZZ1|0077|2024-06-01|16:16|0015|CR.TIROI2(3)|0|0.00
Z101_01_052024_MASSENA.CSV||MC#01|FONC FIXES|FILE101|ZZ1|0077|2024-06-01|16:16|0016|CR.TIROI2(4)|0|0.00
Z101_01_052024_MASSENA.CSV||MC#01|FONC FIXES|FILE101|ZZ1|0077|2024-06-01|16:16|0017|RETOUR CLE|0|0.00
Z101_01_052024_MASSENA.CSV||MC#01|FONC FIXES|FILE101|ZZ1|0077|2024-06-01|16:16|0018|CLIENTS|28|0.00
Z101_01_052024_MASSENA.CSV||MC#01|FONC FIXES|FILE101|ZZ1|0077|2024-06-01|16:16|0019|PANIER MOYEN|0|0.00
Z101_01_052024_MASSENA.CSV||MC#01|FONC FIXES|FILE101|ZZ1|0077|2024-06-01|16:16|0020|COMMISSION 1|0|0.00
Z101_01_052024_MASSENA.CSV||MC#01|FONC FIXES|FILE101|ZZ1|0077|2024-06-01|16:16|0021|COMMISSION 2|0|0.00
Z101_01_052024_MASSENA.CSV||MC#01|FONC FIXES|FILE101|ZZ1|0077|2024-06-01|16:16|0022|CHANGE ESP 1|0|0.00
Z101_01_052024_MASSENA.CSV||MC#01|FONC FIXES|FILE101|ZZ1|0077|2024-06-01|16:16|0023|CHANGE CHEQ1|0|0.00
Z101_01_052024_MASSENA.CSV||MC#01|FONC FIXES|FILE101|ZZ1|0077|2024-06-01|16:16|0024|CHANGE ESP 2|0|0.00
Z101_01_052024_MASSENA.CSV||MC#01|FONC FIXES|FILE101|ZZ1|0077|2024-06-01|16:16|0025|CHANGE CHEQ2|0|0.00
Z101_01_052024_MASSENA.CSV||MC#01|FONC FIXES|FILE101|ZZ1|0077|2024-06-01|16:16|0026|TOTAL REMISE|0|0.00
Z101_01_052024_MASSENA.CSV||MC#01|FONC FIXES|FILE101|ZZ1|0077|2024-06-01|16:16|0027||0|0.00
Z101_01_052024_MASSENA.CSV||MC#01|FONC FIXES|FILE101|ZZ1|0077|2024-06-01|16:16|0028|RETOUR+ANNUL|0|0.00
Z101_01_052024_MASSENA.CSV||MC#01|FONC FIXES|FILE101|ZZ1|0077|2024-06-01|16:16|0029|TL ARRONDI|0|0.00
Z101_01_052024_MASSENA.CSV||MC#01|FONC FIXES|FILE101|ZZ1|0077|2024-06-01|16:16|0030|TL ARRONDI|0|0.00
Z101_01_052024_MASSENA.CSV||MC#01|FONC FIXES|FILE101|ZZ1|0077|2024-06-01|16:16|0031|NUL TICKET|0|0.00
Z101_01_052024_MASSENA.CSV||MC#01|FONC FIXES|FILE101|ZZ1|0077|2024-06-01|16:16|0032||0|0.00
Z101_01_052024_MASSENA.CSV||MC#01|FONC FIXES|FILE101|ZZ1|0077|2024-06-01|16:16|0033|HORS TAXE 1|0|16000.12
Z101_01_052024_MASSENA.CSV||MC#01|FONC FIXES|FILE101|ZZ1|0077|2024-06-01|16:16|0034|TVA 1|0|3200.08
Z101_01_052024_MASSENA.CSV||MC#01|FONC FIXES|FILE101|ZZ1|0077|2024-06-01|16:16|0035|HORS TAXE 2|0|0.00
Z101_01_052024_MASSENA.CSV||MC#01|FONC FIXES|FILE101|ZZ1|0077|2024-06-01|16:16|0036|TVA 2|0|0.00
Z101_01_052024_MASSENA.CSV||MC#01|FONC FIXES|FILE101|ZZ1|0077|2024-06-01|16:16|0037|HORS TAXE 3|0|0.00
Z101_01_052024_MASSENA.CSV||MC#01|FONC FIXES|FILE101|ZZ1|0077|2024-06-01|16:16|0038|TVA 3|0|0.00
Z101_01_052024_MASSENA.CSV||MC#01|FONC FIXES|FILE101|ZZ1|0077|2024-06-01|16:16|0039|HORS TAXE 4|0|0.00
Z101_01_052024_MASSENA.CSV||MC#01|FONC FIXES|FILE101|ZZ1|0077|2024-06-01|16:16|0040|TVA 4|0|0.00
Z101_01_052024_MASSENA.CSV||MC#01|FONC FIXES|FILE101|ZZ1|0077|2024-06-01|16:16|0041|NON TAXABLE|0|0.00
Z101_01_062024_MASSENA.CSV||MC#01|FONC FIXES|FILE101|ZZ1|0078|2024-07-01|11:33|0001|CA BRUT|110|33677.90
Z101_01_062024_MASSENA.CSV||MC#01|FONC FIXES|FILE101|ZZ1|0078|2024-07-01|11:33|0002|CA NET|47|33677.90
Z101_01_062024_MASSENA.CSV||MC#01|FONC FIXES|FILE101|ZZ1|0078|2024-07-01|11:33|0003|ESP.TIROIR|0|18295.90
Z101_01_062024_MASSENA.CSV||MC#01|FONC FIXES|FILE101|ZZ1|0078|2024-07-01|11:33|0004|CB.TIROIR|0|15382.00
Z101_01_062024_MASSENA.CSV||MC#01|FONC FIXES|FILE101|ZZ1|0078|2024-07-01|11:33|0005|CHQ.TIROIR|0|0.00
Z101_01_062024_MASSENA.CSV||MC#01|FONC FIXES|FILE101|ZZ1|0078|2024-07-01|11:33|0006|CR.TIROIR(1)|0|0.00
Z101_01_062024_MASSENA.CSV||MC#01|FONC FIXES|FILE101|ZZ1|0078|2024-07-01|11:33|0007|CR.TIROIR(2)|0|0.00
Z101_01_062024_MASSENA.CSV||MC#01|FONC FIXES|FILE101|ZZ1|0078|2024-07-01|11:33|0008|CR.TIROIR(3)|0|0.00
Z101_01_062024_MASSENA.CSV||MC#01|FONC FIXES|FILE101|ZZ1|0078|2024-07-01|11:33|0009|CR.TIROIR(4)|0|0.00
Z101_01_062024_MASSENA.CSV||MC#01|FONC FIXES|FILE101|ZZ1|0078|2024-07-01|11:33|0010|ESP.TIROIR2|0|0.00
Z101_01_062024_MASSENA.CSV||MC#01|FONC FIXES|FILE101|ZZ1|0078|2024-07-01|11:33|0011|CB.TIROIR2|0|0.00
Z101_01_062024_MASSENA.CSV||MC#01|FONC FIXES|FILE101|ZZ1|0078|2024-07-01|11:33|0012|CHQ.TIROIR2|0|0.00
Z101_01_062024_MASSENA.CSV||MC#01|FONC FIXES|FILE101|ZZ1|0078|2024-07-01|11:33|0013|CR.TIROI2(1)|0|0.00
Z101_01_062024_MASSENA.CSV||MC#01|FONC FIXES|FILE101|ZZ1|0078|2024-07-01|11:33|0014|CR.TIROI2(2)|0|0.00
Z101_01_062024_MASSENA.CSV||MC#01|FONC FIXES|FILE101|ZZ1|0078|2024-07-01|11:33|0015|CR.TIROI2(3)|0|0.00
Z101_01_062024_MASSENA.CSV||MC#01|FONC FIXES|FILE101|ZZ1|0078|2024-07-01|11:33|0016|CR.TIROI2(4)|0|0.00
Z101_01_062024_MASSENA.CSV||MC#01|FONC FIXES|FILE101|ZZ1|0078|2024-07-01|11:33|0017|RETOUR CLE|0|0.00
Z101_01_062024_MASSENA.CSV||MC#01|FONC FIXES|FILE101|ZZ1|0078|2024-07-01|11:33|0018|CLIENTS|47|0.00
Z101_01_062024_MASSENA.CSV||MC#01|FONC FIXES|FILE101|ZZ1|0078|2024-07-01|11:33|0019|PANIER MOYEN|0|0.00
Z101_01_062024_MASSENA.CSV||MC#01|FONC FIXES|FILE101|ZZ1|0078|2024-07-01|11:33|0020|COMMISSION 1|0|0.00
Z101_01_062024_MASSENA.CSV||MC#01|FONC FIXES|FILE101|ZZ1|0078|2024-07-01|11:33|0021|COMMISSION 2|0|0.00
Z101_01_062024_MASSENA.CSV||MC#01|FONC FIXES|FILE101|ZZ1|0078|2024-07-01|11:33|0022|CHANGE ESP 1|0|0.00
Z101_01_062024_MASSENA.CSV||MC#01|FONC FIXES|FILE101|ZZ1|0078|2024-07-01|11:33|0023|CHANGE CHEQ1|0|0.00
Z101_01_062024_MASSENA.CSV||MC#01|FONC FIXES|FILE101|ZZ1|0078|2024-07-01|11:33|0024|CHANGE ESP 2|0|0.00
Z101_01_062024_MASSENA.CSV||MC#01|FONC FIXES|FILE101|ZZ1|0078|2024-07-01|11:33|0025|CHANGE CHEQ2|0|0.00
Z101_01_062024_MASSENA.CSV||MC#01|FONC FIXES|FILE101|ZZ1|0078|2024-07-01|11:33|0026|TOTAL REMISE|0|0.00
Z101_01_062024_MASSENA.CSV||MC#01|FONC FIXES|FILE101|ZZ1|0078|2024-07-01|11:33|0027||0|0.00
Z101_01_062024_MASSENA.CSV||MC#01|FONC FIXES|FILE101|ZZ1|0078|2024-07-01|11:33|0028|RETOUR+ANNUL|0|0.00
Z101_01_062024_MASSENA.CSV||MC#01|FONC FIXES|FILE101|ZZ1|0078|2024-07-01|11:33|0029|TL ARRONDI|0|0.00
Z101_01_062024_MASSENA.CSV||MC#01|FONC FIXES|FILE101|ZZ1|0078|2024-07-01|11:33|0030|TL ARRONDI|0|0.00
Z101_01_062024_MASSENA.CSV||MC#01|FONC FIXES|FILE101|ZZ1|0078|2024-07-01|11:33|0031|NUL TICKET|0|0.00
Z101_01_062024_MASSENA.CSV||MC#01|FONC FIXES|FILE101|ZZ1|0078|2024-07-01|11:33|0032||0|0.00
Z101_01_062024_MASSENA.CSV||MC#01|FONC FIXES|FILE101|ZZ1|0078|2024-07-01|11:33|0033|HORS TAXE 1|0|28064.87
Z101_01_062024_MASSENA.CSV||MC#01|FONC FIXES|FILE101|ZZ1|0078|2024-07-01|11:33|0034|TVA 1|0|5613.03
Z101_01_062024_MASSENA.CSV||MC#01|FONC FIXES|FILE101|ZZ1|0078|2024-07-01|11:33|0035|HORS TAXE 2|0|0.00
Z101_01_062024_MASSENA.CSV||MC#01|FONC FIXES|FILE101|ZZ1|0078|2024-07-01|11:33|0036|TVA 2|0|0.00
Z101_01_062024_MASSENA.CSV||MC#01|FONC FIXES|FILE101|ZZ1|0078|2024-07-01|11:33|0037|HORS TAXE 3|0|0.00
Z101_01_062024_MASSENA.CSV||MC#01|FONC FIXES|FILE101|ZZ1|0078|2024-07-01|11:33|0038|TVA 3|0|0.00
Z101_01_062024_MASSENA.CSV||MC#01|FONC FIXES|FILE101|ZZ1|0078|2024-07-01|11:33|0039|HORS TAXE 4|0|0.00
Z101_01_062024_MASSENA.CSV||MC#01|FONC FIXES|FILE101|ZZ1|0078|2024-07-01|11:33|0040|TVA 4|0|0.00
Z101_01_062024_MASSENA.CSV||MC#01|FONC FIXES|FILE101|ZZ1|0078|2024-07-01|11:33|0041|NON TAXABLE|0|0.00
Z101_01_092024_MASSENA.CSV||MC#01|FONC FIXES|FILE101|ZZ1|0081|2024-10-01|15:45|0001|CA BRUT|29|13449.90
Z101_01_092024_MASSENA.CSV||MC#01|FONC FIXES|FILE101|ZZ1|0081|2024-10-01|15:45|0002|CA NET|25|13449.90
Z101_01_092024_MASSENA.CSV||MC#01|FONC FIXES|FILE101|ZZ1|0081|2024-10-01|15:45|0003|ESP.TIROIR|0|12235.90
Z101_01_092024_MASSENA.CSV||MC#01|FONC FIXES|FILE101|ZZ1|0081|2024-10-01|15:45|0004|CB.TIROIR|0|1214.00
Z101_01_092024_MASSENA.CSV||MC#01|FONC FIXES|FILE101|ZZ1|0081|2024-10-01|15:45|0005|CHQ.TIROIR|0|0.00
Z101_01_092024_MASSENA.CSV||MC#01|FONC FIXES|FILE101|ZZ1|0081|2024-10-01|15:45|0006|CR.TIROIR(1)|0|0.00
Z101_01_092024_MASSENA.CSV||MC#01|FONC FIXES|FILE101|ZZ1|0081|2024-10-01|15:45|0007|CR.TIROIR(2)|0|0.00
Z101_01_092024_MASSENA.CSV||MC#01|FONC FIXES|FILE101|ZZ1|0081|2024-10-01|15:45|0008|CR.TIROIR(3)|0|0.00
Z101_01_092024_MASSENA.CSV||MC#01|FONC FIXES|FILE101|ZZ1|0081|2024-10-01|15:45|0009|CR.TIROIR(4)|0|0.00
Z101_01_092024_MASSENA.CSV||MC#01|FONC FIXES|FILE101|ZZ1|0081|2024-10-01|15:45|0010|ESP.TIROIR2|0|0.00
Z101_01_092024_MASSENA.CSV||MC#01|FONC FIXES|FILE101|ZZ1|0081|2024-10-01|15:45|0011|CB.TIROIR2|0|0.00
Z101_01_092024_MASSENA.CSV||MC#01|FONC FIXES|FILE101|ZZ1|0081|2024-10-01|15:45|0012|CHQ.TIROIR2|0|0.00
Z101_01_092024_MASSENA.CSV||MC#01|FONC FIXES|FILE101|ZZ1|0081|2024-10-01|15:45|0013|CR.TIROI2(1)|0|0.00
Z101_01_092024_MASSENA.CSV||MC#01|FONC FIXES|FILE101|ZZ1|0081|2024-10-01|15:45|0014|CR.TIROI2(2)|0|0.00
Z101_01_092024_MASSENA.CSV||MC#01|FONC FIXES|FILE101|ZZ1|0081|2024-10-01|15:45|0015|CR.TIROI2(3)|0|0.00
Z101_01_092024_MASSENA.CSV||MC#01|FONC FIXES|FILE101|ZZ1|0081|2024-10-01|15:45|0016|CR.TIROI2(4)|0|0.00
Z101_01_092024_MASSENA.CSV||MC#01|FONC FIXES|FILE101|ZZ1|0081|2024-10-01|15:45|0017|RETOUR CLE|0|0.00
Z101_01_092024_MASSENA.CSV||MC#01|FONC FIXES|FILE101|ZZ1|0081|2024-10-01|15:45|0018|CLIENTS|25|0.00
Z101_01_092024_MASSENA.CSV||MC#01|FONC FIXES|FILE101|ZZ1|0081|2024-10-01|15:45|0019|PANIER MOYEN|0|0.00
Z101_01_092024_MASSENA.CSV||MC#01|FONC FIXES|FILE101|ZZ1|0081|2024-10-01|15:45|0020|COMMISSION 1|0|0.00
Z101_01_092024_MASSENA.CSV||MC#01|FONC FIXES|FILE101|ZZ1|0081|2024-10-01|15:45|0021|COMMISSION 2|0|0.00
Z101_01_092024_MASSENA.CSV||MC#01|FONC FIXES|FILE101|ZZ1|0081|2024-10-01|15:45|0022|CHANGE ESP 1|0|0.00
Z101_01_092024_MASSENA.CSV||MC#01|FONC FIXES|FILE101|ZZ1|0081|2024-10-01|15:45|0023|CHANGE CHEQ1|0|0.00
Z101_01_092024_MASSENA.CSV||MC#01|FONC FIXES|FILE101|ZZ1|0081|2024-10-01|15:45|0024|CHANGE ESP 2|0|0.00
Z101_01_092024_MASSENA.CSV||MC#01|FONC FIXES|FILE101|ZZ1|0081|2024-10-01|15:45|0025|CHANGE CHEQ2|0|0.00
Z101_01_092024_MASSENA.CSV||MC#01|FONC FIXES|FILE101|ZZ1|0081|2024-10-01|15:45|0026|TOTAL REMISE|0|0.00
Z101_01_092024_MASSENA.CSV||MC#01|FONC FIXES|FILE101|ZZ1|0081|2024-10-01|15:45|0027||0|0.00
Z101_01_092024_MASSENA.CSV||MC#01|FONC FIXES|FILE101|ZZ1|0081|2024-10-01|15:45|0028|RETOUR+ANNUL|0|0.00
Z101_01_092024_MASSENA.CSV||MC#01|FONC FIXES|FILE101|ZZ1|0081|2024-10-01|15:45|0029|TL ARRONDI|0|0.00
Z101_01_092024_MASSENA.CSV||MC#01|FONC FIXES|FILE101|ZZ1|0081|2024-10-01|15:45|0030|TL ARRONDI|0|0.00
Z101_01_092024_MASSENA.CSV||MC#01|FONC FIXES|FILE101|ZZ1|0081|2024-10-01|15:45|0031|NUL TICKET|0|0.00
Z101_01_092024_MASSENA.CSV||MC#01|FONC FIXES|FILE101|ZZ1|0081|2024-10-01|15:45|0032||0|0.00
Z101_01_092024_MASSENA.CSV||MC#01|FONC FIXES|FILE101|ZZ1|0081|2024-10-01|15:45|0033|HORS TAXE 1|0|11208.22
Z101_01_092024_MASSENA.CSV||MC#01|FONC FIXES|FILE101|ZZ1|0081|2024-10-01|15:45|0034|TVA 1|0|2241.68
Z101_01_092024_MASSENA.CSV||MC#01|FONC FIXES|FILE101|ZZ1|0081|2024-10-01|15:45|0035|HORS TAXE 2|0|0.00
Z101_01_092024_MASSENA.CSV||MC#01|FONC FIXES|FILE101|ZZ1|0081|2024-10-01|15:45|0036|TVA 2|0|0.00
Z101_01_092024_MASSENA.CSV||MC#01|FONC FIXES|FILE101|ZZ1|0081|2024-10-01|15:45|0037|HORS TAXE 3|0|0.00
Z101_01_092024_MASSENA.CSV||MC#01|FONC FIXES|FILE101|ZZ1|0081|2024-10-01|15:45|0038|TVA 3|0|0.00
Z101_01_092024_MASSENA.CSV||MC#01|FONC FIXES|FILE101|ZZ1|0081|2024-10-01|15:45|0039|HORS TAXE 4|0|0.00
Z101_01_092024_MASSENA.CSV||MC#01|FONC FIXES|FILE101|ZZ1|0081|2024-10-01|15:45|0040|TVA 4|0|0.00
Z101_01_092024_MASSENA.CSV||MC#01|FONC FIXES|FILE101|ZZ1|0081|2024-10-01|15:45|0041|NON TAXABLE|0|0.00
Z101_02_012024_MASSENA.CSV||MC#01|FONC FIXES|FILE101|ZZ1|0073|2024-02-02|10:45|0001|CA BRUT|34|11548.00
Z101_02_012024_MASSENA.CSV||MC#01|FONC FIXES|FILE101|ZZ1|0073|2024-02-02|10:45|0002|CA NET|21|11548.00
Z101_02_012024_MASSENA.CSV||MC#01|FONC FIXES|FILE101|ZZ1|0073|2024-02-02|10:45|0003|ESP.TIROIR|0|9224.00
Z101_02_012024_MASSENA.CSV||MC#01|FONC FIXES|FILE101|ZZ1|0073|2024-02-02|10:45|0004|CB.TIROIR|0|2324.00
Z101_02_012024_MASSENA.CSV||MC#01|FONC FIXES|FILE101|ZZ1|0073|2024-02-02|10:45|0005|CHQ.TIROIR|0|0.00
Z101_02_012024_MASSENA.CSV||MC#01|FONC FIXES|FILE101|ZZ1|0073|2024-02-02|10:45|0006|CR.TIROIR(1)|0|0.00
Z101_02_012024_MASSENA.CSV||MC#01|FONC FIXES|FILE101|ZZ1|0073|2024-02-02|10:45|0007|CR.TIROIR(2)|0|0.00
Z101_02_012024_MASSENA.CSV||MC#01|FONC FIXES|FILE101|ZZ1|0073|2024-02-02|10:45|0008|CR.TIROIR(3)|0|0.00
Z101_02_012024_MASSENA.CSV||MC#01|FONC FIXES|FILE101|ZZ1|0073|2024-02-02|10:45|0009|CR.TIROIR(4)|0|0.00
Z101_02_012024_MASSENA.CSV||MC#01|FONC FIXES|FILE101|ZZ1|0073|2024-02-02|10:45|0010|ESP.TIROIR2|0|0.00
Z101_02_012024_MASSENA.CSV||MC#01|FONC FIXES|FILE101|ZZ1|0073|2024-02-02|10:45|0011|CB.TIROIR2|0|0.00
Z101_02_012024_MASSENA.CSV||MC#01|FONC FIXES|FILE101|ZZ1|0073|2024-02-02|10:45|0012|CHQ.TIROIR2|0|0.00
Z101_02_012024_MASSENA.CSV||MC#01|FONC FIXES|FILE101|ZZ1|0073|2024-02-02|10:45|0013|CR.TIROI2(1)|0|0.00
Z101_02_012024_MASSENA.CSV||MC#01|FONC FIXES|FILE101|ZZ1|0073|2024-02-02|10:45|0014|CR.TIROI2(2)|0|0.00
Z101_02_012024_MASSENA.CSV||MC#01|FONC FIXES|FILE101|ZZ1|0073|2024-02-02|10:45|0015|CR.TIROI2(3)|0|0.00
Z101_02_012024_MASSENA.CSV||MC#01|FONC FIXES|FILE101|ZZ1|0073|2024-02-02|10:45|0016|CR.TIROI2(4)|0|0.00
Z101_02_012024_MASSENA.CSV||MC#01|FONC FIXES|FILE101|ZZ1|0073|2024-02-02|10:45|0017|RETOUR CLE|0|0.00
Z101_02_012024_MASSENA.CSV||MC#01|FONC FIXES|FILE101|ZZ1|0073|2024-02-02|10:45|0018|CLIENTS|21|0.00
Z101_02_012024_MASSENA.CSV||MC#01|FONC FIXES|FILE101|ZZ1|0073|2024-02-02|10:45|0019|PANIER MOYEN|0|0.00
Z101_02_012024_MASSENA.CSV||MC#01|FONC FIXES|FILE101|ZZ1|0073|2024-02-02|10:45|0020|COMMISSION 1|0|0.00
Z101_02_012024_MASSENA.CSV||MC#01|FONC FIXES|FILE101|ZZ1|0073|2024-02-02|10:45|0021|COMMISSION 2|0|0.00
Z101_02_012024_MASSENA.CSV||MC#01|FONC FIXES|FILE101|ZZ1|0073|2024-02-02|10:45|0022|CHANGE ESP 1|0|0.00
Z101_02_012024_MASSENA.CSV||MC#01|FONC FIXES|FILE101|ZZ1|0073|2024-02-02|10:45|0023|CHANGE CHEQ1|0|0.00
Z101_02_012024_MASSENA.CSV||MC#01|FONC FIXES|FILE101|ZZ1|0073|2024-02-02|10:45|0024|CHANGE ESP 2|0|0.00
Z101_02_012024_MASSENA.CSV||MC#01|FONC FIXES|FILE101|ZZ1|0073|2024-02-02|10:45|0025|CHANGE CHEQ2|0|0.00
Z101_02_012024_MASSENA.CSV||MC#01|FONC FIXES|FILE101|ZZ1|0073|2024-02-02|10:45|0026|TOTAL REMISE|0|0.00
Z101_02_012024_MASSENA.CSV||MC#01|FONC FIXES|FILE101|ZZ1|0073|2024-02-02|10:45|0027||0|0.00
Z101_02_012024_MASSENA.CSV||MC#01|FONC FIXES|FILE101|ZZ1|0073|2024-02-02|10:45|0028|RETOUR+ANNUL|0|0.00
Z101_02_012024_MASSENA.CSV||MC#01|FONC FIXES|FILE101|ZZ1|0073|2024-02-02|10:45|0029|TL ARRONDI|0|0.00
Z101_02_012024_MASSENA.CSV||MC#01|FONC FIXES|FILE101|ZZ1|0073|2024-02-02|10:45|0030|TL ARRONDI|0|0.00
Z101_02_012024_MASSENA.CSV||MC#01|FONC FIXES|FILE101|ZZ1|0073|2024-02-02|10:45|0031|NUL TICKET|0|0.00
Z101_02_012024_MASSENA.CSV||MC#01|FONC FIXES|FILE101|ZZ1|0073|2024-02-02|10:45|0032||0|0.00
Z101_02_012024_MASSENA.CSV||MC#01|FONC FIXES|FILE101|ZZ1|0073|2024-02-02|10:45|0033|HORS TAXE 1|0|9623.34
Z101_02_012024_MASSENA.CSV||MC#01|FONC FIXES|FILE101|ZZ1|0073|2024-02-02|10:45|0034|TVA 1|0|1924.66
Z101_02_012024_MASSENA.CSV||MC#01|FONC FIXES|FILE101|ZZ1|0073|2024-02-02|10:45|0035|HORS TAXE 2|0|0.00
Z101_02_012024_MASSENA.CSV||MC#01|FONC FIXES|FILE101|ZZ1|0073|2024-02-02|10:45|0036|TVA 2|0|0.00
Z101_02_012024_MASSENA.CSV||MC#01|FONC FIXES|FILE101|ZZ1|0073|2024-02-02|10:45|0037|HORS TAXE 3|0|0.00
Z101_02_012024_MASSENA.CSV||MC#01|FONC FIXES|FILE101|ZZ1|0073|2024-02-02|10:45|0038|TVA 3|0|0.00
Z101_02_012024_MASSENA.CSV||MC#01|FONC FIXES|FILE101|ZZ1|0073|2024-02-02|10:45|0039|HORS TAXE 4|0|0.00
Z101_02_012024_MASSENA.CSV||MC#01|FONC FIXES|FILE101|ZZ1|0073|2024-02-02|10:45|0040|TVA 4|0|0.00
Z101_02_012024_MASSENA.CSV||MC#01|FONC FIXES|FILE101|ZZ1|0073|2024-02-02|10:45|0041|NON TAXABLE|0|0.00
Z101_02_022024_MASSENA.CSV||MC#01|FONC FIXES|FILE101|ZZ1|0074|2024-03-02|14:50|0001|CA BRUT|42|11994.00
Z101_02_022024_MASSENA.CSV||MC#01|FONC FIXES|FILE101|ZZ1|0074|2024-03-02|14:50|0002|CA NET|24|11994.00
Z101_02_022024_MASSENA.CSV||MC#01|FONC FIXES|FILE101|ZZ1|0074|2024-03-02|14:50|0003|ESP.TIROIR|0|7040.00
Z101_02_022024_MASSENA.CSV||MC#01|FONC FIXES|FILE101|ZZ1|0074|2024-03-02|14:50|0004|CB.TIROIR|0|4954.00
Z101_02_022024_MASSENA.CSV||MC#01|FONC FIXES|FILE101|ZZ1|0074|2024-03-02|14:50|0005|CHQ.TIROIR|0|0.00
Z101_02_022024_MASSENA.CSV||MC#01|FONC FIXES|FILE101|ZZ1|0074|2024-03-02|14:50|0006|CR.TIROIR(1)|0|0.00
Z101_02_022024_MASSENA.CSV||MC#01|FONC FIXES|FILE101|ZZ1|0074|2024-03-02|14:50|0007|CR.TIROIR(2)|0|0.00
Z101_02_022024_MASSENA.CSV||MC#01|FONC FIXES|FILE101|ZZ1|0074|2024-03-02|14:50|0008|CR.TIROIR(3)|0|0.00
Z101_02_022024_MASSENA.CSV||MC#01|FONC FIXES|FILE101|ZZ1|0074|2024-03-02|14:50|0009|CR.TIROIR(4)|0|0.00
Z101_02_022024_MASSENA.CSV||MC#01|FONC FIXES|FILE101|ZZ1|0074|2024-03-02|14:50|0010|ESP.TIROIR2|0|0.00
Z101_02_022024_MASSENA.CSV||MC#01|FONC FIXES|FILE101|ZZ1|0074|2024-03-02|14:50|0011|CB.TIROIR2|0|0.00
Z101_02_022024_MASSENA.CSV||MC#01|FONC FIXES|FILE101|ZZ1|0074|2024-03-02|14:50|0012|CHQ.TIROIR2|0|0.00
Z101_02_022024_MASSENA.CSV||MC#01|FONC FIXES|FILE101|ZZ1|0074|2024-03-02|14:50|0013|CR.TIROI2(1)|0|0.00
Z101_02_022024_MASSENA.CSV||MC#01|FONC FIXES|FILE101|ZZ1|0074|2024-03-02|14:50|0014|CR.TIROI2(2)|0|0.00
Z101_02_022024_MASSENA.CSV||MC#01|FONC FIXES|FILE101|ZZ1|0074|2024-03-02|14:50|0015|CR.TIROI2(3)|0|0.00
Z101_02_022024_MASSENA.CSV||MC#01|FONC FIXES|FILE101|ZZ1|0074|2024-03-02|14:50|0016|CR.TIROI2(4)|0|0.00
Z101_02_022024_MASSENA.CSV||MC#01|FONC FIXES|FILE101|ZZ1|0074|2024-03-02|14:50|0017|RETOUR CLE|0|0.00
Z101_02_022024_MASSENA.CSV||MC#01|FONC FIXES|FILE101|ZZ1|0074|2024-03-02|14:50|0018|CLIENTS|24|0.00
Z101_02_022024_MASSENA.CSV||MC#01|FONC FIXES|FILE101|ZZ1|0074|2024-03-02|14:50|0019|PANIER MOYEN|0|0.00
Z101_02_022024_MASSENA.CSV||MC#01|FONC FIXES|FILE101|ZZ1|0074|2024-03-02|14:50|0020|COMMISSION 1|0|0.00
Z101_02_022024_MASSENA.CSV||MC#01|FONC FIXES|FILE101|ZZ1|0074|2024-03-02|14:50|0021|COMMISSION 2|0|0.00
Z101_02_022024_MASSENA.CSV||MC#01|FONC FIXES|FILE101|ZZ1|0074|2024-03-02|14:50|0022|CHANGE ESP 1|0|0.00
Z101_02_022024_MASSENA.CSV||MC#01|FONC FIXES|FILE101|ZZ1|0074|2024-03-02|14:50|0023|CHANGE CHEQ1|0|0.00
Z101_02_022024_MASSENA.CSV||MC#01|FONC FIXES|FILE101|ZZ1|0074|2024-03-02|14:50|0024|CHANGE ESP 2|0|0.00
Z101_02_022024_MASSENA.CSV||MC#01|FONC FIXES|FILE101|ZZ1|0074|2024-03-02|14:50|0025|CHANGE CHEQ2|0|0.00
Z101_02_022024_MASSENA.CSV||MC#01|FONC FIXES|FILE101|ZZ1|0074|2024-03-02|14:50|0026|TOTAL REMISE|0|0.00
Z101_02_022024_MASSENA.CSV||MC#01|FONC FIXES|FILE101|ZZ1|0074|2024-03-02|14:50|0027||0|0.00
Z101_02_022024_MASSENA.CSV||MC#01|FONC FIXES|FILE101|ZZ1|0074|2024-03-02|14:50|0028|RETOUR+ANNUL|0|0.00
Z101_02_022024_MASSENA.CSV||MC#01|FONC FIXES|FILE101|ZZ1|0074|2024-03-02|14:50|0029|TL ARRONDI|0|0.00
Z101_02_022024_MASSENA.CSV||MC#01|FONC FIXES|FILE101|ZZ1|0074|2024-03-02|14:50|0030|TL ARRONDI|0|0.00
Z101_02_022024_MASSENA.CSV||MC#01|FONC FIXES|FILE101|ZZ1|0074|2024-03-02|14:50|0031|NUL TICKET|0|0.00
Z101_02_022024_MASSENA.CSV||MC#01|FONC FIXES|FILE101|ZZ1|0074|2024-03-02|14:50|0032||0|0.00
Z101_02_022024_MASSENA.CSV||MC#01|FONC FIXES|FILE101|ZZ1|0074|2024-03-02|14:50|0033|HORS TAXE 1|0|9994.99
Z101_02_022024_MASSENA.CSV||MC#01|FONC FIXES|FILE101|ZZ1|0074|2024-03-02|14:50|0034|TVA 1|0|1999.01
Z101_02_022024_MASSENA.CSV||MC#01|FONC FIXES|FILE101|ZZ1|0074|2024-03-02|14:50|0035|HORS TAXE 2|0|0.00
Z101_02_022024_MASSENA.CSV||MC#01|FONC FIXES|FILE101|ZZ1|0074|2024-03-02|14:50|0036|TVA 2|0|0.00
Z101_02_022024_MASSENA.CSV||MC#01|FONC FIXES|FILE101|ZZ1|0074|2024-03-02|14:50|0037|HORS TAXE 3|0|0.00
Z101_02_022024_MASSENA.CSV||MC#01|FONC FIXES|FILE101|ZZ1|0074|2024-03-02|14:50|0038|TVA 3|0|0.00
Z101_02_022024_MASSENA.CSV||MC#01|FONC FIXES|FILE101|ZZ1|0074|2024-03-02|14:50|0039|HORS TAXE 4|0|0.00
Z101_02_022024_MASSENA.CSV||MC#01|FONC FIXES|FILE101|ZZ1|0074|2024-03-02|14:50|0040|TVA 4|0|0.00
Z101_02_022024_MASSENA.CSV||MC#01|FONC FIXES|FILE101|ZZ1|0074|2024-03-02|14:50|0041|NON TAXABLE|0|0.00
Z101_02_032024_MASSENA.CSV||MC#01|FONC FIXES|FILE101|ZZ1|0075|2024-04-02|10:00|0001|CA BRUT|70|15311.10
Z101_02_032024_MASSENA.CSV||MC#01|FONC FIXES|FILE101|ZZ1|0075|2024-04-02|10:00|0002|CA NET|37|15311.10
Z101_02_032024_MASSENA.CSV||MC#01|FONC FIXES|FILE101|ZZ1|0075|2024-04-02|10:00|0003|ESP.TIROIR|0|14266.60
Z101_02_032024_MASSENA.CSV||MC#01|FONC FIXES|FILE101|ZZ1|0075|2024-04-02|10:00|0004|CB.TIROIR|0|1044.50
Z101_02_032024_MASSENA.CSV||MC#01|FONC FIXES|FILE101|ZZ1|0075|2024-04-02|10:00|0005|CHQ.TIROIR|0|0.00
Z101_02_032024_MASSENA.CSV||MC#01|FONC FIXES|FILE101|ZZ1|0075|2024-04-02|10:00|0006|CR.TIROIR(1)|0|0.00
Z101_02_032024_MASSENA.CSV||MC#01|FONC FIXES|FILE101|ZZ1|0075|2024-04-02|10:00|0007|CR.TIROIR(2)|0|0.00
Z101_02_032024_MASSENA.CSV||MC#01|FONC FIXES|FILE101|ZZ1|0075|2024-04-02|10:00|0008|CR.TIROIR(3)|0|0.00
Z101_02_032024_MASSENA.CSV||MC#01|FONC FIXES|FILE101|ZZ1|0075|2024-04-02|10:00|0009|CR.TIROIR(4)|0|0.00
Z101_02_032024_MASSENA.CSV||MC#01|FONC FIXES|FILE101|ZZ1|0075|2024-04-02|10:00|0010|ESP.TIROIR2|0|0.00
Z101_02_032024_MASSENA.CSV||MC#01|FONC FIXES|FILE101|ZZ1|0075|2024-04-02|10:00|0011|CB.TIROIR2|0|0.00
Z101_02_032024_MASSENA.CSV||MC#01|FONC FIXES|FILE101|ZZ1|0075|2024-04-02|10:00|0012|CHQ.TIROIR2|0|0.00
Z101_02_032024_MASSENA.CSV||MC#01|FONC FIXES|FILE101|ZZ1|0075|2024-04-02|10:00|0013|CR.TIROI2(1)|0|0.00
Z101_02_032024_MASSENA.CSV||MC#01|FONC FIXES|FILE101|ZZ1|0075|2024-04-02|10:00|0014|CR.TIROI2(2)|0|0.00
Z101_02_032024_MASSENA.CSV||MC#01|FONC FIXES|FILE101|ZZ1|0075|2024-04-02|10:00|0015|CR.TIROI2(3)|0|0.00
Z101_02_032024_MASSENA.CSV||MC#01|FONC FIXES|FILE101|ZZ1|0075|2024-04-02|10:00|0016|CR.TIROI2(4)|0|0.00
Z101_02_032024_MASSENA.CSV||MC#01|FONC FIXES|FILE101|ZZ1|0075|2024-04-02|10:00|0017|RETOUR CLE|0|0.00
Z101_02_032024_MASSENA.CSV||MC#01|FONC FIXES|FILE101|ZZ1|0075|2024-04-02|10:00|0018|CLIENTS|37|0.00
Z101_02_032024_MASSENA.CSV||MC#01|FONC FIXES|FILE101|ZZ1|0075|2024-04-02|10:00|0019|PANIER MOYEN|0|0.00
Z101_02_032024_MASSENA.CSV||MC#01|FONC FIXES|FILE101|ZZ1|0075|2024-04-02|10:00|0020|COMMISSION 1|0|0.00
Z101_02_032024_MASSENA.CSV||MC#01|FONC FIXES|FILE101|ZZ1|0075|2024-04-02|10:00|0021|COMMISSION 2|0|0.00
Z101_02_032024_MASSENA.CSV||MC#01|FONC FIXES|FILE101|ZZ1|0075|2024-04-02|10:00|0022|CHANGE ESP 1|0|0.00
Z101_02_032024_MASSENA.CSV||MC#01|FONC FIXES|FILE101|ZZ1|0075|2024-04-02|10:00|0023|CHANGE CHEQ1|0|0.00
Z101_02_032024_MASSENA.CSV||MC#01|FONC FIXES|FILE101|ZZ1|0075|2024-04-02|10:00|0024|CHANGE ESP 2|0|0.00
Z101_02_032024_MASSENA.CSV||MC#01|FONC FIXES|FILE101|ZZ1|0075|2024-04-02|10:00|0025|CHANGE CHEQ2|0|0.00
Z101_02_032024_MASSENA.CSV||MC#01|FONC FIXES|FILE101|ZZ1|0075|2024-04-02|10:00|0026|TOTAL REMISE|0|0.00
Z101_02_032024_MASSENA.CSV||MC#01|FONC FIXES|FILE101|ZZ1|0075|2024-04-02|10:00|0027||0|0.00
Z101_02_032024_MASSENA.CSV||MC#01|FONC FIXES|FILE101|ZZ1|0075|2024-04-02|10:00|0028|RETOUR+ANNUL|0|0.00
Z101_02_032024_MASSENA.CSV||MC#01|FONC FIXES|FILE101|ZZ1|0075|2024-04-02|10:00|0029|TL ARRONDI|0|0.00
Z101_02_032024_MASSENA.CSV||MC#01|FONC FIXES|FILE101|ZZ1|0075|2024-04-02|10:00|0030|TL ARRONDI|0|0.00
Z101_02_032024_MASSENA.CSV||MC#01|FONC FIXES|FILE101|ZZ1|0075|2024-04-02|10:00|0031|NUL TICKET|0|0.00
Z101_02_032024_MASSENA.CSV||MC#01|FONC FIXES|FILE101|ZZ1|0075|2024-04-02|10:00|0032||0|0.00
Z101_02_032024_MASSENA.CSV||MC#01|FONC FIXES|FILE101|ZZ1|0075|2024-04-02|10:00|0033|HORS TAXE 1|0|12759.21
Z101_02_032024_MASSENA.CSV||MC#01|FONC FIXES|FILE101|ZZ1|0075|2024-04-02|10:00|0034|TVA 1|0|2551.89
Z101_02_032024_MASSENA.CSV||MC#01|FONC FIXES|FILE101|ZZ1|0075|2024-04-02|10:00|0035|HORS TAXE 2|0|0.00
Z101_02_032024_MASSENA.CSV||MC#01|FONC FIXES|FILE101|ZZ1|0075|2024-04-02|10:00|0036|TVA 2|0|0.00
Z101_02_032024_MASSENA.CSV||MC#01|FONC FIXES|FILE101|ZZ1|0075|2024-04-02|10:00|0037|HORS TAXE 3|0|0.00
Z101_02_032024_MASSENA.CSV||MC#01|FONC FIXES|FILE101|ZZ1|0075|2024-04-02|10:00|0038|TVA 3|0|0.00
Z101_02_032024_MASSENA.CSV||MC#01|FONC FIXES|FILE101|ZZ1|0075|2024-04-02|10:00|0039|HORS TAXE 4|0|0.00
Z101_02_032024_MASSENA.CSV||MC#01|FONC FIXES|FILE101|ZZ1|0075|2024-04-02|10:00|0040|TVA 4|0|0.00
Z101_02_032024_MASSENA.CSV||MC#01|FONC FIXES|FILE101|ZZ1|0075|2024-04-02|10:00|0041|NON TAXABLE|0|0.00
Z101_02_082024_MASSENA.CSV||MC#01|FONC FIXES|FILE101|ZZ1|0080|2024-09-02|00:39|0001|CA BRUT|141|36499.20
Z101_02_082024_MASSENA.CSV||MC#01|FONC FIXES|FILE101|ZZ1|0080|2024-09-02|00:39|0002|CA NET|49|36499.20
Z101_02_082024_MASSENA.CSV||MC#01|FONC FIXES|FILE101|ZZ1|0080|2024-09-02|00:39|0003|ESP.TIROIR|0|24701.80
Z101_02_082024_MASSENA.CSV||MC#01|FONC FIXES|FILE101|ZZ1|0080|2024-09-02|00:39|0004|CB.TIROIR|0|11797.40
Z101_02_082024_MASSENA.CSV||MC#01|FONC FIXES|FILE101|ZZ1|0080|2024-09-02|00:39|0005|CHQ.TIROIR|0|0.00
Z101_02_082024_MASSENA.CSV||MC#01|FONC FIXES|FILE101|ZZ1|0080|2024-09-02|00:39|0006|CR.TIROIR(1)|0|0.00
Z101_02_082024_MASSENA.CSV||MC#01|FONC FIXES|FILE101|ZZ1|0080|2024-09-02|00:39|0007|CR.TIROIR(2)|0|0.00
Z101_02_082024_MASSENA.CSV||MC#01|FONC FIXES|FILE101|ZZ1|0080|2024-09-02|00:39|0008|CR.TIROIR(3)|0|0.00
Z101_02_082024_MASSENA.CSV||MC#01|FONC FIXES|FILE101|ZZ1|0080|2024-09-02|00:39|0009|CR.TIROIR(4)|0|0.00
Z101_02_082024_MASSENA.CSV||MC#01|FONC FIXES|FILE101|ZZ1|0080|2024-09-02|00:39|0010|ESP.TIROIR2|0|0.00
Z101_02_082024_MASSENA.CSV||MC#01|FONC FIXES|FILE101|ZZ1|0080|2024-09-02|00:39|0011|CB.TIROIR2|0|0.00
Z101_02_082024_MASSENA.CSV||MC#01|FONC FIXES|FILE101|ZZ1|0080|2024-09-02|00:39|0012|CHQ.TIROIR2|0|0.00
Z101_02_082024_MASSENA.CSV||MC#01|FONC FIXES|FILE101|ZZ1|0080|2024-09-02|00:39|0013|CR.TIROI2(1)|0|0.00
Z101_02_082024_MASSENA.CSV||MC#01|FONC FIXES|FILE101|ZZ1|0080|2024-09-02|00:39|0014|CR.TIROI2(2)|0|0.00
Z101_02_082024_MASSENA.CSV||MC#01|FONC FIXES|FILE101|ZZ1|0080|2024-09-02|00:39|0015|CR.TIROI2(3)|0|0.00
Z101_02_082024_MASSENA.CSV||MC#01|FONC FIXES|FILE101|ZZ1|0080|2024-09-02|00:39|0016|CR.TIROI2(4)|0|0.00
Z101_02_082024_MASSENA.CSV||MC#01|FONC FIXES|FILE101|ZZ1|0080|2024-09-02|00:39|0017|RETOUR CLE|0|0.00
Z101_02_082024_MASSENA.CSV||MC#01|FONC FIXES|FILE101|ZZ1|0080|2024-09-02|00:39|0018|CLIENTS|49|0.00
Z101_02_082024_MASSENA.CSV||MC#01|FONC FIXES|FILE101|ZZ1|0080|2024-09-02|00:39|0019|PANIER MOYEN|0|0.00
Z101_02_082024_MASSENA.CSV||MC#01|FONC FIXES|FILE101|ZZ1|0080|2024-09-02|00:39|0020|COMMISSION 1|0|0.00
Z101_02_082024_MASSENA.CSV||MC#01|FONC FIXES|FILE101|ZZ1|0080|2024-09-02|00:39|0021|COMMISSION 2|0|0.00
Z101_02_082024_MASSENA.CSV||MC#01|FONC FIXES|FILE101|ZZ1|0080|2024-09-02|00:39|0022|CHANGE ESP 1|0|0.00
Z101_02_082024_MASSENA.CSV||MC#01|FONC FIXES|FILE101|ZZ1|0080|2024-09-02|00:39|0023|CHANGE CHEQ1|0|0.00
Z101_02_082024_MASSENA.CSV||MC#01|FONC FIXES|FILE101|ZZ1|0080|2024-09-02|00:39|0024|CHANGE ESP 2|0|0.00
Z101_02_082024_MASSENA.CSV||MC#01|FONC FIXES|FILE101|ZZ1|0080|2024-09-02|00:39|0025|CHANGE CHEQ2|0|0.00
Z101_02_082024_MASSENA.CSV||MC#01|FONC FIXES|FILE101|ZZ1|0080|2024-09-02|00:39|0026|TOTAL REMISE|0|0.00
Z101_02_082024_MASSENA.CSV||MC#01|FONC FIXES|FILE101|ZZ1|0080|2024-09-02|00:39|0027||0|0.00
Z101_02_082024_MASSENA.CSV||MC#01|FONC FIXES|FILE101|ZZ1|0080|2024-09-02|00:39|0028|RETOUR+ANNUL|0|0.00
Z101_02_082024_MASSENA.CSV||MC#01|FONC FIXES|FILE101|ZZ1|0080|2024-09-02|00:39|0029|TL ARRONDI|0|0.00
Z101_02_082024_MASSENA.CSV||MC#01|FONC FIXES|FILE101|ZZ1|0080|2024-09-02|00:39|0030|TL ARRONDI|0|0.00
Z101_02_082024_MASSENA.CSV||MC#01|FONC FIXES|FILE101|ZZ1|0080|2024-09-02|00:39|0031|NUL TICKET|0|0.00
Z101_02_082024_MASSENA.CSV||MC#01|FONC FIXES|FILE101|ZZ1|0080|2024-09-02|00:39|0032||0|0.00
Z101_02_082024_MASSENA.CSV||MC#01|FONC FIXES|FILE101|ZZ1|0080|2024-09-02|00:39|0033|HORS TAXE 1|0|30415.96
Z101_02_082024_MASSENA.CSV||MC#01|FONC FIXES|FILE101|ZZ1|0080|2024-09-02|00:39|0034|TVA 1|0|6083.24
Z101_02_082024_MASSENA.CSV||MC#01|FONC FIXES|FILE101|ZZ1|0080|2024-09-02|00:39|0035|HORS TAXE 2|0|0.00
Z101_02_082024_MASSENA.CSV||MC#01|FONC FIXES|FILE101|ZZ1|0080|2024-09-02|00:39|0036|TVA 2|0|0.00
Z101_02_082024_MASSENA.CSV||MC#01|FONC FIXES|FILE101|ZZ1|0080|2024-09-02|00:39|0037|HORS TAXE 3|0|0.00
Z101_02_082024_MASSENA.CSV||MC#01|FONC FIXES|FILE101|ZZ1|0080|2024-09-02|00:39|0038|TVA 3|0|0.00
Z101_02_082024_MASSENA.CSV||MC#01|FONC FIXES|FILE101|ZZ1|0080|2024-09-02|00:39|0039|HORS TAXE 4|0|0.00
Z101_02_082024_MASSENA.CSV||MC#01|FONC FIXES|FILE101|ZZ1|0080|2024-09-02|00:39|0040|TVA 4|0|0.00
Z101_02_082024_MASSENA.CSV||MC#01|FONC FIXES|FILE101|ZZ1|0080|2024-09-02|00:39|0041|NON TAXABLE|0|0.00
Z101_02_122024_MASSENA.CSV||MC#01|FONC FIXES|FILE101|ZZ1|0084|2025-01-02|18:07|0001|CA BRUT|55|12993.60
Z101_02_122024_MASSENA.CSV||MC#01|FONC FIXES|FILE101|ZZ1|0084|2025-01-02|18:07|0002|CA NET|26|12993.60
Z101_02_122024_MASSENA.CSV||MC#01|FONC FIXES|FILE101|ZZ1|0084|2025-01-02|18:07|0003|ESP.TIROIR|0|11111.60
Z101_02_122024_MASSENA.CSV||MC#01|FONC FIXES|FILE101|ZZ1|0084|2025-01-02|18:07|0004|CB.TIROIR|0|1882.00
Z101_02_122024_MASSENA.CSV||MC#01|FONC FIXES|FILE101|ZZ1|0084|2025-01-02|18:07|0005|CHQ.TIROIR|0|0.00
Z101_02_122024_MASSENA.CSV||MC#01|FONC FIXES|FILE101|ZZ1|0084|2025-01-02|18:07|0006|CR.TIROIR(1)|0|0.00
Z101_02_122024_MASSENA.CSV||MC#01|FONC FIXES|FILE101|ZZ1|0084|2025-01-02|18:07|0007|CR.TIROIR(2)|0|0.00
Z101_02_122024_MASSENA.CSV||MC#01|FONC FIXES|FILE101|ZZ1|0084|2025-01-02|18:07|0008|CR.TIROIR(3)|0|0.00
Z101_02_122024_MASSENA.CSV||MC#01|FONC FIXES|FILE101|ZZ1|0084|2025-01-02|18:07|0009|CR.TIROIR(4)|0|0.00
Z101_02_122024_MASSENA.CSV||MC#01|FONC FIXES|FILE101|ZZ1|0084|2025-01-02|18:07|0010|ESP.TIROIR2|0|0.00
Z101_02_122024_MASSENA.CSV||MC#01|FONC FIXES|FILE101|ZZ1|0084|2025-01-02|18:07|0011|CB.TIROIR2|0|0.00
Z101_02_122024_MASSENA.CSV||MC#01|FONC FIXES|FILE101|ZZ1|0084|2025-01-02|18:07|0012|CHQ.TIROIR2|0|0.00
Z101_02_122024_MASSENA.CSV||MC#01|FONC FIXES|FILE101|ZZ1|0084|2025-01-02|18:07|0013|CR.TIROI2(1)|0|0.00
Z101_02_122024_MASSENA.CSV||MC#01|FONC FIXES|FILE101|ZZ1|0084|2025-01-02|18:07|0014|CR.TIROI2(2)|0|0.00
Z101_02_122024_MASSENA.CSV||MC#01|FONC FIXES|FILE101|ZZ1|0084|2025-01-02|18:07|0015|CR.TIROI2(3)|0|0.00
Z101_02_122024_MASSENA.CSV||MC#01|FONC FIXES|FILE101|ZZ1|0084|2025-01-02|18:07|0016|CR.TIROI2(4)|0|0.00
Z101_02_122024_MASSENA.CSV||MC#01|FONC FIXES|FILE101|ZZ1|0084|2025-01-02|18:07|0017|RETOUR CLE|0|0.00
Z101_02_122024_MASSENA.CSV||MC#01|FONC FIXES|FILE101|ZZ1|0084|2025-01-02|18:07|0018|CLIENTS|26|0.00
Z101_02_122024_MASSENA.CSV||MC#01|FONC FIXES|FILE101|ZZ1|0084|2025-01-02|18:07|0019|PANIER MOYEN|0|0.00
Z101_02_122024_MASSENA.CSV||MC#01|FONC FIXES|FILE101|ZZ1|0084|2025-01-02|18:07|0020|COMMISSION 1|0|0.00
Z101_02_122024_MASSENA.CSV||MC#01|FONC FIXES|FILE101|ZZ1|0084|2025-01-02|18:07|0021|COMMISSION 2|0|0.00
Z101_02_122024_MASSENA.CSV||MC#01|FONC FIXES|FILE101|ZZ1|0084|2025-01-02|18:07|0022|CHANGE ESP 1|0|0.00
Z101_02_122024_MASSENA.CSV||MC#01|FONC FIXES|FILE101|ZZ1|0084|2025-01-02|18:07|0023|CHANGE CHEQ1|0|0.00
Z101_02_122024_MASSENA.CSV||MC#01|FONC FIXES|FILE101|ZZ1|0084|2025-01-02|18:07|0024|CHANGE ESP 2|0|0.00
Z101_02_122024_MASSENA.CSV||MC#01|FONC FIXES|FILE101|ZZ1|0084|2025-01-02|18:07|0025|CHANGE CHEQ2|0|0.00
Z101_02_122024_MASSENA.CSV||MC#01|FONC FIXES|FILE101|ZZ1|0084|2025-01-02|18:07|0026|TOTAL REMISE|0|0.00
Z101_02_122024_MASSENA.CSV||MC#01|FONC FIXES|FILE101|ZZ1|0084|2025-01-02|18:07|0027||0|0.00
Z101_02_122024_MASSENA.CSV||MC#01|FONC FIXES|FILE101|ZZ1|0084|2025-01-02|18:07|0028|RETOUR+ANNUL|0|0.00
Z101_02_122024_MASSENA.CSV||MC#01|FONC FIXES|FILE101|ZZ1|0084|2025-01-02|18:07|0029|TL ARRONDI|0|0.00
Z101_02_122024_MASSENA.CSV||MC#01|FONC FIXES|FILE101|ZZ1|0084|2025-01-02|18:07|0030|TL ARRONDI|0|0.00
Z101_02_122024_MASSENA.CSV||MC#01|FONC FIXES|FILE101|ZZ1|0084|2025-01-02|18:07|0031|NUL TICKET|0|0.00
Z101_02_122024_MASSENA.CSV||MC#01|FONC FIXES|FILE101|ZZ1|0084|2025-01-02|18:07|0032||0|0.00
Z101_02_122024_MASSENA.CSV||MC#01|FONC FIXES|FILE101|ZZ1|0084|2025-01-02|18:07|0033|HORS TAXE 1|0|10827.95
Z101_02_122024_MASSENA.CSV||MC#01|FONC FIXES|FILE101|ZZ1|0084|2025-01-02|18:07|0034|TVA 1|0|2165.65
Z101_02_122024_MASSENA.CSV||MC#01|FONC FIXES|FILE101|ZZ1|0084|2025-01-02|18:07|0035|HORS TAXE 2|0|0.00
Z101_02_122024_MASSENA.CSV||MC#01|FONC FIXES|FILE101|ZZ1|0084|2025-01-02|18:07|0036|TVA 2|0|0.00
Z101_02_122024_MASSENA.CSV||MC#01|FONC FIXES|FILE101|ZZ1|0084|2025-01-02|18:07|0037|HORS TAXE 3|0|0.00
Z101_02_122024_MASSENA.CSV||MC#01|FONC FIXES|FILE101|ZZ1|0084|2025-01-02|18:07|0038|TVA 3|0|0.00
Z101_02_122024_MASSENA.CSV||MC#01|FONC FIXES|FILE101|ZZ1|0084|2025-01-02|18:07|0039|HORS TAXE 4|0|0.00
Z101_02_122024_MASSENA.CSV||MC#01|FONC FIXES|FILE101|ZZ1|0084|2025-01-02|18:07|0040|TVA 4|0|0.00
Z101_02_122024_MASSENA.CSV||MC#01|FONC FIXES|FILE101|ZZ1|0084|2025-01-02|18:07|0041|NON TAXABLE|0|0.00
Z101_03_072024_MASSENA.CSV||MC#01|FONC FIXES|FILE101|ZZ1|0079|2024-08-03|16:47|0001|CA BRUT|77|27349.00
Z101_03_072024_MASSENA.CSV||MC#01|FONC FIXES|FILE101|ZZ1|0079|2024-08-03|16:47|0002|CA NET|36|27349.00
Z101_03_072024_MASSENA.CSV||MC#01|FONC FIXES|FILE101|ZZ1|0079|2024-08-03|16:47|0003|ESP.TIROIR|0|18210.00
Z101_03_072024_MASSENA.CSV||MC#01|FONC FIXES|FILE101|ZZ1|0079|2024-08-03|16:47|0004|CB.TIROIR|0|9139.00
Z101_03_072024_MASSENA.CSV||MC#01|FONC FIXES|FILE101|ZZ1|0079|2024-08-03|16:47|0005|CHQ.TIROIR|0|0.00
Z101_03_072024_MASSENA.CSV||MC#01|FONC FIXES|FILE101|ZZ1|0079|2024-08-03|16:47|0006|CR.TIROIR(1)|0|0.00
Z101_03_072024_MASSENA.CSV||MC#01|FONC FIXES|FILE101|ZZ1|0079|2024-08-03|16:47|0007|CR.TIROIR(2)|0|0.00
Z101_03_072024_MASSENA.CSV||MC#01|FONC FIXES|FILE101|ZZ1|0079|2024-08-03|16:47|0008|CR.TIROIR(3)|0|0.00
Z101_03_072024_MASSENA.CSV||MC#01|FONC FIXES|FILE101|ZZ1|0079|2024-08-03|16:47|0009|CR.TIROIR(4)|0|0.00
Z101_03_072024_MASSENA.CSV||MC#01|FONC FIXES|FILE101|ZZ1|0079|2024-08-03|16:47|0010|ESP.TIROIR2|0|0.00
Z101_03_072024_MASSENA.CSV||MC#01|FONC FIXES|FILE101|ZZ1|0079|2024-08-03|16:47|0011|CB.TIROIR2|0|0.00
Z101_03_072024_MASSENA.CSV||MC#01|FONC FIXES|FILE101|ZZ1|0079|2024-08-03|16:47|0012|CHQ.TIROIR2|0|0.00
Z101_03_072024_MASSENA.CSV||MC#01|FONC FIXES|FILE101|ZZ1|0079|2024-08-03|16:47|0013|CR.TIROI2(1)|0|0.00
Z101_03_072024_MASSENA.CSV||MC#01|FONC FIXES|FILE101|ZZ1|0079|2024-08-03|16:47|0014|CR.TIROI2(2)|0|0.00
Z101_03_072024_MASSENA.CSV||MC#01|FONC FIXES|FILE101|ZZ1|0079|2024-08-03|16:47|0015|CR.TIROI2(3)|0|0.00
Z101_03_072024_MASSENA.CSV||MC#01|FONC FIXES|FILE101|ZZ1|0079|2024-08-03|16:47|0016|CR.TIROI2(4)|0|0.00
Z101_03_072024_MASSENA.CSV||MC#01|FONC FIXES|FILE101|ZZ1|0079|2024-08-03|16:47|0017|RETOUR CLE|0|0.00
Z101_03_072024_MASSENA.CSV||MC#01|FONC FIXES|FILE101|ZZ1|0079|2024-08-03|16:47|0018|CLIENTS|36|0.00
Z101_03_072024_MASSENA.CSV||MC#01|FONC FIXES|FILE101|ZZ1|0079|2024-08-03|16:47|0019|PANIER MOYEN|0|0.00
Z101_03_072024_MASSENA.CSV||MC#01|FONC FIXES|FILE101|ZZ1|0079|2024-08-03|16:47|0020|COMMISSION 1|0|0.00
Z101_03_072024_MASSENA.CSV||MC#01|FONC FIXES|FILE101|ZZ1|0079|2024-08-03|16:47|0021|COMMISSION 2|0|0.00
Z101_03_072024_MASSENA.CSV||MC#01|FONC FIXES|FILE101|ZZ1|0079|2024-08-03|16:47|0022|CHANGE ESP 1|0|0.00
Z101_03_072024_MASSENA.CSV||MC#01|FONC FIXES|FILE101|ZZ1|0079|2024-08-03|16:47|0023|CHANGE CHEQ1|0|0.00
Z101_03_072024_MASSENA.CSV||MC#01|FONC FIXES|FILE101|ZZ1|0079|2024-08-03|16:47|0024|CHANGE ESP 2|0|0.00
Z101_03_072024_MASSENA.CSV||MC#01|FONC FIXES|FILE101|ZZ1|0079|2024-08-03|16:47|0025|CHANGE CHEQ2|0|0.00
Z101_03_072024_MASSENA.CSV||MC#01|FONC FIXES|FILE101|ZZ1|0079|2024-08-03|16:47|0026|TOTAL REMISE|0|0.00
Z101_03_072024_MASSENA.CSV||MC#01|FONC FIXES|FILE101|ZZ1|0079|2024-08-03|16:47|0027||0|0.00
Z101_03_072024_MASSENA.CSV||MC#01|FONC FIXES|FILE101|ZZ1|0079|2024-08-03|16:47|0028|RETOUR+ANNUL|0|0.00
Z101_03_072024_MASSENA.CSV||MC#01|FONC FIXES|FILE101|ZZ1|0079|2024-08-03|16:47|0029|TL ARRONDI|0|0.00
Z101_03_072024_MASSENA.CSV||MC#01|FONC FIXES|FILE101|ZZ1|0079|2024-08-03|16:47|0030|TL ARRONDI|0|0.00
Z101_03_072024_MASSENA.CSV||MC#01|FONC FIXES|FILE101|ZZ1|0079|2024-08-03|16:47|0031|NUL TICKET|0|0.00
Z101_03_072024_MASSENA.CSV||MC#01|FONC FIXES|FILE101|ZZ1|0079|2024-08-03|16:47|0032||0|0.00
Z101_03_072024_MASSENA.CSV||MC#01|FONC FIXES|FILE101|ZZ1|0079|2024-08-03|16:47|0033|HORS TAXE 1|0|22790.84
Z101_03_072024_MASSENA.CSV||MC#01|FONC FIXES|FILE101|ZZ1|0079|2024-08-03|16:47|0034|TVA 1|0|4558.16
Z101_03_072024_MASSENA.CSV||MC#01|FONC FIXES|FILE101|ZZ1|0079|2024-08-03|16:47|0035|HORS TAXE 2|0|0.00
Z101_03_072024_MASSENA.CSV||MC#01|FONC FIXES|FILE101|ZZ1|0079|2024-08-03|16:47|0036|TVA 2|0|0.00
Z101_03_072024_MASSENA.CSV||MC#01|FONC FIXES|FILE101|ZZ1|0079|2024-08-03|16:47|0037|HORS TAXE 3|0|0.00
Z101_03_072024_MASSENA.CSV||MC#01|FONC FIXES|FILE101|ZZ1|0079|2024-08-03|16:47|0038|TVA 3|0|0.00
Z101_03_072024_MASSENA.CSV||MC#01|FONC FIXES|FILE101|ZZ1|0079|2024-08-03|16:47|0039|HORS TAXE 4|0|0.00
Z101_03_072024_MASSENA.CSV||MC#01|FONC FIXES|FILE101|ZZ1|0079|2024-08-03|16:47|0040|TVA 4|0|0.00
Z101_03_072024_MASSENA.CSV||MC#01|FONC FIXES|FILE101|ZZ1|0079|2024-08-03|16:47|0041|NON TAXABLE|0|0.00
Z101_05_102024_MASSENA.CSV||MC#01|FONC FIXES|FILE101|ZZ1|0082|2024-11-05|18:08|0001|CA BRUT|86|23588.70
Z101_05_102024_MASSENA.CSV||MC#01|FONC FIXES|FILE101|ZZ1|0082|2024-11-05|18:08|0002|CA NET|43|23588.70
Z101_05_102024_MASSENA.CSV||MC#01|FONC FIXES|FILE101|ZZ1|0082|2024-11-05|18:08|0003|ESP.TIROIR|0|22901.70
Z101_05_102024_MASSENA.CSV||MC#01|FONC FIXES|FILE101|ZZ1|0082|2024-11-05|18:08|0004|CB.TIROIR|0|687.00
Z101_05_102024_MASSENA.CSV||MC#01|FONC FIXES|FILE101|ZZ1|0082|2024-11-05|18:08|0005|CHQ.TIROIR|0|0.00
Z101_05_102024_MASSENA.CSV||MC#01|FONC FIXES|FILE101|ZZ1|0082|2024-11-05|18:08|0006|CR.TIROIR(1)|0|0.00
Z101_05_102024_MASSENA.CSV||MC#01|FONC FIXES|FILE101|ZZ1|0082|2024-11-05|18:08|0007|CR.TIROIR(2)|0|0.00
Z101_05_102024_MASSENA.CSV||MC#01|FONC FIXES|FILE101|ZZ1|0082|2024-11-05|18:08|0008|CR.TIROIR(3)|0|0.00
Z101_05_102024_MASSENA.CSV||MC#01|FONC FIXES|FILE101|ZZ1|0082|2024-11-05|18:08|0009|CR.TIROIR(4)|0|0.00
Z101_05_102024_MASSENA.CSV||MC#01|FONC FIXES|FILE101|ZZ1|0082|2024-11-05|18:08|0010|ESP.TIROIR2|0|0.00
Z101_05_102024_MASSENA.CSV||MC#01|FONC FIXES|FILE101|ZZ1|0082|2024-11-05|18:08|0011|CB.TIROIR2|0|0.00
Z101_05_102024_MASSENA.CSV||MC#01|FONC FIXES|FILE101|ZZ1|0082|2024-11-05|18:08|0012|CHQ.TIROIR2|0|0.00
Z101_05_102024_MASSENA.CSV||MC#01|FONC FIXES|FILE101|ZZ1|0082|2024-11-05|18:08|0013|CR.TIROI2(1)|0|0.00
Z101_05_102024_MASSENA.CSV||MC#01|FONC FIXES|FILE101|ZZ1|0082|2024-11-05|18:08|0014|CR.TIROI2(2)|0|0.00
Z101_05_102024_MASSENA.CSV||MC#01|FONC FIXES|FILE101|ZZ1|0082|2024-11-05|18:08|0015|CR.TIROI2(3)|0|0.00
Z101_05_102024_MASSENA.CSV||MC#01|FONC FIXES|FILE101|ZZ1|0082|2024-11-05|18:08|0016|CR.TIROI2(4)|0|0.00
Z101_05_102024_MASSENA.CSV||MC#01|FONC FIXES|FILE101|ZZ1|0082|2024-11-05|18:08|0017|RETOUR CLE|0|0.00
Z101_05_102024_MASSENA.CSV||MC#01|FONC FIXES|FILE101|ZZ1|0082|2024-11-05|18:08|0018|CLIENTS|43|0.00
Z101_05_102024_MASSENA.CSV||MC#01|FONC FIXES|FILE101|ZZ1|0082|2024-11-05|18:08|0019|PANIER MOYEN|0|0.00
Z101_05_102024_MASSENA.CSV||MC#01|FONC FIXES|FILE101|ZZ1|0082|2024-11-05|18:08|0020|COMMISSION 1|0|0.00
Z101_05_102024_MASSENA.CSV||MC#01|FONC FIXES|FILE101|ZZ1|0082|2024-11-05|18:08|0021|COMMISSION 2|0|0.00
Z101_05_102024_MASSENA.CSV||MC#01|FONC FIXES|FILE101|ZZ1|0082|2024-11-05|18:08|0022|CHANGE ESP 1|0|0.00
Z101_05_102024_MASSENA.CSV||MC#01|FONC FIXES|FILE101|ZZ1|0082|2024-11-05|18:08|0023|CHANGE CHEQ1|0|0.00
Z101_05_102024_MASSENA.CSV||MC#01|FONC FIXES|FILE101|ZZ1|0082|2024-11-05|18:08|0024|CHANGE ESP 2|0|0.00
Z101_05_102024_MASSENA.CSV||MC#01|FONC FIXES|FILE101|ZZ1|0082|2024-11-05|18:08|0025|CHANGE CHEQ2|0|0.00
Z101_05_102024_MASSENA.CSV||MC#01|FONC FIXES|FILE101|ZZ1|0082|2024-11-05|18:08|0026|TOTAL REMISE|0|0.00
Z101_05_102024_MASSENA.CSV||MC#01|FONC FIXES|FILE101|ZZ1|0082|2024-11-05|18:08|0027||0|0.00
Z101_05_102024_MASSENA.CSV||MC#01|FONC FIXES|FILE101|ZZ1|0082|2024-11-05|18:08|0028|RETOUR+ANNUL|0|0.00
Z101_05_102024_MASSENA.CSV||MC#01|FONC FIXES|FILE101|ZZ1|0082|2024-11-05|18:08|0029|TL ARRONDI|0|0.00
Z101_05_102024_MASSENA.CSV||MC#01|FONC FIXES|FILE101|ZZ1|0082|2024-11-05|18:08|0030|TL ARRONDI|0|0.00
Z101_05_102024_MASSENA.CSV||MC#01|FONC FIXES|FILE101|ZZ1|0082|2024-11-05|18:08|0031|NUL TICKET|0|0.00
Z101_05_102024_MASSENA.CSV||MC#01|FONC FIXES|FILE101|ZZ1|0082|2024-11-05|18:08|0032||0|0.00
Z101_05_102024_MASSENA.CSV||MC#01|FONC FIXES|FILE101|ZZ1|0082|2024-11-05|18:08|0033|HORS TAXE 1|0|19657.21
Z101_05_102024_MASSENA.CSV||MC#01|FONC FIXES|FILE101|ZZ1|0082|2024-11-05|18:08|0034|TVA 1|0|3931.49
Z101_05_102024_MASSENA.CSV||MC#01|FONC FIXES|FILE101|ZZ1|0082|2024-11-05|18:08|0035|HORS TAXE 2|0|0.00
Z101_05_102024_MASSENA.CSV||MC#01|FONC FIXES|FILE101|ZZ1|0082|2024-11-05|18:08|0036|TVA 2|0|0.00
Z101_05_102024_MASSENA.CSV||MC#01|FONC FIXES|FILE101|ZZ1|0082|2024-11-05|18:08|0037|HORS TAXE 3|0|0.00
Z101_05_102024_MASSENA.CSV||MC#01|FONC FIXES|FILE101|ZZ1|0082|2024-11-05|18:08|0038|TVA 3|0|0.00
Z101_05_102024_MASSENA.CSV||MC#01|FONC FIXES|FILE101|ZZ1|0082|2024-11-05|18:08|0039|HORS TAXE 4|0|0.00
Z101_05_102024_MASSENA.CSV||MC#01|FONC FIXES|FILE101|ZZ1|0082|2024-11-05|18:08|0040|TVA 4|0|0.00
Z101_05_102024_MASSENA.CSV||MC#01|FONC FIXES|FILE101|ZZ1|0082|2024-11-05|18:08|0041|NON TAXABLE|0|0.00
Z101_30_042024_MASSENA.CSV||MC#01|FONC FIXES|FILE101|ZZ1|0076|2024-04-30|17:45|0001|CA BRUT|44|11491.70
Z101_30_042024_MASSENA.CSV||MC#01|FONC FIXES|FILE101|ZZ1|0076|2024-04-30|17:45|0002|CA NET|25|11491.70
Z101_30_042024_MASSENA.CSV||MC#01|FONC FIXES|FILE101|ZZ1|0076|2024-04-30|17:45|0003|ESP.TIROIR|0|2821.90
Z101_30_042024_MASSENA.CSV||MC#01|FONC FIXES|FILE101|ZZ1|0076|2024-04-30|17:45|0004|CB.TIROIR|0|8669.80
Z101_30_042024_MASSENA.CSV||MC#01|FONC FIXES|FILE101|ZZ1|0076|2024-04-30|17:45|0005|CHQ.TIROIR|0|0.00
Z101_30_042024_MASSENA.CSV||MC#01|FONC FIXES|FILE101|ZZ1|0076|2024-04-30|17:45|0006|CR.TIROIR(1)|0|0.00
Z101_30_042024_MASSENA.CSV||MC#01|FONC FIXES|FILE101|ZZ1|0076|2024-04-30|17:45|0007|CR.TIROIR(2)|0|0.00
Z101_30_042024_MASSENA.CSV||MC#01|FONC FIXES|FILE101|ZZ1|0076|2024-04-30|17:45|0008|CR.TIROIR(3)|0|0.00
Z101_30_042024_MASSENA.CSV||MC#01|FONC FIXES|FILE101|ZZ1|0076|2024-04-30|17:45|0009|CR.TIROIR(4)|0|0.00
Z101_30_042024_MASSENA.CSV||MC#01|FONC FIXES|FILE101|ZZ1|0076|2024-04-30|17:45|0010|ESP.TIROIR2|0|0.00
Z101_30_042024_MASSENA.CSV||MC#01|FONC FIXES|FILE101|ZZ1|0076|2024-04-30|17:45|0011|CB.TIROIR2|0|0.00
Z101_30_042024_MASSENA.CSV||MC#01|FONC FIXES|FILE101|ZZ1|0076|2024-04-30|17:45|0012|CHQ.TIROIR2|0|0.00
Z101_30_042024_MASSENA.CSV||MC#01|FONC FIXES|FILE101|ZZ1|0076|2024-04-30|17:45|0013|CR.TIROI2(1)|0|0.00
Z101_30_042024_MASSENA.CSV||MC#01|FONC FIXES|FILE101|ZZ1|0076|2024-04-30|17:45|0014|CR.TIROI2(2)|0|0.00
Z101_30_042024_MASSENA.CSV||MC#01|FONC FIXES|FILE101|ZZ1|0076|2024-04-30|17:45|0015|CR.TIROI2(3)|0|0.00
Z101_30_042024_MASSENA.CSV||MC#01|FONC FIXES|FILE101|ZZ1|0076|2024-04-30|17:45|0016|CR.TIROI2(4)|0|0.00
Z101_30_042024_MASSENA.CSV||MC#01|FONC FIXES|FILE101|ZZ1|0076|2024-04-30|17:45|0017|RETOUR CLE|0|0.00
Z101_30_042024_MASSENA.CSV||MC#01|FONC FIXES|FILE101|ZZ1|0076|2024-04-30|17:45|0018|CLIENTS|25|0.00
Z101_30_042024_MASSENA.CSV||MC#01|FONC FIXES|FILE101|ZZ1|0076|2024-04-30|17:45|0019|PANIER MOYEN|0|0.00
Z101_30_042024_MASSENA.CSV||MC#01|FONC FIXES|FILE101|ZZ1|0076|2024-04-30|17:45|0020|COMMISSION 1|0|0.00
Z101_30_042024_MASSENA.CSV||MC#01|FONC FIXES|FILE101|ZZ1|0076|2024-04-30|17:45|0021|COMMISSION 2|0|0.00
Z101_30_042024_MASSENA.CSV||MC#01|FONC FIXES|FILE101|ZZ1|0076|2024-04-30|17:45|0022|CHANGE ESP 1|0|0.00
Z101_30_042024_MASSENA.CSV||MC#01|FONC FIXES|FILE101|ZZ1|0076|2024-04-30|17:45|0023|CHANGE CHEQ1|0|0.00
Z101_30_042024_MASSENA.CSV||MC#01|FONC FIXES|FILE101|ZZ1|0076|2024-04-30|17:45|0024|CHANGE ESP 2|0|0.00
Z101_30_042024_MASSENA.CSV||MC#01|FONC FIXES|FILE101|ZZ1|0076|2024-04-30|17:45|0025|CHANGE CHEQ2|0|0.00
Z101_30_042024_MASSENA.CSV||MC#01|FONC FIXES|FILE101|ZZ1|0076|2024-04-30|17:45|0026|TOTAL REMISE|0|0.00
Z101_30_042024_MASSENA.CSV||MC#01|FONC FIXES|FILE101|ZZ1|0076|2024-04-30|17:45|0027||0|0.00
Z101_30_042024_MASSENA.CSV||MC#01|FONC FIXES|FILE101|ZZ1|0076|2024-04-30|17:45|0028|RETOUR+ANNUL|0|0.00
Z101_30_042024_MASSENA.CSV||MC#01|FONC FIXES|FILE101|ZZ1|0076|2024-04-30|17:45|0029|TL ARRONDI|0|0.00
Z101_30_042024_MASSENA.CSV||MC#01|FONC FIXES|FILE101|ZZ1|0076|2024-04-30|17:45|0030|TL ARRONDI|0|0.00
Z101_30_042024_MASSENA.CSV||MC#01|FONC FIXES|FILE101|ZZ1|0076|2024-04-30|17:45|0031|NUL TICKET|0|0.00
Z101_30_042024_MASSENA.CSV||MC#01|FONC FIXES|FILE101|ZZ1|0076|2024-04-30|17:45|0032||0|0.00
Z101_30_042024_MASSENA.CSV||MC#01|FONC FIXES|FILE101|ZZ1|0076|2024-04-30|17:45|0033|HORS TAXE 1|0|9576.41
Z101_30_042024_MASSENA.CSV||MC#01|FONC FIXES|FILE101|ZZ1|0076|2024-04-30|17:45|0034|TVA 1|0|1915.29
Z101_30_042024_MASSENA.CSV||MC#01|FONC FIXES|FILE101|ZZ1|0076|2024-04-30|17:45|0035|HORS TAXE 2|0|0.00
Z101_30_042024_MASSENA.CSV||MC#01|FONC FIXES|FILE101|ZZ1|0076|2024-04-30|17:45|0036|TVA 2|0|0.00
Z101_30_042024_MASSENA.CSV||MC#01|FONC FIXES|FILE101|ZZ1|0076|2024-04-30|17:45|0037|HORS TAXE 3|0|0.00
Z101_30_042024_MASSENA.CSV||MC#01|FONC FIXES|FILE101|ZZ1|0076|2024-04-30|17:45|0038|TVA 3|0|0.00
Z101_30_042024_MASSENA.CSV||MC#01|FONC FIXES|FILE101|ZZ1|0076|2024-04-30|17:45|0039|HORS TAXE 4|0|0.00
Z101_30_042024_MASSENA.CSV||MC#01|FONC FIXES|FILE101|ZZ1|0076|2024-04-30|17:45|0040|TVA 4|0|0.00
Z101_30_042024_MASSENA.CSV||MC#01|FONC FIXES|FILE101|ZZ1|0076|2024-04-30|17:45|0041|NON TAXABLE|0|0.00
Z101_30_112024_MASSENA.CSV||MC#01|FONC FIXES|FILE101|ZZ1|0083|2024-11-30|18:36|0001|CA BRUT|21|4732.60
Z101_30_112024_MASSENA.CSV||MC#01|FONC FIXES|FILE101|ZZ1|0083|2024-11-30|18:36|0002|CA NET|12|4732.60
Z101_30_112024_MASSENA.CSV||MC#01|FONC FIXES|FILE101|ZZ1|0083|2024-11-30|18:36|0003|ESP.TIROIR|0|1746.00
Z101_30_112024_MASSENA.CSV||MC#01|FONC FIXES|FILE101|ZZ1|0083|2024-11-30|18:36|0004|CB.TIROIR|0|2986.60
Z101_30_112024_MASSENA.CSV||MC#01|FONC FIXES|FILE101|ZZ1|0083|2024-11-30|18:36|0005|CHQ.TIROIR|0|0.00
Z101_30_112024_MASSENA.CSV||MC#01|FONC FIXES|FILE101|ZZ1|0083|2024-11-30|18:36|0006|CR.TIROIR(1)|0|0.00
Z101_30_112024_MASSENA.CSV||MC#01|FONC FIXES|FILE101|ZZ1|0083|2024-11-30|18:36|0007|CR.TIROIR(2)|0|0.00
Z101_30_112024_MASSENA.CSV||MC#01|FONC FIXES|FILE101|ZZ1|0083|2024-11-30|18:36|0008|CR.TIROIR(3)|0|0.00
Z101_30_112024_MASSENA.CSV||MC#01|FONC FIXES|FILE101|ZZ1|0083|2024-11-30|18:36|0009|CR.TIROIR(4)|0|0.00
Z101_30_112024_MASSENA.CSV||MC#01|FONC FIXES|FILE101|ZZ1|0083|2024-11-30|18:36|0010|ESP.TIROIR2|0|0.00
Z101_30_112024_MASSENA.CSV||MC#01|FONC FIXES|FILE101|ZZ1|0083|2024-11-30|18:36|0011|CB.TIROIR2|0|0.00
Z101_30_112024_MASSENA.CSV||MC#01|FONC FIXES|FILE101|ZZ1|0083|2024-11-30|18:36|0012|CHQ.TIROIR2|0|0.00
Z101_30_112024_MASSENA.CSV||MC#01|FONC FIXES|FILE101|ZZ1|0083|2024-11-30|18:36|0013|CR.TIROI2(1)|0|0.00
Z101_30_112024_MASSENA.CSV||MC#01|FONC FIXES|FILE101|ZZ1|0083|2024-11-30|18:36|0014|CR.TIROI2(2)|0|0.00
Z101_30_112024_MASSENA.CSV||MC#01|FONC FIXES|FILE101|ZZ1|0083|2024-11-30|18:36|0015|CR.TIROI2(3)|0|0.00
Z101_30_112024_MASSENA.CSV||MC#01|FONC FIXES|FILE101|ZZ1|0083|2024-11-30|18:36|0016|CR.TIROI2(4)|0|0.00
Z101_30_112024_MASSENA.CSV||MC#01|FONC FIXES|FILE101|ZZ1|0083|2024-11-30|18:36|0017|RETOUR CLE|0|0.00
Z101_30_112024_MASSENA.CSV||MC#01|FONC FIXES|FILE101|ZZ1|0083|2024-11-30|18:36|0018|CLIENTS|12|0.00
Z101_30_112024_MASSENA.CSV||MC#01|FONC FIXES|FILE101|ZZ1|0083|2024-11-30|18:36|0019|PANIER MOYEN|0|0.00
Z101_30_112024_MASSENA.CSV||MC#01|FONC FIXES|FILE101|ZZ1|0083|2024-11-30|18:36|0020|COMMISSION 1|0|0.00
Z101_30_112024_MASSENA.CSV||MC#01|FONC FIXES|FILE101|ZZ1|0083|2024-11-30|18:36|0021|COMMISSION 2|0|0.00
Z101_30_112024_MASSENA.CSV||MC#01|FONC FIXES|FILE101|ZZ1|0083|2024-11-30|18:36|0022|CHANGE ESP 1|0|0.00
Z101_30_112024_MASSENA.CSV||MC#01|FONC FIXES|FILE101|ZZ1|0083|2024-11-30|18:36|0023|CHANGE CHEQ1|0|0.00
Z101_30_112024_MASSENA.CSV||MC#01|FONC FIXES|FILE101|ZZ1|0083|2024-11-30|18:36|0024|CHANGE ESP 2|0|0.00
Z101_30_112024_MASSENA.CSV||MC#01|FONC FIXES|FILE101|ZZ1|0083|2024-11-30|18:36|0025|CHANGE CHEQ2|0|0.00
Z101_30_112024_MASSENA.CSV||MC#01|FONC FIXES|FILE101|ZZ1|0083|2024-11-30|18:36|0026|TOTAL REMISE|0|0.00
Z101_30_112024_MASSENA.CSV||MC#01|FONC FIXES|FILE101|ZZ1|0083|2024-11-30|18:36|0027||0|0.00
Z101_30_112024_MASSENA.CSV||MC#01|FONC FIXES|FILE101|ZZ1|0083|2024-11-30|18:36|0028|RETOUR+ANNUL|0|0.00
Z101_30_112024_MASSENA.CSV||MC#01|FONC FIXES|FILE101|ZZ1|0083|2024-11-30|18:36|0029|TL ARRONDI|0|0.00
Z101_30_112024_MASSENA.CSV||MC#01|FONC FIXES|FILE101|ZZ1|0083|2024-11-30|18:36|0030|TL ARRONDI|0|0.00
Z101_30_112024_MASSENA.CSV||MC#01|FONC FIXES|FILE101|ZZ1|0083|2024-11-30|18:36|0031|NUL TICKET|0|0.00
Z101_30_112024_MASSENA.CSV||MC#01|FONC FIXES|FILE101|ZZ1|0083|2024-11-30|18:36|0032||0|0.00
Z101_30_112024_MASSENA.CSV||MC#01|FONC FIXES|FILE101|ZZ1|0083|2024-11-30|18:36|0033|HORS TAXE 1|0|3943.83
Z101_30_112024_MASSENA.CSV||MC#01|FONC FIXES|FILE101|ZZ1|0083|2024-11-30|18:36|0034|TVA 1|0|788.77
Z101_30_112024_MASSENA.CSV||MC#01|FONC FIXES|FILE101|ZZ1|0083|2024-11-30|18:36|0035|HORS TAXE 2|0|0.00
Z101_30_112024_MASSENA.CSV||MC#01|FONC FIXES|FILE101|ZZ1|0083|2024-11-30|18:36|0036|TVA 2|0|0.00
Z101_30_112024_MASSENA.CSV||MC#01|FONC FIXES|FILE101|ZZ1|0083|2024-11-30|18:36|0037|HORS TAXE 3|0|0.00
Z101_30_112024_MASSENA.CSV||MC#01|FONC FIXES|FILE101|ZZ1|0083|2024-11-30|18:36|0038|TVA 3|0|0.00
Z101_30_112024_MASSENA.CSV||MC#01|FONC FIXES|FILE101|ZZ1|0083|2024-11-30|18:36|0039|HORS TAXE 4|0|0.00
Z101_30_112024_MASSENA.CSV||MC#01|FONC FIXES|FILE101|ZZ1|0083|2024-11-30|18:36|0040|TVA 4|0|0.00
Z101_30_112024_MASSENA.CSV||MC#01|FONC FIXES|FILE101|ZZ1|0083|2024-11-30|18:36|0041|NON TAXABLE|0|0.00
Z201_01A_052024_MASSENA.CSV||MC#01|FONC FIXES|FILE201|ZZ2|0073|2024-06-01|16:16|0001|CA BRUT|65|19200.20
Z201_01A_052024_MASSENA.CSV||MC#01|FONC FIXES|FILE201|ZZ2|0073|2024-06-01|16:16|0002|CA NET|28|19200.20
Z201_01A_052024_MASSENA.CSV||MC#01|FONC FIXES|FILE201|ZZ2|0073|2024-06-01|16:16|0003|ESP.TIROIR|0|8967.90
Z201_01A_052024_MASSENA.CSV||MC#01|FONC FIXES|FILE201|ZZ2|0073|2024-06-01|16:16|0004|CB.TIROIR|0|10232.30
Z201_01A_052024_MASSENA.CSV||MC#01|FONC FIXES|FILE201|ZZ2|0073|2024-06-01|16:16|0005|CHQ.TIROIR|0|0.00
Z201_01A_052024_MASSENA.CSV||MC#01|FONC FIXES|FILE201|ZZ2|0073|2024-06-01|16:16|0006|CR.TIROIR(1)|0|0.00
Z201_01A_052024_MASSENA.CSV||MC#01|FONC FIXES|FILE201|ZZ2|0073|2024-06-01|16:16|0007|CR.TIROIR(2)|0|0.00
Z201_01A_052024_MASSENA.CSV||MC#01|FONC FIXES|FILE201|ZZ2|0073|2024-06-01|16:16|0008|CR.TIROIR(3)|0|0.00
Z201_01A_052024_MASSENA.CSV||MC#01|FONC FIXES|FILE201|ZZ2|0073|2024-06-01|16:16|0009|CR.TIROIR(4)|0|0.00
Z201_01A_052024_MASSENA.CSV||MC#01|FONC FIXES|FILE201|ZZ2|0073|2024-06-01|16:16|0010|ESP.TIROIR2|0|0.00
Z201_01A_052024_MASSENA.CSV||MC#01|FONC FIXES|FILE201|ZZ2|0073|2024-06-01|16:16|0011|CB.TIROIR2|0|0.00
Z201_01A_052024_MASSENA.CSV||MC#01|FONC FIXES|FILE201|ZZ2|0073|2024-06-01|16:16|0012|CHQ.TIROIR2|0|0.00
Z201_01A_052024_MASSENA.CSV||MC#01|FONC FIXES|FILE201|ZZ2|0073|2024-06-01|16:16|0013|CR.TIROI2(1)|0|0.00
Z201_01A_052024_MASSENA.CSV||MC#01|FONC FIXES|FILE201|ZZ2|0073|2024-06-01|16:16|0014|CR.TIROI2(2)|0|0.00
Z201_01A_052024_MASSENA.CSV||MC#01|FONC FIXES|FILE201|ZZ2|0073|2024-06-01|16:16|0015|CR.TIROI2(3)|0|0.00
Z201_01A_052024_MASSENA.CSV||MC#01|FONC FIXES|FILE201|ZZ2|0073|2024-06-01|16:16|0016|CR.TIROI2(4)|0|0.00
Z201_01A_052024_MASSENA.CSV||MC#01|FONC FIXES|FILE201|ZZ2|0073|2024-06-01|16:16|0017|RETOUR CLE|0|0.00
Z201_01A_052024_MASSENA.CSV||MC#01|FONC FIXES|FILE201|ZZ2|0073|2024-06-01|16:16|0018|CLIENTS|28|0.00
Z201_01A_052024_MASSENA.CSV||MC#01|FONC FIXES|FILE201|ZZ2|0073|2024-06-01|16:16|0019|PANIER MOYEN|0|0.00
Z201_01A_052024_MASSENA.CSV||MC#01|FONC FIXES|FILE201|ZZ2|0073|2024-06-01|16:16|0020|COMMISSION 1|0|0.00
Z201_01A_052024_MASSENA.CSV||MC#01|FONC FIXES|FILE201|ZZ2|0073|2024-06-01|16:16|0021|COMMISSION 2|0|0.00
Z201_01A_052024_MASSENA.CSV||MC#01|FONC FIXES|FILE201|ZZ2|0073|2024-06-01|16:16|0022|CHANGE ESP 1|0|0.00
Z201_01A_052024_MASSENA.CSV||MC#01|FONC FIXES|FILE201|ZZ2|0073|2024-06-01|16:16|0023|CHANGE CHEQ1|0|0.00
Z201_01A_052024_MASSENA.CSV||MC#01|FONC FIXES|FILE201|ZZ2|0073|2024-06-01|16:16|0024|CHANGE ESP 2|0|0.00
Z201_01A_052024_MASSENA.CSV||MC#01|FONC FIXES|FILE201|ZZ2|0073|2024-06-01|16:16|0025|CHANGE CHEQ2|0|0.00
Z201_01A_052024_MASSENA.CSV||MC#01|FONC FIXES|FILE201|ZZ2|0073|2024-06-01|16:16|0026|TOTAL REMISE|0|0.00
Z201_01A_052024_MASSENA.CSV||MC#01|FONC FIXES|FILE201|ZZ2|0073|2024-06-01|16:16|0027||0|0.00
Z201_01A_052024_MASSENA.CSV||MC#01|FONC FIXES|FILE201|ZZ2|0073|2024-06-01|16:16|0028|RETOUR+ANNUL|0|0.00
Z201_01A_052024_MASSENA.CSV||MC#01|FONC FIXES|FILE201|ZZ2|0073|2024-06-01|16:16|0029|TL ARRONDI|0|0.00
Z201_01A_052024_MASSENA.CSV||MC#01|FONC FIXES|FILE201|ZZ2|0073|2024-06-01|16:16|0030|TL ARRONDI|0|0.00
Z201_01A_052024_MASSENA.CSV||MC#01|FONC FIXES|FILE201|ZZ2|0073|2024-06-01|16:16|0031|NUL TICKET|0|0.00
Z201_01A_052024_MASSENA.CSV||MC#01|FONC FIXES|FILE201|ZZ2|0073|2024-06-01|16:16|0032||0|0.00
Z201_01A_052024_MASSENA.CSV||MC#01|FONC FIXES|FILE201|ZZ2|0073|2024-06-01|16:16|0033|HORS TAXE 1|0|16000.12
Z201_01A_052024_MASSENA.CSV||MC#01|FONC FIXES|FILE201|ZZ2|0073|2024-06-01|16:16|0034|TVA 1|0|3200.08
Z201_01A_052024_MASSENA.CSV||MC#01|FONC FIXES|FILE201|ZZ2|0073|2024-06-01|16:16|0035|HORS TAXE 2|0|0.00
Z201_01A_052024_MASSENA.CSV||MC#01|FONC FIXES|FILE201|ZZ2|0073|2024-06-01|16:16|0036|TVA 2|0|0.00
Z201_01A_052024_MASSENA.CSV||MC#01|FONC FIXES|FILE201|ZZ2|0073|2024-06-01|16:16|0037|HORS TAXE 3|0|0.00
Z201_01A_052024_MASSENA.CSV||MC#01|FONC FIXES|FILE201|ZZ2|0073|2024-06-01|16:16|0038|TVA 3|0|0.00
Z201_01A_052024_MASSENA.CSV||MC#01|FONC FIXES|FILE201|ZZ2|0073|2024-06-01|16:16|0039|HORS TAXE 4|0|0.00
Z201_01A_052024_MASSENA.CSV||MC#01|FONC FIXES|FILE201|ZZ2|0073|2024-06-01|16:16|0040|TVA 4|0|0.00
Z201_01A_052024_MASSENA.CSV||MC#01|FONC FIXES|FILE201|ZZ2|0073|2024-06-01|16:16|0041|NON TAXABLE|0|0.00
Z201_01A_062024_MASSENA.CSV||MC#01|FONC FIXES|FILE201|ZZ2|0074|2024-07-01|11:34|0001|CA BRUT|110|33677.90
Z201_01A_062024_MASSENA.CSV||MC#01|FONC FIXES|FILE201|ZZ2|0074|2024-07-01|11:34|0002|CA NET|47|33677.90
Z201_01A_062024_MASSENA.CSV||MC#01|FONC FIXES|FILE201|ZZ2|0074|2024-07-01|11:34|0003|ESP.TIROIR|0|18295.90
Z201_01A_062024_MASSENA.CSV||MC#01|FONC FIXES|FILE201|ZZ2|0074|2024-07-01|11:34|0004|CB.TIROIR|0|15382.00
Z201_01A_062024_MASSENA.CSV||MC#01|FONC FIXES|FILE201|ZZ2|0074|2024-07-01|11:34|0005|CHQ.TIROIR|0|0.00
Z201_01A_062024_MASSENA.CSV||MC#01|FONC FIXES|FILE201|ZZ2|0074|2024-07-01|11:34|0006|CR.TIROIR(1)|0|0.00
Z201_01A_062024_MASSENA.CSV||MC#01|FONC FIXES|FILE201|ZZ2|0074|2024-07-01|11:34|0007|CR.TIROIR(2)|0|0.00
Z201_01A_062024_MASSENA.CSV||MC#01|FONC FIXES|FILE201|ZZ2|0074|2024-07-01|11:34|0008|CR.TIROIR(3)|0|0.00
Z201_01A_062024_MASSENA.CSV||MC#01|FONC FIXES|FILE201|ZZ2|0074|2024-07-01|11:34|0009|CR.TIROIR(4)|0|0.00
Z201_01A_062024_MASSENA.CSV||MC#01|FONC FIXES|FILE201|ZZ2|0074|2024-07-01|11:34|0010|ESP.TIROIR2|0|0.00
Z201_01A_062024_MASSENA.CSV||MC#01|FONC FIXES|FILE201|ZZ2|0074|2024-07-01|11:34|0011|CB.TIROIR2|0|0.00
Z201_01A_062024_MASSENA.CSV||MC#01|FONC FIXES|FILE201|ZZ2|0074|2024-07-01|11:34|0012|CHQ.TIROIR2|0|0.00
Z201_01A_062024_MASSENA.CSV||MC#01|FONC FIXES|FILE201|ZZ2|0074|2024-07-01|11:34|0013|CR.TIROI2(1)|0|0.00
Z201_01A_062024_MASSENA.CSV||MC#01|FONC FIXES|FILE201|ZZ2|0074|2024-07-01|11:34|0014|CR.TIROI2(2)|0|0.00
Z201_01A_062024_MASSENA.CSV||MC#01|FONC FIXES|FILE201|ZZ2|0074|2024-07-01|11:34|0015|CR.TIROI2(3)|0|0.00
Z201_01A_062024_MASSENA.CSV||MC#01|FONC FIXES|FILE201|ZZ2|0074|2024-07-01|11:34|0016|CR.TIROI2(4)|0|0.00
Z201_01A_062024_MASSENA.CSV||MC#01|FONC FIXES|FILE201|ZZ2|0074|2024-07-01|11:34|0017|RETOUR CLE|0|0.00
Z201_01A_062024_MASSENA.CSV||MC#01|FONC FIXES|FILE201|ZZ2|0074|2024-07-01|11:34|0018|CLIENTS|47|0.00
Z201_01A_062024_MASSENA.CSV||MC#01|FONC FIXES|FILE201|ZZ2|0074|2024-07-01|11:34|0019|PANIER MOYEN|0|0.00
Z201_01A_062024_MASSENA.CSV||MC#01|FONC FIXES|FILE201|ZZ2|0074|2024-07-01|11:34|0020|COMMISSION 1|0|0.00
Z201_01A_062024_MASSENA.CSV||MC#01|FONC FIXES|FILE201|ZZ2|0074|2024-07-01|11:34|0021|COMMISSION 2|0|0.00
Z201_01A_062024_MASSENA.CSV||MC#01|FONC FIXES|FILE201|ZZ2|0074|2024-07-01|11:34|0022|CHANGE ESP 1|0|0.00
Z201_01A_062024_MASSENA.CSV||MC#01|FONC FIXES|FILE201|ZZ2|0074|2024-07-01|11:34|0023|CHANGE CHEQ1|0|0.00
Z201_01A_062024_MASSENA.CSV||MC#01|FONC FIXES|FILE201|ZZ2|0074|2024-07-01|11:34|0024|CHANGE ESP 2|0|0.00
Z201_01A_062024_MASSENA.CSV||MC#01|FONC FIXES|FILE201|ZZ2|0074|2024-07-01|11:34|0025|CHANGE CHEQ2|0|0.00
Z201_01A_062024_MASSENA.CSV||MC#01|FONC FIXES|FILE201|ZZ2|0074|2024-07-01|11:34|0026|TOTAL REMISE|0|0.00
Z201_01A_062024_MASSENA.CSV||MC#01|FONC FIXES|FILE201|ZZ2|0074|2024-07-01|11:34|0027||0|0.00
Z201_01A_062024_MASSENA.CSV||MC#01|FONC FIXES|FILE201|ZZ2|0074|2024-07-01|11:34|0028|RETOUR+ANNUL|0|0.00
Z201_01A_062024_MASSENA.CSV||MC#01|FONC FIXES|FILE201|ZZ2|0074|2024-07-01|11:34|0029|TL ARRONDI|0|0.00
Z201_01A_062024_MASSENA.CSV||MC#01|FONC FIXES|FILE201|ZZ2|0074|2024-07-01|11:34|0030|TL ARRONDI|0|0.00
Z201_01A_062024_MASSENA.CSV||MC#01|FONC FIXES|FILE201|ZZ2|0074|2024-07-01|11:34|0031|NUL TICKET|0|0.00
Z201_01A_062024_MASSENA.CSV||MC#01|FONC FIXES|FILE201|ZZ2|0074|2024-07-01|11:34|0032||0|0.00
Z201_01A_062024_MASSENA.CSV||MC#01|FONC FIXES|FILE201|ZZ2|0074|2024-07-01|11:34|0033|HORS TAXE 1|0|28064.87
Z201_01A_062024_MASSENA.CSV||MC#01|FONC FIXES|FILE201|ZZ2|0074|2024-07-01|11:34|0034|TVA 1|0|5613.03
Z201_01A_062024_MASSENA.CSV||MC#01|FONC FIXES|FILE201|ZZ2|0074|2024-07-01|11:34|0035|HORS TAXE 2|0|0.00
Z201_01A_062024_MASSENA.CSV||MC#01|FONC FIXES|FILE201|ZZ2|0074|2024-07-01|11:34|0036|TVA 2|0|0.00
Z201_01A_062024_MASSENA.CSV||MC#01|FONC FIXES|FILE201|ZZ2|0074|2024-07-01|11:34|0037|HORS TAXE 3|0|0.00
Z201_01A_062024_MASSENA.CSV||MC#01|FONC FIXES|FILE201|ZZ2|0074|2024-07-01|11:34|0038|TVA 3|0|0.00
Z201_01A_062024_MASSENA.CSV||MC#01|FONC FIXES|FILE201|ZZ2|0074|2024-07-01|11:34|0039|HORS TAXE 4|0|0.00
Z201_01A_062024_MASSENA.CSV||MC#01|FONC FIXES|FILE201|ZZ2|0074|2024-07-01|11:34|0040|TVA 4|0|0.00
Z201_01A_062024_MASSENA.CSV||MC#01|FONC FIXES|FILE201|ZZ2|0074|2024-07-01|11:34|0041|NON TAXABLE|0|0.00
Z201_01A_092024_MASSENA.CSV||MC#01|FONC FIXES|FILE201|ZZ2|0077|2024-10-01|15:46|0001|CA BRUT|29|13449.90
Z201_01A_092024_MASSENA.CSV||MC#01|FONC FIXES|FILE201|ZZ2|0077|2024-10-01|15:46|0002|CA NET|25|13449.90
Z201_01A_092024_MASSENA.CSV||MC#01|FONC FIXES|FILE201|ZZ2|0077|2024-10-01|15:46|0003|ESP.TIROIR|0|12235.90
Z201_01A_092024_MASSENA.CSV||MC#01|FONC FIXES|FILE201|ZZ2|0077|2024-10-01|15:46|0004|CB.TIROIR|0|1214.00
Z201_01A_092024_MASSENA.CSV||MC#01|FONC FIXES|FILE201|ZZ2|0077|2024-10-01|15:46|0005|CHQ.TIROIR|0|0.00
Z201_01A_092024_MASSENA.CSV||MC#01|FONC FIXES|FILE201|ZZ2|0077|2024-10-01|15:46|0006|CR.TIROIR(1)|0|0.00
Z201_01A_092024_MASSENA.CSV||MC#01|FONC FIXES|FILE201|ZZ2|0077|2024-10-01|15:46|0007|CR.TIROIR(2)|0|0.00
Z201_01A_092024_MASSENA.CSV||MC#01|FONC FIXES|FILE201|ZZ2|0077|2024-10-01|15:46|0008|CR.TIROIR(3)|0|0.00
Z201_01A_092024_MASSENA.CSV||MC#01|FONC FIXES|FILE201|ZZ2|0077|2024-10-01|15:46|0009|CR.TIROIR(4)|0|0.00
Z201_01A_092024_MASSENA.CSV||MC#01|FONC FIXES|FILE201|ZZ2|0077|2024-10-01|15:46|0010|ESP.TIROIR2|0|0.00
Z201_01A_092024_MASSENA.CSV||MC#01|FONC FIXES|FILE201|ZZ2|0077|2024-10-01|15:46|0011|CB.TIROIR2|0|0.00
Z201_01A_092024_MASSENA.CSV||MC#01|FONC FIXES|FILE201|ZZ2|0077|2024-10-01|15:46|0012|CHQ.TIROIR2|0|0.00
Z201_01A_092024_MASSENA.CSV||MC#01|FONC FIXES|FILE201|ZZ2|0077|2024-10-01|15:46|0013|CR.TIROI2(1)|0|0.00
Z201_01A_092024_MASSENA.CSV||MC#01|FONC FIXES|FILE201|ZZ2|0077|2024-10-01|15:46|0014|CR.TIROI2(2)|0|0.00
Z201_01A_092024_MASSENA.CSV||MC#01|FONC FIXES|FILE201|ZZ2|0077|2024-10-01|15:46|0015|CR.TIROI2(3)|0|0.00
Z201_01A_092024_MASSENA.CSV||MC#01|FONC FIXES|FILE201|ZZ2|0077|2024-10-01|15:46|0016|CR.TIROI2(4)|0|0.00
Z201_01A_092024_MASSENA.CSV||MC#01|FONC FIXES|FILE201|ZZ2|0077|2024-10-01|15:46|0017|RETOUR CLE|0|0.00
Z201_01A_092024_MASSENA.CSV||MC#01|FONC FIXES|FILE201|ZZ2|0077|2024-10-01|15:46|0018|CLIENTS|25|0.00
Z201_01A_092024_MASSENA.CSV||MC#01|FONC FIXES|FILE201|ZZ2|0077|2024-10-01|15:46|0019|PANIER MOYEN|0|0.00
Z201_01A_092024_MASSENA.CSV||MC#01|FONC FIXES|FILE201|ZZ2|0077|2024-10-01|15:46|0020|COMMISSION 1|0|0.00
Z201_01A_092024_MASSENA.CSV||MC#01|FONC FIXES|FILE201|ZZ2|0077|2024-10-01|15:46|0021|COMMISSION 2|0|0.00
Z201_01A_092024_MASSENA.CSV||MC#01|FONC FIXES|FILE201|ZZ2|0077|2024-10-01|15:46|0022|CHANGE ESP 1|0|0.00
Z201_01A_092024_MASSENA.CSV||MC#01|FONC FIXES|FILE201|ZZ2|0077|2024-10-01|15:46|0023|CHANGE CHEQ1|0|0.00
Z201_01A_092024_MASSENA.CSV||MC#01|FONC FIXES|FILE201|ZZ2|0077|2024-10-01|15:46|0024|CHANGE ESP 2|0|0.00
Z201_01A_092024_MASSENA.CSV||MC#01|FONC FIXES|FILE201|ZZ2|0077|2024-10-01|15:46|0025|CHANGE CHEQ2|0|0.00
Z201_01A_092024_MASSENA.CSV||MC#01|FONC FIXES|FILE201|ZZ2|0077|2024-10-01|15:46|0026|TOTAL REMISE|0|0.00
Z201_01A_092024_MASSENA.CSV||MC#01|FONC FIXES|FILE201|ZZ2|0077|2024-10-01|15:46|0027||0|0.00
Z201_01A_092024_MASSENA.CSV||MC#01|FONC FIXES|FILE201|ZZ2|0077|2024-10-01|15:46|0028|RETOUR+ANNUL|0|0.00
Z201_01A_092024_MASSENA.CSV||MC#01|FONC FIXES|FILE201|ZZ2|0077|2024-10-01|15:46|0029|TL ARRONDI|0|0.00
Z201_01A_092024_MASSENA.CSV||MC#01|FONC FIXES|FILE201|ZZ2|0077|2024-10-01|15:46|0030|TL ARRONDI|0|0.00
Z201_01A_092024_MASSENA.CSV||MC#01|FONC FIXES|FILE201|ZZ2|0077|2024-10-01|15:46|0031|NUL TICKET|0|0.00
Z201_01A_092024_MASSENA.CSV||MC#01|FONC FIXES|FILE201|ZZ2|0077|2024-10-01|15:46|0032||0|0.00
Z201_01A_092024_MASSENA.CSV||MC#01|FONC FIXES|FILE201|ZZ2|0077|2024-10-01|15:46|0033|HORS TAXE 1|0|11208.22
Z201_01A_092024_MASSENA.CSV||MC#01|FONC FIXES|FILE201|ZZ2|0077|2024-10-01|15:46|0034|TVA 1|0|2241.68
Z201_01A_092024_MASSENA.CSV||MC#01|FONC FIXES|FILE201|ZZ2|0077|2024-10-01|15:46|0035|HORS TAXE 2|0|0.00
Z201_01A_092024_MASSENA.CSV||MC#01|FONC FIXES|FILE201|ZZ2|0077|2024-10-01|15:46|0036|TVA 2|0|0.00
Z201_01A_092024_MASSENA.CSV||MC#01|FONC FIXES|FILE201|ZZ2|0077|2024-10-01|15:46|0037|HORS TAXE 3|0|0.00
Z201_01A_092024_MASSENA.CSV||MC#01|FONC FIXES|FILE201|ZZ2|0077|2024-10-01|15:46|0038|TVA 3|0|0.00
Z201_01A_092024_MASSENA.CSV||MC#01|FONC FIXES|FILE201|ZZ2|0077|2024-10-01|15:46|0039|HORS TAXE 4|0|0.00
Z201_01A_092024_MASSENA.CSV||MC#01|FONC FIXES|FILE201|ZZ2|0077|2024-10-01|15:46|0040|TVA 4|0|0.00
Z201_01A_092024_MASSENA.CSV||MC#01|FONC FIXES|FILE201|ZZ2|0077|2024-10-01|15:46|0041|NON TAXABLE|0|0.00
Z201_02A_012024_MASSENA.CSV||MC#01|FONC FIXES|FILE201|ZZ2|0069|2024-02-02|10:46|0001|CA BRUT|34|11548.00
Z201_02A_012024_MASSENA.CSV||MC#01|FONC FIXES|FILE201|ZZ2|0069|2024-02-02|10:46|0002|CA NET|21|11548.00
Z201_02A_012024_MASSENA.CSV||MC#01|FONC FIXES|FILE201|ZZ2|0069|2024-02-02|10:46|0003|ESP.TIROIR|0|9224.00
Z201_02A_012024_MASSENA.CSV||MC#01|FONC FIXES|FILE201|ZZ2|0069|2024-02-02|10:46|0004|CB.TIROIR|0|2324.00
Z201_02A_012024_MASSENA.CSV||MC#01|FONC FIXES|FILE201|ZZ2|0069|2024-02-02|10:46|0005|CHQ.TIROIR|0|0.00
Z201_02A_012024_MASSENA.CSV||MC#01|FONC FIXES|FILE201|ZZ2|0069|2024-02-02|10:46|0006|CR.TIROIR(1)|0|0.00
Z201_02A_012024_MASSENA.CSV||MC#01|FONC FIXES|FILE201|ZZ2|0069|2024-02-02|10:46|0007|CR.TIROIR(2)|0|0.00
Z201_02A_012024_MASSENA.CSV||MC#01|FONC FIXES|FILE201|ZZ2|0069|2024-02-02|10:46|0008|CR.TIROIR(3)|0|0.00
Z201_02A_012024_MASSENA.CSV||MC#01|FONC FIXES|FILE201|ZZ2|0069|2024-02-02|10:46|0009|CR.TIROIR(4)|0|0.00
Z201_02A_012024_MASSENA.CSV||MC#01|FONC FIXES|FILE201|ZZ2|0069|2024-02-02|10:46|0010|ESP.TIROIR2|0|0.00
Z201_02A_012024_MASSENA.CSV||MC#01|FONC FIXES|FILE201|ZZ2|0069|2024-02-02|10:46|0011|CB.TIROIR2|0|0.00
Z201_02A_012024_MASSENA.CSV||MC#01|FONC FIXES|FILE201|ZZ2|0069|2024-02-02|10:46|0012|CHQ.TIROIR2|0|0.00
Z201_02A_012024_MASSENA.CSV||MC#01|FONC FIXES|FILE201|ZZ2|0069|2024-02-02|10:46|0013|CR.TIROI2(1)|0|0.00
Z201_02A_012024_MASSENA.CSV||MC#01|FONC FIXES|FILE201|ZZ2|0069|2024-02-02|10:46|0014|CR.TIROI2(2)|0|0.00
Z201_02A_012024_MASSENA.CSV||MC#01|FONC FIXES|FILE201|ZZ2|0069|2024-02-02|10:46|0015|CR.TIROI2(3)|0|0.00
Z201_02A_012024_MASSENA.CSV||MC#01|FONC FIXES|FILE201|ZZ2|0069|2024-02-02|10:46|0016|CR.TIROI2(4)|0|0.00
Z201_02A_012024_MASSENA.CSV||MC#01|FONC FIXES|FILE201|ZZ2|0069|2024-02-02|10:46|0017|RETOUR CLE|0|0.00
Z201_02A_012024_MASSENA.CSV||MC#01|FONC FIXES|FILE201|ZZ2|0069|2024-02-02|10:46|0018|CLIENTS|21|0.00
Z201_02A_012024_MASSENA.CSV||MC#01|FONC FIXES|FILE201|ZZ2|0069|2024-02-02|10:46|0019|PANIER MOYEN|0|0.00
Z201_02A_012024_MASSENA.CSV||MC#01|FONC FIXES|FILE201|ZZ2|0069|2024-02-02|10:46|0020|COMMISSION 1|0|0.00
Z201_02A_012024_MASSENA.CSV||MC#01|FONC FIXES|FILE201|ZZ2|0069|2024-02-02|10:46|0021|COMMISSION 2|0|0.00
Z201_02A_012024_MASSENA.CSV||MC#01|FONC FIXES|FILE201|ZZ2|0069|2024-02-02|10:46|0022|CHANGE ESP 1|0|0.00
Z201_02A_012024_MASSENA.CSV||MC#01|FONC FIXES|FILE201|ZZ2|0069|2024-02-02|10:46|0023|CHANGE CHEQ1|0|0.00
Z201_02A_012024_MASSENA.CSV||MC#01|FONC FIXES|FILE201|ZZ2|0069|2024-02-02|10:46|0024|CHANGE ESP 2|0|0.00
Z201_02A_012024_MASSENA.CSV||MC#01|FONC FIXES|FILE201|ZZ2|0069|2024-02-02|10:46|0025|CHANGE CHEQ2|0|0.00
Z201_02A_012024_MASSENA.CSV||MC#01|FONC FIXES|FILE201|ZZ2|0069|2024-02-02|10:46|0026|TOTAL REMISE|0|0.00
Z201_02A_012024_MASSENA.CSV||MC#01|FONC FIXES|FILE201|ZZ2|0069|2024-02-02|10:46|0027||0|0.00
Z201_02A_012024_MASSENA.CSV||MC#01|FONC FIXES|FILE201|ZZ2|0069|2024-02-02|10:46|0028|RETOUR+ANNUL|0|0.00
Z201_02A_012024_MASSENA.CSV||MC#01|FONC FIXES|FILE201|ZZ2|0069|2024-02-02|10:46|0029|TL ARRONDI|0|0.00
Z201_02A_012024_MASSENA.CSV||MC#01|FONC FIXES|FILE201|ZZ2|0069|2024-02-02|10:46|0030|TL ARRONDI|0|0.00
Z201_02A_012024_MASSENA.CSV||MC#01|FONC FIXES|FILE201|ZZ2|0069|2024-02-02|10:46|0031|NUL TICKET|0|0.00
Z201_02A_012024_MASSENA.CSV||MC#01|FONC FIXES|FILE201|ZZ2|0069|2024-02-02|10:46|0032||0|0.00
Z201_02A_012024_MASSENA.CSV||MC#01|FONC FIXES|FILE201|ZZ2|0069|2024-02-02|10:46|0033|HORS TAXE 1|0|9623.34
Z201_02A_012024_MASSENA.CSV||MC#01|FONC FIXES|FILE201|ZZ2|0069|2024-02-02|10:46|0034|TVA 1|0|1924.66
Z201_02A_012024_MASSENA.CSV||MC#01|FONC FIXES|FILE201|ZZ2|0069|2024-02-02|10:46|0035|HORS TAXE 2|0|0.00
Z201_02A_012024_MASSENA.CSV||MC#01|FONC FIXES|FILE201|ZZ2|0069|2024-02-02|10:46|0036|TVA 2|0|0.00
Z201_02A_012024_MASSENA.CSV||MC#01|FONC FIXES|FILE201|ZZ2|0069|2024-02-02|10:46|0037|HORS TAXE 3|0|0.00
Z201_02A_012024_MASSENA.CSV||MC#01|FONC FIXES|FILE201|ZZ2|0069|2024-02-02|10:46|0038|TVA 3|0|0.00
Z201_02A_012024_MASSENA.CSV||MC#01|FONC FIXES|FILE201|ZZ2|0069|2024-02-02|10:46|0039|HORS TAXE 4|0|0.00
Z201_02A_012024_MASSENA.CSV||MC#01|FONC FIXES|FILE201|ZZ2|0069|2024-02-02|10:46|0040|TVA 4|0|0.00
Z201_02A_012024_MASSENA.CSV||MC#01|FONC FIXES|FILE201|ZZ2|0069|2024-02-02|10:46|0041|NON TAXABLE|0|0.00
Z201_02A_022024_MASSENA.CSV||MC#01|FONC FIXES|FILE201|ZZ2|0070|2024-03-02|14:51|0001|CA BRUT|42|11994.00
Z201_02A_022024_MASSENA.CSV||MC#01|FONC FIXES|FILE201|ZZ2|0070|2024-03-02|14:51|0002|CA NET|24|11994.00
Z201_02A_022024_MASSENA.CSV||MC#01|FONC FIXES|FILE201|ZZ2|0070|2024-03-02|14:51|0003|ESP.TIROIR|0|7040.00
Z201_02A_022024_MASSENA.CSV||MC#01|FONC FIXES|FILE201|ZZ2|0070|2024-03-02|14:51|0004|CB.TIROIR|0|4954.00
Z201_02A_022024_MASSENA.CSV||MC#01|FONC FIXES|FILE201|ZZ2|0070|2024-03-02|14:51|0005|CHQ.TIROIR|0|0.00
Z201_02A_022024_MASSENA.CSV||MC#01|FONC FIXES|FILE201|ZZ2|0070|2024-03-02|14:51|0006|CR.TIROIR(1)|0|0.00
Z201_02A_022024_MASSENA.CSV||MC#01|FONC FIXES|FILE201|ZZ2|0070|2024-03-02|14:51|0007|CR.TIROIR(2)|0|0.00
Z201_02A_022024_MASSENA.CSV||MC#01|FONC FIXES|FILE201|ZZ2|0070|2024-03-02|14:51|0008|CR.TIROIR(3)|0|0.00
Z201_02A_022024_MASSENA.CSV||MC#01|FONC FIXES|FILE201|ZZ2|0070|2024-03-02|14:51|0009|CR.TIROIR(4)|0|0.00
Z201_02A_022024_MASSENA.CSV||MC#01|FONC FIXES|FILE201|ZZ2|0070|2024-03-02|14:51|0010|ESP.TIROIR2|0|0.00
Z201_02A_022024_MASSENA.CSV||MC#01|FONC FIXES|FILE201|ZZ2|0070|2024-03-02|14:51|0011|CB.TIROIR2|0|0.00
Z201_02A_022024_MASSENA.CSV||MC#01|FONC FIXES|FILE201|ZZ2|0070|2024-03-02|14:51|0012|CHQ.TIROIR2|0|0.00
Z201_02A_022024_MASSENA.CSV||MC#01|FONC FIXES|FILE201|ZZ2|0070|2024-03-02|14:51|0013|CR.TIROI2(1)|0|0.00
Z201_02A_022024_MASSENA.CSV||MC#01|FONC FIXES|FILE201|ZZ2|0070|2024-03-02|14:51|0014|CR.TIROI2(2)|0|0.00
Z201_02A_022024_MASSENA.CSV||MC#01|FONC FIXES|FILE201|ZZ2|0070|2024-03-02|14:51|0015|CR.TIROI2(3)|0|0.00
Z201_02A_022024_MASSENA.CSV||MC#01|FONC FIXES|FILE201|ZZ2|0070|2024-03-02|14:51|0016|CR.TIROI2(4)|0|0.00
Z201_02A_022024_MASSENA.CSV||MC#01|FONC FIXES|FILE201|ZZ2|0070|2024-03-02|14:51|0017|RETOUR CLE|0|0.00
Z201_02A_022024_MASSENA.CSV||MC#01|FONC FIXES|FILE201|ZZ2|0070|2024-03-02|14:51|0018|CLIENTS|24|0.00
Z201_02A_022024_MASSENA.CSV||MC#01|FONC FIXES|FILE201|ZZ2|0070|2024-03-02|14:51|0019|PANIER MOYEN|0|0.00
Z201_02A_022024_MASSENA.CSV||MC#01|FONC FIXES|FILE201|ZZ2|0070|2024-03-02|14:51|0020|COMMISSION 1|0|0.00
Z201_02A_022024_MASSENA.CSV||MC#01|FONC FIXES|FILE201|ZZ2|0070|2024-03-02|14:51|0021|COMMISSION 2|0|0.00
Z201_02A_022024_MASSENA.CSV||MC#01|FONC FIXES|FILE201|ZZ2|0070|2024-03-02|14:51|0022|CHANGE ESP 1|0|0.00
Z201_02A_022024_MASSENA.CSV||MC#01|FONC FIXES|FILE201|ZZ2|0070|2024-03-02|14:51|0023|CHANGE CHEQ1|0|0.00
Z201_02A_022024_MASSENA.CSV||MC#01|FONC FIXES|FILE201|ZZ2|0070|2024-03-02|14:51|0024|CHANGE ESP 2|0|0.00
Z201_02A_022024_MASSENA.CSV||MC#01|FONC FIXES|FILE201|ZZ2|0070|2024-03-02|14:51|0025|CHANGE CHEQ2|0|0.00
Z201_02A_022024_MASSENA.CSV||MC#01|FONC FIXES|FILE201|ZZ2|0070|2024-03-02|14:51|0026|TOTAL REMISE|0|0.00
Z201_02A_022024_MASSENA.CSV||MC#01|FONC FIXES|FILE201|ZZ2|0070|2024-03-02|14:51|0027||0|0.00
Z201_02A_022024_MASSENA.CSV||MC#01|FONC FIXES|FILE201|ZZ2|0070|2024-03-02|14:51|0028|RETOUR+ANNUL|0|0.00
Z201_02A_022024_MASSENA.CSV||MC#01|FONC FIXES|FILE201|ZZ2|0070|2024-03-02|14:51|0029|TL ARRONDI|0|0.00
Z201_02A_022024_MASSENA.CSV||MC#01|FONC FIXES|FILE201|ZZ2|0070|2024-03-02|14:51|0030|TL ARRONDI|0|0.00
Z201_02A_022024_MASSENA.CSV||MC#01|FONC FIXES|FILE201|ZZ2|0070|2024-03-02|14:51|0031|NUL TICKET|0|0.00
Z201_02A_022024_MASSENA.CSV||MC#01|FONC FIXES|FILE201|ZZ2|0070|2024-03-02|14:51|0032||0|0.00
Z201_02A_022024_MASSENA.CSV||MC#01|FONC FIXES|FILE201|ZZ2|0070|2024-03-02|14:51|0033|HORS TAXE 1|0|9994.99
Z201_02A_022024_MASSENA.CSV||MC#01|FONC FIXES|FILE201|ZZ2|0070|2024-03-02|14:51|0034|TVA 1|0|1999.01
Z201_02A_022024_MASSENA.CSV||MC#01|FONC FIXES|FILE201|ZZ2|0070|2024-03-02|14:51|0035|HORS TAXE 2|0|0.00
Z201_02A_022024_MASSENA.CSV||MC#01|FONC FIXES|FILE201|ZZ2|0070|2024-03-02|14:51|0036|TVA 2|0|0.00
Z201_02A_022024_MASSENA.CSV||MC#01|FONC FIXES|FILE201|ZZ2|0070|2024-03-02|14:51|0037|HORS TAXE 3|0|0.00
Z201_02A_022024_MASSENA.CSV||MC#01|FONC FIXES|FILE201|ZZ2|0070|2024-03-02|14:51|0038|TVA 3|0|0.00
Z201_02A_022024_MASSENA.CSV||MC#01|FONC FIXES|FILE201|ZZ2|0070|2024-03-02|14:51|0039|HORS TAXE 4|0|0.00
Z201_02A_022024_MASSENA.CSV||MC#01|FONC FIXES|FILE201|ZZ2|0070|2024-03-02|14:51|0040|TVA 4|0|0.00
Z201_02A_022024_MASSENA.CSV||MC#01|FONC FIXES|FILE201|ZZ2|0070|2024-03-02|14:51|0041|NON TAXABLE|0|0.00
Z201_02A_032024_MASSENA.CSV||MC#01|FONC FIXES|FILE201|ZZ2|0071|2024-04-02|10:01|0001|CA BRUT|70|15311.10
Z201_02A_032024_MASSENA.CSV||MC#01|FONC FIXES|FILE201|ZZ2|0071|2024-04-02|10:01|0002|CA NET|37|15311.10
Z201_02A_032024_MASSENA.CSV||MC#01|FONC FIXES|FILE201|ZZ2|0071|2024-04-02|10:01|0003|ESP.TIROIR|0|14266.60
Z201_02A_032024_MASSENA.CSV||MC#01|FONC FIXES|FILE201|ZZ2|0071|2024-04-02|10:01|0004|CB.TIROIR|0|1044.50
Z201_02A_032024_MASSENA.CSV||MC#01|FONC FIXES|FILE201|ZZ2|0071|2024-04-02|10:01|0005|CHQ.TIROIR|0|0.00
Z201_02A_032024_MASSENA.CSV||MC#01|FONC FIXES|FILE201|ZZ2|0071|2024-04-02|10:01|0006|CR.TIROIR(1)|0|0.00
Z201_02A_032024_MASSENA.CSV||MC#01|FONC FIXES|FILE201|ZZ2|0071|2024-04-02|10:01|0007|CR.TIROIR(2)|0|0.00
Z201_02A_032024_MASSENA.CSV||MC#01|FONC FIXES|FILE201|ZZ2|0071|2024-04-02|10:01|0008|CR.TIROIR(3)|0|0.00
Z201_02A_032024_MASSENA.CSV||MC#01|FONC FIXES|FILE201|ZZ2|0071|2024-04-02|10:01|0009|CR.TIROIR(4)|0|0.00
Z201_02A_032024_MASSENA.CSV||MC#01|FONC FIXES|FILE201|ZZ2|0071|2024-04-02|10:01|0010|ESP.TIROIR2|0|0.00
Z201_02A_032024_MASSENA.CSV||MC#01|FONC FIXES|FILE201|ZZ2|0071|2024-04-02|10:01|0011|CB.TIROIR2|0|0.00
Z201_02A_032024_MASSENA.CSV||MC#01|FONC FIXES|FILE201|ZZ2|0071|2024-04-02|10:01|0012|CHQ.TIROIR2|0|0.00
Z201_02A_032024_MASSENA.CSV||MC#01|FONC FIXES|FILE201|ZZ2|0071|2024-04-02|10:01|0013|CR.TIROI2(1)|0|0.00
Z201_02A_032024_MASSENA.CSV||MC#01|FONC FIXES|FILE201|ZZ2|0071|2024-04-02|10:01|0014|CR.TIROI2(2)|0|0.00
Z201_02A_032024_MASSENA.CSV||MC#01|FONC FIXES|FILE201|ZZ2|0071|2024-04-02|10:01|0015|CR.TIROI2(3)|0|0.00
Z201_02A_032024_MASSENA.CSV||MC#01|FONC FIXES|FILE201|ZZ2|0071|2024-04-02|10:01|0016|CR.TIROI2(4)|0|0.00
Z201_02A_032024_MASSENA.CSV||MC#01|FONC FIXES|FILE201|ZZ2|0071|2024-04-02|10:01|0017|RETOUR CLE|0|0.00
Z201_02A_032024_MASSENA.CSV||MC#01|FONC FIXES|FILE201|ZZ2|0071|2024-04-02|10:01|0018|CLIENTS|37|0.00
Z201_02A_032024_MASSENA.CSV||MC#01|FONC FIXES|FILE201|ZZ2|0071|2024-04-02|10:01|0019|PANIER MOYEN|0|0.00
Z201_02A_032024_MASSENA.CSV||MC#01|FONC FIXES|FILE201|ZZ2|0071|2024-04-02|10:01|0020|COMMISSION 1|0|0.00
Z201_02A_032024_MASSENA.CSV||MC#01|FONC FIXES|FILE201|ZZ2|0071|2024-04-02|10:01|0021|COMMISSION 2|0|0.00
Z201_02A_032024_MASSENA.CSV||MC#01|FONC FIXES|FILE201|ZZ2|0071|2024-04-02|10:01|0022|CHANGE ESP 1|0|0.00
Z201_02A_032024_MASSENA.CSV||MC#01|FONC FIXES|FILE201|ZZ2|0071|2024-04-02|10:01|0023|CHANGE CHEQ1|0|0.00
Z201_02A_032024_MASSENA.CSV||MC#01|FONC FIXES|FILE201|ZZ2|0071|2024-04-02|10:01|0024|CHANGE ESP 2|0|0.00
Z201_02A_032024_MASSENA.CSV||MC#01|FONC FIXES|FILE201|ZZ2|0071|2024-04-02|10:01|0025|CHANGE CHEQ2|0|0.00
Z201_02A_032024_MASSENA.CSV||MC#01|FONC FIXES|FILE201|ZZ2|0071|2024-04-02|10:01|0026|TOTAL REMISE|0|0.00
Z201_02A_032024_MASSENA.CSV||MC#01|FONC FIXES|FILE201|ZZ2|0071|2024-04-02|10:01|0027||0|0.00
Z201_02A_032024_MASSENA.CSV||MC#01|FONC FIXES|FILE201|ZZ2|0071|2024-04-02|10:01|0028|RETOUR+ANNUL|0|0.00
Z201_02A_032024_MASSENA.CSV||MC#01|FONC FIXES|FILE201|ZZ2|0071|2024-04-02|10:01|0029|TL ARRONDI|0|0.00
Z201_02A_032024_MASSENA.CSV||MC#01|FONC FIXES|FILE201|ZZ2|0071|2024-04-02|10:01|0030|TL ARRONDI|0|0.00
Z201_02A_032024_MASSENA.CSV||MC#01|FONC FIXES|FILE201|ZZ2|0071|2024-04-02|10:01|0031|NUL TICKET|0|0.00
Z201_02A_032024_MASSENA.CSV||MC#01|FONC FIXES|FILE201|ZZ2|0071|2024-04-02|10:01|0032||0|0.00
Z201_02A_032024_MASSENA.CSV||MC#01|FONC FIXES|FILE201|ZZ2|0071|2024-04-02|10:01|0033|HORS TAXE 1|0|12759.21
Z201_02A_032024_MASSENA.CSV||MC#01|FONC FIXES|FILE201|ZZ2|0071|2024-04-02|10:01|0034|TVA 1|0|2551.89
Z201_02A_032024_MASSENA.CSV||MC#01|FONC FIXES|FILE201|ZZ2|0071|2024-04-02|10:01|0035|HORS TAXE 2|0|0.00
Z201_02A_032024_MASSENA.CSV||MC#01|FONC FIXES|FILE201|ZZ2|0071|2024-04-02|10:01|0036|TVA 2|0|0.00
Z201_02A_032024_MASSENA.CSV||MC#01|FONC FIXES|FILE201|ZZ2|0071|2024-04-02|10:01|0037|HORS TAXE 3|0|0.00
Z201_02A_032024_MASSENA.CSV||MC#01|FONC FIXES|FILE201|ZZ2|0071|2024-04-02|10:01|0038|TVA 3|0|0.00
Z201_02A_032024_MASSENA.CSV||MC#01|FONC FIXES|FILE201|ZZ2|0071|2024-04-02|10:01|0039|HORS TAXE 4|0|0.00
Z201_02A_032024_MASSENA.CSV||MC#01|FONC FIXES|FILE201|ZZ2|0071|2024-04-02|10:01|0040|TVA 4|0|0.00
Z201_02A_032024_MASSENA.CSV||MC#01|FONC FIXES|FILE201|ZZ2|0071|2024-04-02|10:01|0041|NON TAXABLE|0|0.00
Z201_02A_082024_MASSENA.CSV||MC#01|FONC FIXES|FILE201|ZZ2|0076|2024-09-02|00:41|0001|CA BRUT|141|36499.20
Z201_02A_082024_MASSENA.CSV||MC#01|FONC FIXES|FILE201|ZZ2|0076|2024-09-02|00:41|0002|CA NET|49|36499.20
Z201_02A_082024_MASSENA.CSV||MC#01|FONC FIXES|FILE201|ZZ2|0076|2024-09-02|00:41|0003|ESP.TIROIR|0|24701.80
Z201_02A_082024_MASSENA.CSV||MC#01|FONC FIXES|FILE201|ZZ2|0076|2024-09-02|00:41|0004|CB.TIROIR|0|11797.40
Z201_02A_082024_MASSENA.CSV||MC#01|FONC FIXES|FILE201|ZZ2|0076|2024-09-02|00:41|0005|CHQ.TIROIR|0|0.00
Z201_02A_082024_MASSENA.CSV||MC#01|FONC FIXES|FILE201|ZZ2|0076|2024-09-02|00:41|0006|CR.TIROIR(1)|0|0.00
Z201_02A_082024_MASSENA.CSV||MC#01|FONC FIXES|FILE201|ZZ2|0076|2024-09-02|00:41|0007|CR.TIROIR(2)|0|0.00
Z201_02A_082024_MASSENA.CSV||MC#01|FONC FIXES|FILE201|ZZ2|0076|2024-09-02|00:41|0008|CR.TIROIR(3)|0|0.00
Z201_02A_082024_MASSENA.CSV||MC#01|FONC FIXES|FILE201|ZZ2|0076|2024-09-02|00:41|0009|CR.TIROIR(4)|0|0.00
Z201_02A_082024_MASSENA.CSV||MC#01|FONC FIXES|FILE201|ZZ2|0076|2024-09-02|00:41|0010|ESP.TIROIR2|0|0.00
Z201_02A_082024_MASSENA.CSV||MC#01|FONC FIXES|FILE201|ZZ2|0076|2024-09-02|00:41|0011|CB.TIROIR2|0|0.00
Z201_02A_082024_MASSENA.CSV||MC#01|FONC FIXES|FILE201|ZZ2|0076|2024-09-02|00:41|0012|CHQ.TIROIR2|0|0.00
Z201_02A_082024_MASSENA.CSV||MC#01|FONC FIXES|FILE201|ZZ2|0076|2024-09-02|00:41|0013|CR.TIROI2(1)|0|0.00
Z201_02A_082024_MASSENA.CSV||MC#01|FONC FIXES|FILE201|ZZ2|0076|2024-09-02|00:41|0014|CR.TIROI2(2)|0|0.00
Z201_02A_082024_MASSENA.CSV||MC#01|FONC FIXES|FILE201|ZZ2|0076|2024-09-02|00:41|0015|CR.TIROI2(3)|0|0.00
Z201_02A_082024_MASSENA.CSV||MC#01|FONC FIXES|FILE201|ZZ2|0076|2024-09-02|00:41|0016|CR.TIROI2(4)|0|0.00
Z201_02A_082024_MASSENA.CSV||MC#01|FONC FIXES|FILE201|ZZ2|0076|2024-09-02|00:41|0017|RETOUR CLE|0|0.00
Z201_02A_082024_MASSENA.CSV||MC#01|FONC FIXES|FILE201|ZZ2|0076|2024-09-02|00:41|0018|CLIENTS|49|0.00
Z201_02A_082024_MASSENA.CSV||MC#01|FONC FIXES|FILE201|ZZ2|0076|2024-09-02|00:41|0019|PANIER MOYEN|0|0.00
Z201_02A_082024_MASSENA.CSV||MC#01|FONC FIXES|FILE201|ZZ2|0076|2024-09-02|00:41|0020|COMMISSION 1|0|0.00
Z201_02A_082024_MASSENA.CSV||MC#01|FONC FIXES|FILE201|ZZ2|0076|2024-09-02|00:41|0021|COMMISSION 2|0|0.00
Z201_02A_082024_MASSENA.CSV||MC#01|FONC FIXES|FILE201|ZZ2|0076|2024-09-02|00:41|0022|CHANGE ESP 1|0|0.00
Z201_02A_082024_MASSENA.CSV||MC#01|FONC FIXES|FILE201|ZZ2|0076|2024-09-02|00:41|0023|CHANGE CHEQ1|0|0.00
Z201_02A_082024_MASSENA.CSV||MC#01|FONC FIXES|FILE201|ZZ2|0076|2024-09-02|00:41|0024|CHANGE ESP 2|0|0.00
Z201_02A_082024_MASSENA.CSV||MC#01|FONC FIXES|FILE201|ZZ2|0076|2024-09-02|00:41|0025|CHANGE CHEQ2|0|0.00
Z201_02A_082024_MASSENA.CSV||MC#01|FONC FIXES|FILE201|ZZ2|0076|2024-09-02|00:41|0026|TOTAL REMISE|0|0.00
Z201_02A_082024_MASSENA.CSV||MC#01|FONC FIXES|FILE201|ZZ2|0076|2024-09-02|00:41|0027||0|0.00
Z201_02A_082024_MASSENA.CSV||MC#01|FONC FIXES|FILE201|ZZ2|0076|2024-09-02|00:41|0028|RETOUR+ANNUL|0|0.00
Z201_02A_082024_MASSENA.CSV||MC#01|FONC FIXES|FILE201|ZZ2|0076|2024-09-02|00:41|0029|TL ARRONDI|0|0.00
Z201_02A_082024_MASSENA.CSV||MC#01|FONC FIXES|FILE201|ZZ2|0076|2024-09-02|00:41|0030|TL ARRONDI|0|0.00
Z201_02A_082024_MASSENA.CSV||MC#01|FONC FIXES|FILE201|ZZ2|0076|2024-09-02|00:41|0031|NUL TICKET|0|0.00
Z201_02A_082024_MASSENA.CSV||MC#01|FONC FIXES|FILE201|ZZ2|0076|2024-09-02|00:41|0032||0|0.00
Z201_02A_082024_MASSENA.CSV||MC#01|FONC FIXES|FILE201|ZZ2|0076|2024-09-02|00:41|0033|HORS TAXE 1|0|30415.96
Z201_02A_082024_MASSENA.CSV||MC#01|FONC FIXES|FILE201|ZZ2|0076|2024-09-02|00:41|0034|TVA 1|0|6083.24
Z201_02A_082024_MASSENA.CSV||MC#01|FONC FIXES|FILE201|ZZ2|0076|2024-09-02|00:41|0035|HORS TAXE 2|0|0.00
Z201_02A_082024_MASSENA.CSV||MC#01|FONC FIXES|FILE201|ZZ2|0076|2024-09-02|00:41|0036|TVA 2|0|0.00
Z201_02A_082024_MASSENA.CSV||MC#01|FONC FIXES|FILE201|ZZ2|0076|2024-09-02|00:41|0037|HORS TAXE 3|0|0.00
Z201_02A_082024_MASSENA.CSV||MC#01|FONC FIXES|FILE201|ZZ2|0076|2024-09-02|00:41|0038|TVA 3|0|0.00
Z201_02A_082024_MASSENA.CSV||MC#01|FONC FIXES|FILE201|ZZ2|0076|2024-09-02|00:41|0039|HORS TAXE 4|0|0.00
Z201_02A_082024_MASSENA.CSV||MC#01|FONC FIXES|FILE201|ZZ2|0076|2024-09-02|00:41|0040|TVA 4|0|0.00
Z201_02A_082024_MASSENA.CSV||MC#01|FONC FIXES|FILE201|ZZ2|0076|2024-09-02|00:41|0041|NON TAXABLE|0|0.00
Z201_02A_122024_MASSENA.CSV||MC#01|FONC FIXES|FILE201|ZZ2|0080|2025-01-02|18:08|0001|CA BRUT|55|12993.60
Z201_02A_122024_MASSENA.CSV||MC#01|FONC FIXES|FILE201|ZZ2|0080|2025-01-02|18:08|0002|CA NET|26|12993.60
Z201_02A_122024_MASSENA.CSV||MC#01|FONC FIXES|FILE201|ZZ2|0080|2025-01-02|18:08|0003|ESP.TIROIR|0|11111.60
Z201_02A_122024_MASSENA.CSV||MC#01|FONC FIXES|FILE201|ZZ2|0080|2025-01-02|18:08|0004|CB.TIROIR|0|1882.00
Z201_02A_122024_MASSENA.CSV||MC#01|FONC FIXES|FILE201|ZZ2|0080|2025-01-02|18:08|0005|CHQ.TIROIR|0|0.00
Z201_02A_122024_MASSENA.CSV||MC#01|FONC FIXES|FILE201|ZZ2|0080|2025-01-02|18:08|0006|CR.TIROIR(1)|0|0.00
Z201_02A_122024_MASSENA.CSV||MC#01|FONC FIXES|FILE201|ZZ2|0080|2025-01-02|18:08|0007|CR.TIROIR(2)|0|0.00
Z201_02A_122024_MASSENA.CSV||MC#01|FONC FIXES|FILE201|ZZ2|0080|2025-01-02|18:08|0008|CR.TIROIR(3)|0|0.00
Z201_02A_122024_MASSENA.CSV||MC#01|FONC FIXES|FILE201|ZZ2|0080|2025-01-02|18:08|0009|CR.TIROIR(4)|0|0.00
Z201_02A_122024_MASSENA.CSV||MC#01|FONC FIXES|FILE201|ZZ2|0080|2025-01-02|18:08|0010|ESP.TIROIR2|0|0.00
Z201_02A_122024_MASSENA.CSV||MC#01|FONC FIXES|FILE201|ZZ2|0080|2025-01-02|18:08|0011|CB.TIROIR2|0|0.00
Z201_02A_122024_MASSENA.CSV||MC#01|FONC FIXES|FILE201|ZZ2|0080|2025-01-02|18:08|0012|CHQ.TIROIR2|0|0.00
Z201_02A_122024_MASSENA.CSV||MC#01|FONC FIXES|FILE201|ZZ2|0080|2025-01-02|18:08|0013|CR.TIROI2(1)|0|0.00
Z201_02A_122024_MASSENA.CSV||MC#01|FONC FIXES|FILE201|ZZ2|0080|2025-01-02|18:08|0014|CR.TIROI2(2)|0|0.00
Z201_02A_122024_MASSENA.CSV||MC#01|FONC FIXES|FILE201|ZZ2|0080|2025-01-02|18:08|0015|CR.TIROI2(3)|0|0.00
Z201_02A_122024_MASSENA.CSV||MC#01|FONC FIXES|FILE201|ZZ2|0080|2025-01-02|18:08|0016|CR.TIROI2(4)|0|0.00
Z201_02A_122024_MASSENA.CSV||MC#01|FONC FIXES|FILE201|ZZ2|0080|2025-01-02|18:08|0017|RETOUR CLE|0|0.00
Z201_02A_122024_MASSENA.CSV||MC#01|FONC FIXES|FILE201|ZZ2|0080|2025-01-02|18:08|0018|CLIENTS|26|0.00
Z201_02A_122024_MASSENA.CSV||MC#01|FONC FIXES|FILE201|ZZ2|0080|2025-01-02|18:08|0019|PANIER MOYEN|0|0.00
Z201_02A_122024_MASSENA.CSV||MC#01|FONC FIXES|FILE201|ZZ2|0080|2025-01-02|18:08|0020|COMMISSION 1|0|0.00
Z201_02A_122024_MASSENA.CSV||MC#01|FONC FIXES|FILE201|ZZ2|0080|2025-01-02|18:08|0021|COMMISSION 2|0|0.00
Z201_02A_122024_MASSENA.CSV||MC#01|FONC FIXES|FILE201|ZZ2|0080|2025-01-02|18:08|0022|CHANGE ESP 1|0|0.00
Z201_02A_122024_MASSENA.CSV||MC#01|FONC FIXES|FILE201|ZZ2|0080|2025-01-02|18:08|0023|CHANGE CHEQ1|0|0.00
Z201_02A_122024_MASSENA.CSV||MC#01|FONC FIXES|FILE201|ZZ2|0080|2025-01-02|18:08|0024|CHANGE ESP 2|0|0.00
Z201_02A_122024_MASSENA.CSV||MC#01|FONC FIXES|FILE201|ZZ2|0080|2025-01-02|18:08|0025|CHANGE CHEQ2|0|0.00
Z201_02A_122024_MASSENA.CSV||MC#01|FONC FIXES|FILE201|ZZ2|0080|2025-01-02|18:08|0026|TOTAL REMISE|0|0.00
Z201_02A_122024_MASSENA.CSV||MC#01|FONC FIXES|FILE201|ZZ2|0080|2025-01-02|18:08|0027||0|0.00
Z201_02A_122024_MASSENA.CSV||MC#01|FONC FIXES|FILE201|ZZ2|0080|2025-01-02|18:08|0028|RETOUR+ANNUL|0|0.00
Z201_02A_122024_MASSENA.CSV||MC#01|FONC FIXES|FILE201|ZZ2|0080|2025-01-02|18:08|0029|TL ARRONDI|0|0.00
Z201_02A_122024_MASSENA.CSV||MC#01|FONC FIXES|FILE201|ZZ2|0080|2025-01-02|18:08|0030|TL ARRONDI|0|0.00
Z201_02A_122024_MASSENA.CSV||MC#01|FONC FIXES|FILE201|ZZ2|0080|2025-01-02|18:08|0031|NUL TICKET|0|0.00
Z201_02A_122024_MASSENA.CSV||MC#01|FONC FIXES|FILE201|ZZ2|0080|2025-01-02|18:08|0032||0|0.00
Z201_02A_122024_MASSENA.CSV||MC#01|FONC FIXES|FILE201|ZZ2|0080|2025-01-02|18:08|0033|HORS TAXE 1|0|10827.95
Z201_02A_122024_MASSENA.CSV||MC#01|FONC FIXES|FILE201|ZZ2|0080|2025-01-02|18:08|0034|TVA 1|0|2165.65
Z201_02A_122024_MASSENA.CSV||MC#01|FONC FIXES|FILE201|ZZ2|0080|2025-01-02|18:08|0035|HORS TAXE 2|0|0.00
Z201_02A_122024_MASSENA.CSV||MC#01|FONC FIXES|FILE201|ZZ2|0080|2025-01-02|18:08|0036|TVA 2|0|0.00
Z201_02A_122024_MASSENA.CSV||MC#01|FONC FIXES|FILE201|ZZ2|0080|2025-01-02|18:08|0037|HORS TAXE 3|0|0.00
Z201_02A_122024_MASSENA.CSV||MC#01|FONC FIXES|FILE201|ZZ2|0080|2025-01-02|18:08|0038|TVA 3|0|0.00
Z201_02A_122024_MASSENA.CSV||MC#01|FONC FIXES|FILE201|ZZ2|0080|2025-01-02|18:08|0039|HORS TAXE 4|0|0.00
Z201_02A_122024_MASSENA.CSV||MC#01|FONC FIXES|FILE201|ZZ2|0080|2025-01-02|18:08|0040|TVA 4|0|0.00
Z201_02A_122024_MASSENA.CSV||MC#01|FONC FIXES|FILE201|ZZ2|0080|2025-01-02|18:08|0041|NON TAXABLE|0|0.00
Z201_03A_072024_MASSENA.CSV||MC#01|FONC FIXES|FILE201|ZZ2|0075|2024-08-03|16:47|0001|CA BRUT|77|27349.00
Z201_03A_072024_MASSENA.CSV||MC#01|FONC FIXES|FILE201|ZZ2|0075|2024-08-03|16:47|0002|CA NET|36|27349.00
Z201_03A_072024_MASSENA.CSV||MC#01|FONC FIXES|FILE201|ZZ2|0075|2024-08-03|16:47|0003|ESP.TIROIR|0|18210.00
Z201_03A_072024_MASSENA.CSV||MC#01|FONC FIXES|FILE201|ZZ2|0075|2024-08-03|16:47|0004|CB.TIROIR|0|9139.00
Z201_03A_072024_MASSENA.CSV||MC#01|FONC FIXES|FILE201|ZZ2|0075|2024-08-03|16:47|0005|CHQ.TIROIR|0|0.00
Z201_03A_072024_MASSENA.CSV||MC#01|FONC FIXES|FILE201|ZZ2|0075|2024-08-03|16:47|0006|CR.TIROIR(1)|0|0.00
Z201_03A_072024_MASSENA.CSV||MC#01|FONC FIXES|FILE201|ZZ2|0075|2024-08-03|16:47|0007|CR.TIROIR(2)|0|0.00
Z201_03A_072024_MASSENA.CSV||MC#01|FONC FIXES|FILE201|ZZ2|0075|2024-08-03|16:47|0008|CR.TIROIR(3)|0|0.00
Z201_03A_072024_MASSENA.CSV||MC#01|FONC FIXES|FILE201|ZZ2|0075|2024-08-03|16:47|0009|CR.TIROIR(4)|0|0.00
Z201_03A_072024_MASSENA.CSV||MC#01|FONC FIXES|FILE201|ZZ2|0075|2024-08-03|16:47|0010|ESP.TIROIR2|0|0.00
Z201_03A_072024_MASSENA.CSV||MC#01|FONC FIXES|FILE201|ZZ2|0075|2024-08-03|16:47|0011|CB.TIROIR2|0|0.00
Z201_03A_072024_MASSENA.CSV||MC#01|FONC FIXES|FILE201|ZZ2|0075|2024-08-03|16:47|0012|CHQ.TIROIR2|0|0.00
Z201_03A_072024_MASSENA.CSV||MC#01|FONC FIXES|FILE201|ZZ2|0075|2024-08-03|16:47|0013|CR.TIROI2(1)|0|0.00
Z201_03A_072024_MASSENA.CSV||MC#01|FONC FIXES|FILE201|ZZ2|0075|2024-08-03|16:47|0014|CR.TIROI2(2)|0|0.00
Z201_03A_072024_MASSENA.CSV||MC#01|FONC FIXES|FILE201|ZZ2|0075|2024-08-03|16:47|0015|CR.TIROI2(3)|0|0.00
Z201_03A_072024_MASSENA.CSV||MC#01|FONC FIXES|FILE201|ZZ2|0075|2024-08-03|16:47|0016|CR.TIROI2(4)|0|0.00
Z201_03A_072024_MASSENA.CSV||MC#01|FONC FIXES|FILE201|ZZ2|0075|2024-08-03|16:47|0017|RETOUR CLE|0|0.00
Z201_03A_072024_MASSENA.CSV||MC#01|FONC FIXES|FILE201|ZZ2|0075|2024-08-03|16:47|0018|CLIENTS|36|0.00
Z201_03A_072024_MASSENA.CSV||MC#01|FONC FIXES|FILE201|ZZ2|0075|2024-08-03|16:47|0019|PANIER MOYEN|0|0.00
Z201_03A_072024_MASSENA.CSV||MC#01|FONC FIXES|FILE201|ZZ2|0075|2024-08-03|16:47|0020|COMMISSION 1|0|0.00
Z201_03A_072024_MASSENA.CSV||MC#01|FONC FIXES|FILE201|ZZ2|0075|2024-08-03|16:47|0021|COMMISSION 2|0|0.00
Z201_03A_072024_MASSENA.CSV||MC#01|FONC FIXES|FILE201|ZZ2|0075|2024-08-03|16:47|0022|CHANGE ESP 1|0|0.00
Z201_03A_072024_MASSENA.CSV||MC#01|FONC FIXES|FILE201|ZZ2|0075|2024-08-03|16:47|0023|CHANGE CHEQ1|0|0.00
Z201_03A_072024_MASSENA.CSV||MC#01|FONC FIXES|FILE201|ZZ2|0075|2024-08-03|16:47|0024|CHANGE ESP 2|0|0.00
Z201_03A_072024_MASSENA.CSV||MC#01|FONC FIXES|FILE201|ZZ2|0075|2024-08-03|16:47|0025|CHANGE CHEQ2|0|0.00
Z201_03A_072024_MASSENA.CSV||MC#01|FONC FIXES|FILE201|ZZ2|0075|2024-08-03|16:47|0026|TOTAL REMISE|0|0.00
Z201_03A_072024_MASSENA.CSV||MC#01|FONC FIXES|FILE201|ZZ2|0075|2024-08-03|16:47|0027||0|0.00
Z201_03A_072024_MASSENA.CSV||MC#01|FONC FIXES|FILE201|ZZ2|0075|2024-08-03|16:47|0028|RETOUR+ANNUL|0|0.00
Z201_03A_072024_MASSENA.CSV||MC#01|FONC FIXES|FILE201|ZZ2|0075|2024-08-03|16:47|0029|TL ARRONDI|0|0.00
Z201_03A_072024_MASSENA.CSV||MC#01|FONC FIXES|FILE201|ZZ2|0075|2024-08-03|16:47|0030|TL ARRONDI|0|0.00
Z201_03A_072024_MASSENA.CSV||MC#01|FONC FIXES|FILE201|ZZ2|0075|2024-08-03|16:47|0031|NUL TICKET|0|0.00
Z201_03A_072024_MASSENA.CSV||MC#01|FONC FIXES|FILE201|ZZ2|0075|2024-08-03|16:47|0032||0|0.00
Z201_03A_072024_MASSENA.CSV||MC#01|FONC FIXES|FILE201|ZZ2|0075|2024-08-03|16:47|0033|HORS TAXE 1|0|22790.84
Z201_03A_072024_MASSENA.CSV||MC#01|FONC FIXES|FILE201|ZZ2|0075|2024-08-03|16:47|0034|TVA 1|0|4558.16
Z201_03A_072024_MASSENA.CSV||MC#01|FONC FIXES|FILE201|ZZ2|0075|2024-08-03|16:47|0035|HORS TAXE 2|0|0.00
Z201_03A_072024_MASSENA.CSV||MC#01|FONC FIXES|FILE201|ZZ2|0075|2024-08-03|16:47|0036|TVA 2|0|0.00
Z201_03A_072024_MASSENA.CSV||MC#01|FONC FIXES|FILE201|ZZ2|0075|2024-08-03|16:47|0037|HORS TAXE 3|0|0.00
Z201_03A_072024_MASSENA.CSV||MC#01|FONC FIXES|FILE201|ZZ2|0075|2024-08-03|16:47|0038|TVA 3|0|0.00
Z201_03A_072024_MASSENA.CSV||MC#01|FONC FIXES|FILE201|ZZ2|0075|2024-08-03|16:47|0039|HORS TAXE 4|0|0.00
Z201_03A_072024_MASSENA.CSV||MC#01|FONC FIXES|FILE201|ZZ2|0075|2024-08-03|16:47|0040|TVA 4|0|0.00
Z201_03A_072024_MASSENA.CSV||MC#01|FONC FIXES|FILE201|ZZ2|0075|2024-08-03|16:47|0041|NON TAXABLE|0|0.00
Z201_05A_102024_MASSENA.CSV||MC#01|FONC FIXES|FILE201|ZZ2|0078|2024-11-05|18:09|0001|CA BRUT|86|23588.70
Z201_05A_102024_MASSENA.CSV||MC#01|FONC FIXES|FILE201|ZZ2|0078|2024-11-05|18:09|0002|CA NET|43|23588.70
Z201_05A_102024_MASSENA.CSV||MC#01|FONC FIXES|FILE201|ZZ2|0078|2024-11-05|18:09|0003|ESP.TIROIR|0|22901.70
Z201_05A_102024_MASSENA.CSV||MC#01|FONC FIXES|FILE201|ZZ2|0078|2024-11-05|18:09|0004|CB.TIROIR|0|687.00
Z201_05A_102024_MASSENA.CSV||MC#01|FONC FIXES|FILE201|ZZ2|0078|2024-11-05|18:09|0005|CHQ.TIROIR|0|0.00
Z201_05A_102024_MASSENA.CSV||MC#01|FONC FIXES|FILE201|ZZ2|0078|2024-11-05|18:09|0006|CR.TIROIR(1)|0|0.00
Z201_05A_102024_MASSENA.CSV||MC#01|FONC FIXES|FILE201|ZZ2|0078|2024-11-05|18:09|0007|CR.TIROIR(2)|0|0.00
Z201_05A_102024_MASSENA.CSV||MC#01|FONC FIXES|FILE201|ZZ2|0078|2024-11-05|18:09|0008|CR.TIROIR(3)|0|0.00
Z201_05A_102024_MASSENA.CSV||MC#01|FONC FIXES|FILE201|ZZ2|0078|2024-11-05|18:09|0009|CR.TIROIR(4)|0|0.00
Z201_05A_102024_MASSENA.CSV||MC#01|FONC FIXES|FILE201|ZZ2|0078|2024-11-05|18:09|0010|ESP.TIROIR2|0|0.00
Z201_05A_102024_MASSENA.CSV||MC#01|FONC FIXES|FILE201|ZZ2|0078|2024-11-05|18:09|0011|CB.TIROIR2|0|0.00
Z201_05A_102024_MASSENA.CSV||MC#01|FONC FIXES|FILE201|ZZ2|0078|2024-11-05|18:09|0012|CHQ.TIROIR2|0|0.00
Z201_05A_102024_MASSENA.CSV||MC#01|FONC FIXES|FILE201|ZZ2|0078|2024-11-05|18:09|0013|CR.TIROI2(1)|0|0.00
Z201_05A_102024_MASSENA.CSV||MC#01|FONC FIXES|FILE201|ZZ2|0078|2024-11-05|18:09|0014|CR.TIROI2(2)|0|0.00
Z201_05A_102024_MASSENA.CSV||MC#01|FONC FIXES|FILE201|ZZ2|0078|2024-11-05|18:09|0015|CR.TIROI2(3)|0|0.00
Z201_05A_102024_MASSENA.CSV||MC#01|FONC FIXES|FILE201|ZZ2|0078|2024-11-05|18:09|0016|CR.TIROI2(4)|0|0.00
Z201_05A_102024_MASSENA.CSV||MC#01|FONC FIXES|FILE201|ZZ2|0078|2024-11-05|18:09|0017|RETOUR CLE|0|0.00
Z201_05A_102024_MASSENA.CSV||MC#01|FONC FIXES|FILE201|ZZ2|0078|2024-11-05|18:09|0018|CLIENTS|43|0.00
Z201_05A_102024_MASSENA.CSV||MC#01|FONC FIXES|FILE201|ZZ2|0078|2024-11-05|18:09|0019|PANIER MOYEN|0|0.00
Z201_05A_102024_MASSENA.CSV||MC#01|FONC FIXES|FILE201|ZZ2|0078|2024-11-05|18:09|0020|COMMISSION 1|0|0.00
Z201_05A_102024_MASSENA.CSV||MC#01|FONC FIXES|FILE201|ZZ2|0078|2024-11-05|18:09|0021|COMMISSION 2|0|0.00
Z201_05A_102024_MASSENA.CSV||MC#01|FONC FIXES|FILE201|ZZ2|0078|2024-11-05|18:09|0022|CHANGE ESP 1|0|0.00
Z201_05A_102024_MASSENA.CSV||MC#01|FONC FIXES|FILE201|ZZ2|0078|2024-11-05|18:09|0023|CHANGE CHEQ1|0|0.00
Z201_05A_102024_MASSENA.CSV||MC#01|FONC FIXES|FILE201|ZZ2|0078|2024-11-05|18:09|0024|CHANGE ESP 2|0|0.00
Z201_05A_102024_MASSENA.CSV||MC#01|FONC FIXES|FILE201|ZZ2|0078|2024-11-05|18:09|0025|CHANGE CHEQ2|0|0.00
Z201_05A_102024_MASSENA.CSV||MC#01|FONC FIXES|FILE201|ZZ2|0078|2024-11-05|18:09|0026|TOTAL REMISE|0|0.00
Z201_05A_102024_MASSENA.CSV||MC#01|FONC FIXES|FILE201|ZZ2|0078|2024-11-05|18:09|0027||0|0.00
Z201_05A_102024_MASSENA.CSV||MC#01|FONC FIXES|FILE201|ZZ2|0078|2024-11-05|18:09|0028|RETOUR+ANNUL|0|0.00
Z201_05A_102024_MASSENA.CSV||MC#01|FONC FIXES|FILE201|ZZ2|0078|2024-11-05|18:09|0029|TL ARRONDI|0|0.00
Z201_05A_102024_MASSENA.CSV||MC#01|FONC FIXES|FILE201|ZZ2|0078|2024-11-05|18:09|0030|TL ARRONDI|0|0.00
Z201_05A_102024_MASSENA.CSV||MC#01|FONC FIXES|FILE201|ZZ2|0078|2024-11-05|18:09|0031|NUL TICKET|0|0.00
Z201_05A_102024_MASSENA.CSV||MC#01|FONC FIXES|FILE201|ZZ2|0078|2024-11-05|18:09|0032||0|0.00
Z201_05A_102024_MASSENA.CSV||MC#01|FONC FIXES|FILE201|ZZ2|0078|2024-11-05|18:09|0033|HORS TAXE 1|0|19657.21
Z201_05A_102024_MASSENA.CSV||MC#01|FONC FIXES|FILE201|ZZ2|0078|2024-11-05|18:09|0034|TVA 1|0|3931.49
Z201_05A_102024_MASSENA.CSV||MC#01|FONC FIXES|FILE201|ZZ2|0078|2024-11-05|18:09|0035|HORS TAXE 2|0|0.00
Z201_05A_102024_MASSENA.CSV||MC#01|FONC FIXES|FILE201|ZZ2|0078|2024-11-05|18:09|0036|TVA 2|0|0.00
Z201_05A_102024_MASSENA.CSV||MC#01|FONC FIXES|FILE201|ZZ2|0078|2024-11-05|18:09|0037|HORS TAXE 3|0|0.00
Z201_05A_102024_MASSENA.CSV||MC#01|FONC FIXES|FILE201|ZZ2|0078|2024-11-05|18:09|0038|TVA 3|0|0.00
Z201_05A_102024_MASSENA.CSV||MC#01|FONC FIXES|FILE201|ZZ2|0078|2024-11-05|18:09|0039|HORS TAXE 4|0|0.00
Z201_05A_102024_MASSENA.CSV||MC#01|FONC FIXES|FILE201|ZZ2|0078|2024-11-05|18:09|0040|TVA 4|0|0.00
Z201_05A_102024_MASSENA.CSV||MC#01|FONC FIXES|FILE201|ZZ2|0078|2024-11-05|18:09|0041|NON TAXABLE|0|0.00
Z201_30A_042024_MASSENA.CSV||MC#01|FONC FIXES|FILE201|ZZ2|0072|2024-04-30|17:46|0001|CA BRUT|44|11491.70
Z201_30A_042024_MASSENA.CSV||MC#01|FONC FIXES|FILE201|ZZ2|0072|2024-04-30|17:46|0002|CA NET|25|11491.70
Z201_30A_042024_MASSENA.CSV||MC#01|FONC FIXES|FILE201|ZZ2|0072|2024-04-30|17:46|0003|ESP.TIROIR|0|2821.90
Z201_30A_042024_MASSENA.CSV||MC#01|FONC FIXES|FILE201|ZZ2|0072|2024-04-30|17:46|0004|CB.TIROIR|0|8669.80
Z201_30A_042024_MASSENA.CSV||MC#01|FONC FIXES|FILE201|ZZ2|0072|2024-04-30|17:46|0005|CHQ.TIROIR|0|0.00
Z201_30A_042024_MASSENA.CSV||MC#01|FONC FIXES|FILE201|ZZ2|0072|2024-04-30|17:46|0006|CR.TIROIR(1)|0|0.00
Z201_30A_042024_MASSENA.CSV||MC#01|FONC FIXES|FILE201|ZZ2|0072|2024-04-30|17:46|0007|CR.TIROIR(2)|0|0.00
Z201_30A_042024_MASSENA.CSV||MC#01|FONC FIXES|FILE201|ZZ2|0072|2024-04-30|17:46|0008|CR.TIROIR(3)|0|0.00
Z201_30A_042024_MASSENA.CSV||MC#01|FONC FIXES|FILE201|ZZ2|0072|2024-04-30|17:46|0009|CR.TIROIR(4)|0|0.00
Z201_30A_042024_MASSENA.CSV||MC#01|FONC FIXES|FILE201|ZZ2|0072|2024-04-30|17:46|0010|ESP.TIROIR2|0|0.00
Z201_30A_042024_MASSENA.CSV||MC#01|FONC FIXES|FILE201|ZZ2|0072|2024-04-30|17:46|0011|CB.TIROIR2|0|0.00
Z201_30A_042024_MASSENA.CSV||MC#01|FONC FIXES|FILE201|ZZ2|0072|2024-04-30|17:46|0012|CHQ.TIROIR2|0|0.00
Z201_30A_042024_MASSENA.CSV||MC#01|FONC FIXES|FILE201|ZZ2|0072|2024-04-30|17:46|0013|CR.TIROI2(1)|0|0.00
Z201_30A_042024_MASSENA.CSV||MC#01|FONC FIXES|FILE201|ZZ2|0072|2024-04-30|17:46|0014|CR.TIROI2(2)|0|0.00
Z201_30A_042024_MASSENA.CSV||MC#01|FONC FIXES|FILE201|ZZ2|0072|2024-04-30|17:46|0015|CR.TIROI2(3)|0|0.00
Z201_30A_042024_MASSENA.CSV||MC#01|FONC FIXES|FILE201|ZZ2|0072|2024-04-30|17:46|0016|CR.TIROI2(4)|0|0.00
Z201_30A_042024_MASSENA.CSV||MC#01|FONC FIXES|FILE201|ZZ2|0072|2024-04-30|17:46|0017|RETOUR CLE|0|0.00
Z201_30A_042024_MASSENA.CSV||MC#01|FONC FIXES|FILE201|ZZ2|0072|2024-04-30|17:46|0018|CLIENTS|25|0.00
Z201_30A_042024_MASSENA.CSV||MC#01|FONC FIXES|FILE201|ZZ2|0072|2024-04-30|17:46|0019|PANIER MOYEN|0|0.00
Z201_30A_042024_MASSENA.CSV||MC#01|FONC FIXES|FILE201|ZZ2|0072|2024-04-30|17:46|0020|COMMISSION 1|0|0.00
Z201_30A_042024_MASSENA.CSV||MC#01|FONC FIXES|FILE201|ZZ2|0072|2024-04-30|17:46|0021|COMMISSION 2|0|0.00
Z201_30A_042024_MASSENA.CSV||MC#01|FONC FIXES|FILE201|ZZ2|0072|2024-04-30|17:46|0022|CHANGE ESP 1|0|0.00
Z201_30A_042024_MASSENA.CSV||MC#01|FONC FIXES|FILE201|ZZ2|0072|2024-04-30|17:46|0023|CHANGE CHEQ1|0|0.00
Z201_30A_042024_MASSENA.CSV||MC#01|FONC FIXES|FILE201|ZZ2|0072|2024-04-30|17:46|0024|CHANGE ESP 2|0|0.00
Z201_30A_042024_MASSENA.CSV||MC#01|FONC FIXES|FILE201|ZZ2|0072|2024-04-30|17:46|0025|CHANGE CHEQ2|0|0.00
Z201_30A_042024_MASSENA.CSV||MC#01|FONC FIXES|FILE201|ZZ2|0072|2024-04-30|17:46|0026|TOTAL REMISE|0|0.00
Z201_30A_042024_MASSENA.CSV||MC#01|FONC FIXES|FILE201|ZZ2|0072|2024-04-30|17:46|0027||0|0.00
Z201_30A_042024_MASSENA.CSV||MC#01|FONC FIXES|FILE201|ZZ2|0072|2024-04-30|17:46|0028|RETOUR+ANNUL|0|0.00
Z201_30A_042024_MASSENA.CSV||MC#01|FONC FIXES|FILE201|ZZ2|0072|2024-04-30|17:46|0029|TL ARRONDI|0|0.00
Z201_30A_042024_MASSENA.CSV||MC#01|FONC FIXES|FILE201|ZZ2|0072|2024-04-30|17:46|0030|TL ARRONDI|0|0.00
Z201_30A_042024_MASSENA.CSV||MC#01|FONC FIXES|FILE201|ZZ2|0072|2024-04-30|17:46|0031|NUL TICKET|0|0.00
Z201_30A_042024_MASSENA.CSV||MC#01|FONC FIXES|FILE201|ZZ2|0072|2024-04-30|17:46|0032||0|0.00
Z201_30A_042024_MASSENA.CSV||MC#01|FONC FIXES|FILE201|ZZ2|0072|2024-04-30|17:46|0033|HORS TAXE 1|0|9576.41
Z201_30A_042024_MASSENA.CSV||MC#01|FONC FIXES|FILE201|ZZ2|0072|2024-04-30|17:46|0034|TVA 1|0|1915.29
Z201_30A_042024_MASSENA.CSV||MC#01|FONC FIXES|FILE201|ZZ2|0072|2024-04-30|17:46|0035|HORS TAXE 2|0|0.00
Z201_30A_042024_MASSENA.CSV||MC#01|FONC FIXES|FILE201|ZZ2|0072|2024-04-30|17:46|0036|TVA 2|0|0.00
Z201_30A_042024_MASSENA.CSV||MC#01|FONC FIXES|FILE201|ZZ2|0072|2024-04-30|17:46|0037|HORS TAXE 3|0|0.00
Z201_30A_042024_MASSENA.CSV||MC#01|FONC FIXES|FILE201|ZZ2|0072|2024-04-30|17:46|0038|TVA 3|0|0.00
Z201_30A_042024_MASSENA.CSV||MC#01|FONC FIXES|FILE201|ZZ2|0072|2024-04-30|17:46|0039|HORS TAXE 4|0|0.00
Z201_30A_042024_MASSENA.CSV||MC#01|FONC FIXES|FILE201|ZZ2|0072|2024-04-30|17:46|0040|TVA 4|0|0.00
Z201_30A_042024_MASSENA.CSV||MC#01|FONC FIXES|FILE201|ZZ2|0072|2024-04-30|17:46|0041|NON TAXABLE|0|0.00
Z201_30A_112024_MASSENA.CSV||MC#01|FONC FIXES|FILE201|ZZ2|0079|2024-11-30|18:38|0001|CA BRUT|21|4732.60
Z201_30A_112024_MASSENA.CSV||MC#01|FONC FIXES|FILE201|ZZ2|0079|2024-11-30|18:38|0002|CA NET|12|4732.60
Z201_30A_112024_MASSENA.CSV||MC#01|FONC FIXES|FILE201|ZZ2|0079|2024-11-30|18:38|0003|ESP.TIROIR|0|1746.00
Z201_30A_112024_MASSENA.CSV||MC#01|FONC FIXES|FILE201|ZZ2|0079|2024-11-30|18:38|0004|CB.TIROIR|0|2986.60
Z201_30A_112024_MASSENA.CSV||MC#01|FONC FIXES|FILE201|ZZ2|0079|2024-11-30|18:38|0005|CHQ.TIROIR|0|0.00
Z201_30A_112024_MASSENA.CSV||MC#01|FONC FIXES|FILE201|ZZ2|0079|2024-11-30|18:38|0006|CR.TIROIR(1)|0|0.00
Z201_30A_112024_MASSENA.CSV||MC#01|FONC FIXES|FILE201|ZZ2|0079|2024-11-30|18:38|0007|CR.TIROIR(2)|0|0.00
Z201_30A_112024_MASSENA.CSV||MC#01|FONC FIXES|FILE201|ZZ2|0079|2024-11-30|18:38|0008|CR.TIROIR(3)|0|0.00
Z201_30A_112024_MASSENA.CSV||MC#01|FONC FIXES|FILE201|ZZ2|0079|2024-11-30|18:38|0009|CR.TIROIR(4)|0|0.00
Z201_30A_112024_MASSENA.CSV||MC#01|FONC FIXES|FILE201|ZZ2|0079|2024-11-30|18:38|0010|ESP.TIROIR2|0|0.00
Z201_30A_112024_MASSENA.CSV||MC#01|FONC FIXES|FILE201|ZZ2|0079|2024-11-30|18:38|0011|CB.TIROIR2|0|0.00
Z201_30A_112024_MASSENA.CSV||MC#01|FONC FIXES|FILE201|ZZ2|0079|2024-11-30|18:38|0012|CHQ.TIROIR2|0|0.00
Z201_30A_112024_MASSENA.CSV||MC#01|FONC FIXES|FILE201|ZZ2|0079|2024-11-30|18:38|0013|CR.TIROI2(1)|0|0.00
Z201_30A_112024_MASSENA.CSV||MC#01|FONC FIXES|FILE201|ZZ2|0079|2024-11-30|18:38|0014|CR.TIROI2(2)|0|0.00
Z201_30A_112024_MASSENA.CSV||MC#01|FONC FIXES|FILE201|ZZ2|0079|2024-11-30|18:38|0015|CR.TIROI2(3)|0|0.00
Z201_30A_112024_MASSENA.CSV||MC#01|FONC FIXES|FILE201|ZZ2|0079|2024-11-30|18:38|0016|CR.TIROI2(4)|0|0.00
Z201_30A_112024_MASSENA.CSV||MC#01|FONC FIXES|FILE201|ZZ2|0079|2024-11-30|18:38|0017|RETOUR CLE|0|0.00
Z201_30A_112024_MASSENA.CSV||MC#01|FONC FIXES|FILE201|ZZ2|0079|2024-11-30|18:38|0018|CLIENTS|12|0.00
Z201_30A_112024_MASSENA.CSV||MC#01|FONC FIXES|FILE201|ZZ2|0079|2024-11-30|18:38|0019|PANIER MOYEN|0|0.00
Z201_30A_112024_MASSENA.CSV||MC#01|FONC FIXES|FILE201|ZZ2|0079|2024-11-30|18:38|0020|COMMISSION 1|0|0.00
Z201_30A_112024_MASSENA.CSV||MC#01|FONC FIXES|FILE201|ZZ2|0079|2024-11-30|18:38|0021|COMMISSION 2|0|0.00
Z201_30A_112024_MASSENA.CSV||MC#01|FONC FIXES|FILE201|ZZ2|0079|2024-11-30|18:38|0022|CHANGE ESP 1|0|0.00
Z201_30A_112024_MASSENA.CSV||MC#01|FONC FIXES|FILE201|ZZ2|0079|2024-11-30|18:38|0023|CHANGE CHEQ1|0|0.00
Z201_30A_112024_MASSENA.CSV||MC#01|FONC FIXES|FILE201|ZZ2|0079|2024-11-30|18:38|0024|CHANGE ESP 2|0|0.00
Z201_30A_112024_MASSENA.CSV||MC#01|FONC FIXES|FILE201|ZZ2|0079|2024-11-30|18:38|0025|CHANGE CHEQ2|0|0.00
Z201_30A_112024_MASSENA.CSV||MC#01|FONC FIXES|FILE201|ZZ2|0079|2024-11-30|18:38|0026|TOTAL REMISE|0|0.00
Z201_30A_112024_MASSENA.CSV||MC#01|FONC FIXES|FILE201|ZZ2|0079|2024-11-30|18:38|0027||0|0.00
Z201_30A_112024_MASSENA.CSV||MC#01|FONC FIXES|FILE201|ZZ2|0079|2024-11-30|18:38|0028|RETOUR+ANNUL|0|0.00
Z201_30A_112024_MASSENA.CSV||MC#01|FONC FIXES|FILE201|ZZ2|0079|2024-11-30|18:38|0029|TL ARRONDI|0|0.00
Z201_30A_112024_MASSENA.CSV||MC#01|FONC FIXES|FILE201|ZZ2|0079|2024-11-30|18:38|0030|TL ARRONDI|0|0.00
Z201_30A_112024_MASSENA.CSV||MC#01|FONC FIXES|FILE201|ZZ2|0079|2024-11-30|18:38|0031|NUL TICKET|0|0.00
Z201_30A_112024_MASSENA.CSV||MC#01|FONC FIXES|FILE201|ZZ2|0079|2024-11-30|18:38|0032||0|0.00
Z201_30A_112024_MASSENA.CSV||MC#01|FONC FIXES|FILE201|ZZ2|0079|2024-11-30|18:38|0033|HORS TAXE 1|0|3943.83
Z201_30A_112024_MASSENA.CSV||MC#01|FONC FIXES|FILE201|ZZ2|0079|2024-11-30|18:38|0034|TVA 1|0|788.77
Z201_30A_112024_MASSENA.CSV||MC#01|FONC FIXES|FILE201|ZZ2|0079|2024-11-30|18:38|0035|HORS TAXE 2|0|0.00
Z201_30A_112024_MASSENA.CSV||MC#01|FONC FIXES|FILE201|ZZ2|0079|2024-11-30|18:38|0036|TVA 2|0|0.00
Z201_30A_112024_MASSENA.CSV||MC#01|FONC FIXES|FILE201|ZZ2|0079|2024-11-30|18:38|0037|HORS TAXE 3|0|0.00
Z201_30A_112024_MASSENA.CSV||MC#01|FONC FIXES|FILE201|ZZ2|0079|2024-11-30|18:38|0038|TVA 3|0|0.00
Z201_30A_112024_MASSENA.CSV||MC#01|FONC FIXES|FILE201|ZZ2|0079|2024-11-30|18:38|0039|HORS TAXE 4|0|0.00
Z201_30A_112024_MASSENA.CSV||MC#01|FONC FIXES|FILE201|ZZ2|0079|2024-11-30|18:38|0040|TVA 4|0|0.00
Z201_30A_112024_MASSENA.CSV||MC#01|FONC FIXES|FILE201|ZZ2|0079|2024-11-30|18:38|0041|NON TAXABLE|0|0.00
